frame,frame_timestamp,ray_timestamp,ray_index,ray_id,x,y,z,intensity,distance,hit
1,0.100426,0.100426,0,0,7.093410,-0.309705,-0.310000,0.013884,7.106932,1
1,0.100426,0.100426,1,1,11.827200,-0.516385,-0.310000,0.008332,11.842525,1
1,0.100426,0.100426,2,2,35.488701,-1.549470,-0.310000,0.002778,35.523861,1
1,0.100426,0.100426,3,3,0.000000,0.000000,0.000000,0.000000,0.000000,0
1,0.100426,0.100426,4,4,0.000000,0.000000,0.000000,0.000000,0.000000,0
1,0.100426,0.100426,5,5,0.000000,0.000000,0.000000,0.000000,0.000000,0
1,0.100426,0.100426,6,6,7.097730,-0.185861,-0.310000,0.013884,7.106927,1
1,0.100426,0.100426,7,7,11.834400,-0.309894,-0.310000,0.008332,11.842515,1
1,0.100426,0.100426,8,8,35.510300,-0.929870,-0.310000,0.002778,35.523823,1
1,0.100426,0.100426,9,9,0.000000,0.000000,0.000000,0.000000,0.000000,0
1,0.100426,0.100426,10,10,0.000000,0.000000,0.000000,0.000000,0.000000,0
1,0.100426,0.100426,11,11,0.000000,0.000000,0.000000,0.000000,0.000000,0
1,0.100426,0.100426,12,12,7.099900,-0.061960,-0.310000,0.013884,7.106934,1
1,0.100426,0.100426,13,13,11.838000,-0.103308,-0.310000,0.008332,11.842508,1
1,0.100426,0.100426,14,14,35.521099,-0.309988,-0.310000,0.002778,35.523804,1
1,0.100426,0.100426,15,15,0.000000,0.000000,0.000000,0.000000,0.000000,0
1,0.100426,0.100426,16,16,0.000000,0.000000,0.000000,0.000000,0.000000,0
1,0.100426,0.100426,17,17,0.000000,0.000000,0.000000,0.000000,0.000000,0
1,0.100426,0.100426,18,18,7.099900,0.061960,-0.310000,0.013884,7.106934,1
1,0.100426,0.100426,19,19,11.838000,0.103308,-0.310000,0.008332,11.842508,1
1,0.100426,0.100426,20,20,35.521099,0.309988,-0.310000,0.002778,35.523804,1
1,0.100426,0.100426,21,21,0.000000,0.000000,0.000000,0.000000,0.000000,0
1,0.100426,0.100426,22,22,0.000000,0.000000,0.000000,0.000000,0.000000,0
1,0.100426,0.100426,23,23,0.000000,0.000000,0.000000,0.000000,0.000000,0
1,0.100426,0.100426,24,24,7.097730,0.185861,-0.310000,0.013884,7.106927,1
1,0.100426,0.100426,25,25,11.834400,0.309894,-0.310000,0.008332,11.842515,1
1,0.100426,0.100426,26,26,35.510300,0.929870,-0.310000,0.002778,35.523823,1
1,0.100426,0.100426,27,27,0.000000,0.000000,0.000000,0.000000,0.000000,0
1,0.100426,0.100426,28,28,0.000000,0.000000,0.000000,0.000000,0.000000,0
1,0.100426,0.100426,29,29,0.000000,0.000000,0.000000,0.000000,0.000000,0
1,0.100426,0.100426,30,30,7.093410,0.309705,-0.310000,0.013884,7.106932,1
1,0.100426,0.100426,31,31,11.827200,0.516385,-0.310000,0.008332,11.842525,1
1,0.100426,0.100426,32,32,35.488701,1.549470,-0.310000,0.002778,35.523861,1
1,0.100426,0.100426,33,33,0.000000,0.000000,0.000000,0.000000,0.000000,0
1,0.100426,0.100426,34,34,0.000000,0.000000,0.000000,0.000000,0.000000,0
1,0.100426,0.100426,35,35,0.000000,0.000000,0.000000,0.000000,0.000000,0
2,0.209934,0.209934,0,0,7.127070,-0.311175,-0.311471,0.013835,7.140656,1
2,0.209934,0.209934,1,1,11.911700,-0.520076,-0.312216,0.008283,11.927135,1
2,0.209934,0.209934,2,2,36.174801,-1.579420,-0.315993,0.002728,36.210640,1
2,0.209934,0.209934,3,3,0.000000,0.000000,0.000000,0.000000,0.000000,0
2,0.209934,0.209934,4,4,0.000000,0.000000,0.000000,0.000000,0.000000,0
2,0.209934,0.209934,5,5,0.000000,0.000000,0.000000,0.000000,0.000000,0
2,0.209934,0.209934,6,6,7.131430,-0.186743,-0.311472,0.013835,7.140671,1
2,0.209934,0.209934,7,7,11.919000,-0.312110,-0.312217,0.008283,11.927172,1
2,0.209934,0.209934,8,8,36.197201,-0.947858,-0.315997,0.002728,36.210987,1
2,0.209934,0.209934,9,9,0.000000,0.000000,0.000000,0.000000,0.000000,0
2,0.209934,0.209934,10,10,0.000000,0.000000,0.000000,0.000000,0.000000,0
2,0.209934,0.209934,11,11,0.000000,0.000000,0.000000,0.000000,0.000000,0
2,0.209934,0.209934,12,12,7.133610,-0.062254,-0.311472,0.013835,7.140678,1
2,0.209934,0.209934,13,13,11.922700,-0.104047,-0.312218,0.008283,11.927240,1
2,0.209934,0.209934,14,14,36.208500,-0.315986,-0.315998,0.002728,36.211258,1
2,0.209934,0.209934,15,15,0.000000,0.000000,0.000000,0.000000,0.000000,0
2,0.209934,0.209934,16,16,0.000000,0.000000,0.000000,0.000000,0.000000,0
2,0.209934,0.209934,17,17,0.000000,0.000000,0.000000,0.000000,0.000000,0
2,0.209934,0.209934,18,18,7.133610,0.062254,-0.311472,0.013835,7.140678,1
2,0.209934,0.209934,19,19,11.922700,0.104047,-0.312218,0.008283,11.927240,1
2,0.209934,0.209934,20,20,36.208500,0.315986,-0.315998,0.002728,36.211258,1
2,0.209934,0.209934,21,21,0.000000,0.000000,0.000000,0.000000,0.000000,0
2,0.209934,0.209934,22,22,0.000000,0.000000,0.000000,0.000000,0.000000,0
2,0.209934,0.209934,23,23,0.000000,0.000000,0.000000,0.000000,0.000000,0
2,0.209934,0.209934,24,24,7.131430,0.186743,-0.311472,0.013835,7.140671,1
2,0.209934,0.209934,25,25,11.919000,0.312110,-0.312217,0.008283,11.927172,1
2,0.209934,0.209934,26,26,36.197201,0.947858,-0.315997,0.002728,36.210987,1
2,0.209934,0.209934,27,27,0.000000,0.000000,0.000000,0.000000,0.000000,0
2,0.209934,0.209934,28,28,0.000000,0.000000,0.000000,0.000000,0.000000,0
2,0.209934,0.209934,29,29,0.000000,0.000000,0.000000,0.000000,0.000000,0
2,0.209934,0.209934,30,30,7.127070,0.311175,-0.311471,0.013835,7.140656,1
2,0.209934,0.209934,31,31,11.911700,0.520076,-0.312216,0.008283,11.927135,1
2,0.209934,0.209934,32,32,36.174801,1.579420,-0.315993,0.002728,36.210640,1
2,0.209934,0.209934,33,33,0.000000,0.000000,0.000000,0.000000,0.000000,0
2,0.209934,0.209934,34,34,0.000000,0.000000,0.000000,0.000000,0.000000,0
2,0.209934,0.209934,35,35,0.000000,0.000000,0.000000,0.000000,0.000000,0
3,0.309794,0.309794,0,0,7.207630,-0.314692,-0.314992,0.013718,7.221370,1
3,0.309794,0.309794,1,1,12.115600,-0.528979,-0.317561,0.008166,12.131299,1
3,0.309794,0.309794,2,2,37.899300,-1.654720,-0.331057,0.002611,37.936852,1
3,0.309794,0.309794,3,3,0.000000,0.000000,0.000000,0.000000,0.000000,0
3,0.309794,0.309794,4,4,0.000000,0.000000,0.000000,0.000000,0.000000,0
3,0.309794,0.309794,5,5,0.000000,0.000000,0.000000,0.000000,0.000000,0
3,0.309794,0.309794,6,6,7.212080,-0.188855,-0.314994,0.013718,7.221426,1
3,0.309794,0.309794,7,7,12.123200,-0.317456,-0.317565,0.008166,12.131514,1
3,0.309794,0.309794,8,8,37.923901,-0.993072,-0.331070,0.002611,37.938347,1
3,0.309794,0.309794,9,9,0.000000,0.000000,0.000000,0.000000,0.000000,0
3,0.309794,0.309794,10,10,0.000000,0.000000,0.000000,0.000000,0.000000,0
3,0.309794,0.309794,11,11,0.000000,0.000000,0.000000,0.000000,0.000000,0
3,0.309794,0.309794,12,12,7.214300,-0.062958,-0.314995,0.013718,7.221448,1
3,0.309794,0.309794,13,13,12.126900,-0.105830,-0.317567,0.008166,12.131518,1
3,0.309794,0.309794,14,14,37.936199,-0.331064,-0.331077,0.002611,37.939087,1
3,0.309794,0.309794,15,15,0.000000,0.000000,0.000000,0.000000,0.000000,0
3,0.309794,0.309794,16,16,0.000000,0.000000,0.000000,0.000000,0.000000,0
3,0.309794,0.309794,17,17,0.000000,0.000000,0.000000,0.000000,0.000000,0
3,0.309794,0.309794,18,18,7.214300,0.062958,-0.314995,0.013718,7.221448,1
3,0.309794,0.309794,19,19,12.126900,0.105830,-0.317567,0.008166,12.131518,1
3,0.309794,0.309794,20,20,37.936199,0.331064,-0.331077,0.002611,37.939087,1
3,0.309794,0.309794,21,21,0.000000,0.000000,0.000000,0.000000,0.000000,0
3,0.309794,0.309794,22,22,0.000000,0.000000,0.000000,0.000000,0.000000,0
3,0.309794,0.309794,23,23,0.000000,0.000000,0.000000,0.000000,0.000000,0
3,0.309794,0.309794,24,24,7.212080,0.188855,-0.314994,0.013718,7.221426,1
3,0.309794,0.309794,25,25,12.123200,0.317456,-0.317565,0.008166,12.131514,1
3,0.309794,0.309794,26,26,37.923901,0.993072,-0.331070,0.002611,37.938347,1
3,0.309794,0.309794,27,27,0.000000,0.000000,0.000000,0.000000,0.000000,0
3,0.309794,0.309794,28,28,0.000000,0.000000,0.000000,0.000000,0.000000,0
3,0.309794,0.309794,29,29,0.000000,0.000000,0.000000,0.000000,0.000000,0
3,0.309794,0.309794,30,30,7.207630,0.314692,-0.314992,0.013718,7.221370,1
3,0.309794,0.309794,31,31,12.115600,0.528979,-0.317561,0.008166,12.131299,1
3,0.309794,0.309794,32,32,37.290401,1.628140,-0.325739,0.002611,37.327351,1
3,0.309794,0.309794,33,33,0.000000,0.000000,0.000000,0.000000,0.000000,0
3,0.309794,0.309794,34,34,0.000000,0.000000,0.000000,0.000000,0.000000,0
3,0.309794,0.309794,35,35,0.000000,0.000000,0.000000,0.000000,0.000000,0
4,0.400525,0.400525,0,0,7.304260,-0.318911,-0.319215,0.013581,7.318184,1
4,0.400525,0.400525,1,1,12.363200,-0.539790,-0.324051,0.008028,12.379221,1
4,0.400525,0.400525,2,2,40.136799,-1.752410,-0.350602,0.002474,40.176567,1
4,0.400525,0.400525,3,3,0.000000,0.000000,0.000000,0.000000,0.000000,0
4,0.400525,0.400525,4,4,0.000000,0.000000,0.000000,0.000000,0.000000,0
4,0.400525,0.400525,5,5,0.000000,0.000000,0.000000,0.000000,0.000000,0
4,0.400525,0.400525,6,6,7.308810,-0.191388,-0.319219,0.013581,7.318281,1
4,0.400525,0.400525,7,7,12.371100,-0.323947,-0.324058,0.008028,12.379583,1
4,0.400525,0.400525,8,8,40.164299,-1.051740,-0.350628,0.002474,40.179596,1
4,0.400525,0.400525,9,9,0.000000,0.000000,0.000000,0.000000,0.000000,0
4,0.400525,0.400525,10,10,0.000000,0.000000,0.000000,0.000000,0.000000,0
4,0.400525,0.400525,11,11,0.000000,0.000000,0.000000,0.000000,0.000000,0
4,0.400525,0.400525,12,12,7.311090,-0.063803,-0.319221,0.013581,7.318334,1
4,0.400525,0.400525,13,13,12.375000,-0.107995,-0.324062,0.008028,12.379713,1
4,0.400525,0.400525,14,14,40.178001,-0.350628,-0.350641,0.002473,40.181061,1
4,0.400525,0.400525,15,15,0.000000,0.000000,0.000000,0.000000,0.000000,0
4,0.400525,0.400525,16,16,0.000000,0.000000,0.000000,0.000000,0.000000,0
4,0.400525,0.400525,17,17,0.000000,0.000000,0.000000,0.000000,0.000000,0
4,0.400525,0.400525,18,18,7.311090,0.063803,-0.319221,0.013581,7.318334,1
4,0.400525,0.400525,19,19,12.375000,0.107995,-0.324062,0.008028,12.379713,1
4,0.400525,0.400525,20,20,40.178001,0.350628,-0.350641,0.002473,40.181061,1
4,0.400525,0.400525,21,21,0.000000,0.000000,0.000000,0.000000,0.000000,0
4,0.400525,0.400525,22,22,0.000000,0.000000,0.000000,0.000000,0.000000,0
4,0.400525,0.400525,23,23,0.000000,0.000000,0.000000,0.000000,0.000000,0
4,0.400525,0.400525,24,24,7.308810,0.191388,-0.319219,0.013581,7.318281,1
4,0.400525,0.400525,25,25,12.371100,0.323948,-0.324059,0.008028,12.379583,1
4,0.400525,0.400525,26,26,40.164299,1.051740,-0.350628,0.002474,40.179596,1
4,0.400525,0.400525,27,27,0.000000,0.000000,0.000000,0.000000,0.000000,0
4,0.400525,0.400525,28,28,0.000000,0.000000,0.000000,0.000000,0.000000,0
4,0.400525,0.400525,29,29,0.000000,0.000000,0.000000,0.000000,0.000000,0
4,0.400525,0.400525,30,30,7.304260,0.318911,-0.319215,0.013581,7.318184,1
4,0.400525,0.400525,31,31,12.363200,0.539790,-0.324051,0.008028,12.379221,1
4,0.400525,0.400525,32,32,39.493999,1.724350,-0.344988,0.002474,39.533131,1
4,0.400525,0.400525,33,33,0.000000,0.000000,0.000000,0.000000,0.000000,0
4,0.400525,0.400525,34,34,0.000000,0.000000,0.000000,0.000000,0.000000,0
4,0.400525,0.400525,35,35,0.000000,0.000000,0.000000,0.000000,0.000000,0
5,0.500123,0.500123,0,0,7.437120,-0.324712,-0.325021,0.013397,7.451297,1
5,0.500123,0.500123,1,1,12.709100,-0.554893,-0.333117,0.007844,12.725568,1
5,0.500123,0.500123,2,2,43.558498,-1.901800,-0.380491,0.002289,43.601654,1
5,0.500123,0.500123,3,3,0.000000,0.000000,0.000000,0.000000,0.000000,0
5,0.500123,0.500123,4,4,0.000000,0.000000,0.000000,0.000000,0.000000,0
5,0.500123,0.500123,5,5,0.000000,0.000000,0.000000,0.000000,0.000000,0
5,0.500123,0.500123,6,6,7.441830,-0.194871,-0.325028,0.013396,7.451473,1
5,0.500123,0.500123,7,7,12.717400,-0.333016,-0.333130,0.007844,12.726120,1
5,0.500123,0.500123,8,8,43.590698,-1.141460,-0.380541,0.002289,43.607300,1
5,0.500123,0.500123,9,9,0.000000,0.000000,0.000000,0.000000,0.000000,0
5,0.500123,0.500123,10,10,0.000000,0.000000,0.000000,0.000000,0.000000,0
5,0.500123,0.500123,11,11,0.000000,0.000000,0.000000,0.000000,0.000000,0
5,0.500123,0.500123,12,12,7.444180,-0.064964,-0.325032,0.013396,7.451556,1
5,0.500123,0.500123,13,13,12.721500,-0.111019,-0.333136,0.007844,12.726346,1
5,0.500123,0.500123,14,14,43.606800,-0.380551,-0.380565,0.002289,43.610119,1
5,0.500123,0.500123,15,15,0.000000,0.000000,0.000000,0.000000,0.000000,0
5,0.500123,0.500123,16,16,0.000000,0.000000,0.000000,0.000000,0.000000,0
5,0.500123,0.500123,17,17,0.000000,0.000000,0.000000,0.000000,0.000000,0
5,0.500123,0.500123,18,18,7.444170,0.064964,-0.325032,0.013396,7.451546,1
5,0.500123,0.500123,19,19,12.721500,0.111019,-0.333136,0.007844,12.726346,1
5,0.500123,0.500123,20,20,43.606800,0.380551,-0.380565,0.002289,43.610119,1
5,0.500123,0.500123,21,21,0.000000,0.000000,0.000000,0.000000,0.000000,0
5,0.500123,0.500123,22,22,0.000000,0.000000,0.000000,0.000000,0.000000,0
5,0.500123,0.500123,23,23,0.000000,0.000000,0.000000,0.000000,0.000000,0
5,0.500123,0.500123,24,24,7.441830,0.194871,-0.325028,0.013396,7.451473,1
5,0.500123,0.500123,25,25,12.717400,0.333016,-0.333130,0.007844,12.726120,1
5,0.500123,0.500123,26,26,43.590698,1.141460,-0.380541,0.002289,43.607300,1
5,0.500123,0.500123,27,27,0.000000,0.000000,0.000000,0.000000,0.000000,0
5,0.500123,0.500123,28,28,0.000000,0.000000,0.000000,0.000000,0.000000,0
5,0.500123,0.500123,29,29,0.000000,0.000000,0.000000,0.000000,0.000000,0
5,0.500123,0.500123,30,30,7.437120,0.324712,-0.325021,0.013397,7.451297,1
5,0.500123,0.500123,31,31,12.709100,0.554892,-0.333117,0.007844,12.725568,1
5,0.500123,0.500123,32,32,42.863998,1.871480,-0.374425,0.002289,42.906467,1
5,0.500123,0.500123,33,33,0.000000,0.000000,0.000000,0.000000,0.000000,0
5,0.500123,0.500123,34,34,0.000000,0.000000,0.000000,0.000000,0.000000,0
5,0.500123,0.500123,35,35,0.000000,0.000000,0.000000,0.000000,0.000000,0
6,0.609668,0.609668,0,0,7.606170,-0.332092,-0.332409,0.013169,7.620670,1
6,0.609668,0.609668,1,1,13.159000,-0.574535,-0.344909,0.007617,13.176052,1
6,0.609668,0.609668,2,2,48.625198,-2.123020,-0.424750,0.002062,48.673378,1
6,0.609668,0.609668,3,3,0.000000,0.000000,0.000000,0.000000,0.000000,0
6,0.609668,0.609668,4,4,0.000000,0.000000,0.000000,0.000000,0.000000,0
6,0.609668,0.609668,5,5,0.000000,0.000000,0.000000,0.000000,0.000000,0
6,0.609668,0.609668,6,6,7.611060,-0.199303,-0.332420,0.013169,7.620923,1
6,0.609668,0.609668,7,7,13.167800,-0.344811,-0.344929,0.007616,13.176829,1
6,0.609668,0.609668,8,8,48.665100,-1.274340,-0.424839,0.002061,48.683636,1
6,0.609668,0.609668,9,9,0.000000,0.000000,0.000000,0.000000,0.000000,0
6,0.609668,0.609668,10,10,0.000000,0.000000,0.000000,0.000000,0.000000,0
6,0.609668,0.609668,11,11,0.000000,0.000000,0.000000,0.000000,0.000000,0
6,0.609668,0.609668,12,12,7.613500,-0.066442,-0.332425,0.013169,7.621044,1
6,0.609668,0.609668,13,13,13.172200,-0.114952,-0.344939,0.007616,13.177217,1
6,0.609668,0.609668,14,14,48.685101,-0.424868,-0.424884,0.002061,48.688805,1
6,0.609668,0.609668,15,15,0.000000,0.000000,0.000000,0.000000,0.000000,0
6,0.609668,0.609668,16,16,0.000000,0.000000,0.000000,0.000000,0.000000,0
6,0.609668,0.609668,17,17,0.000000,0.000000,0.000000,0.000000,0.000000,0
6,0.609668,0.609668,18,18,7.613500,0.066442,-0.332425,0.013169,7.621044,1
6,0.609668,0.609668,19,19,13.172200,0.114952,-0.344939,0.007616,13.177217,1
6,0.609668,0.609668,20,20,48.685101,0.424868,-0.424884,0.002061,48.688805,1
6,0.609668,0.609668,21,21,0.000000,0.000000,0.000000,0.000000,0.000000,0
6,0.609668,0.609668,22,22,0.000000,0.000000,0.000000,0.000000,0.000000,0
6,0.609668,0.609668,23,23,0.000000,0.000000,0.000000,0.000000,0.000000,0
6,0.609668,0.609668,24,24,7.611060,0.199302,-0.332420,0.013169,7.620923,1
6,0.609668,0.609668,25,25,13.167800,0.344811,-0.344929,0.007616,13.176829,1
6,0.609668,0.609668,26,26,48.665100,1.274340,-0.424839,0.002061,48.683636,1
6,0.609668,0.609668,27,27,0.000000,0.000000,0.000000,0.000000,0.000000,0
6,0.609668,0.609668,28,28,0.000000,0.000000,0.000000,0.000000,0.000000,0
6,0.609668,0.609668,29,29,0.000000,0.000000,0.000000,0.000000,0.000000,0
6,0.609668,0.609668,30,30,7.606170,0.332092,-0.332409,0.013169,7.620670,1
6,0.609668,0.609668,31,31,13.159000,0.574535,-0.344909,0.007617,13.176052,1
6,0.609668,0.609668,32,32,48.625099,2.123020,-0.424749,0.002062,48.673279,1
6,0.609668,0.609668,33,33,0.000000,0.000000,0.000000,0.000000,0.000000,0
6,0.609668,0.609668,34,34,0.000000,0.000000,0.000000,0.000000,0.000000,0
6,0.609668,0.609668,35,35,0.000000,0.000000,0.000000,0.000000,0.000000,0
7,0.700342,0.700342,0,0,7.766730,-0.339103,-0.339426,0.012961,7.781536,1
7,0.700342,0.700342,1,1,13.596200,-0.593621,-0.356367,0.007409,13.613818,1
7,0.700342,0.700342,2,2,54.357800,-2.373310,-0.474826,0.001854,54.411655,1
7,0.700342,0.700342,3,3,0.000000,0.000000,0.000000,0.000000,0.000000,0
7,0.700342,0.700342,4,4,0.000000,0.000000,0.000000,0.000000,0.000000,0
7,0.700342,0.700342,5,5,0.000000,0.000000,0.000000,0.000000,0.000000,0
7,0.700342,0.700342,6,6,7.771810,-0.203512,-0.339441,0.012961,7.781881,1
7,0.700342,0.700342,7,7,13.605500,-0.356272,-0.356394,0.007408,13.614829,1
7,0.700342,0.700342,8,8,54.407501,-1.424710,-0.474970,0.001853,54.428226,1
7,0.700342,0.700342,9,9,0.000000,0.000000,0.000000,0.000000,0.000000,0
7,0.700342,0.700342,10,10,0.000000,0.000000,0.000000,0.000000,0.000000,0
7,0.700342,0.700342,11,11,0.000000,0.000000,0.000000,0.000000,0.000000,0
7,0.700342,0.700342,12,12,7.774340,-0.067846,-0.339448,0.012960,7.782043,1
7,0.700342,0.700342,13,13,13.610100,-0.118774,-0.356408,0.007408,13.615284,1
7,0.700342,0.700342,14,14,54.432301,-0.475024,-0.475042,0.001853,54.436443,1
7,0.700342,0.700342,15,15,0.000000,0.000000,0.000000,0.000000,0.000000,0
7,0.700342,0.700342,16,16,0.000000,0.000000,0.000000,0.000000,0.000000,0
7,0.700342,0.700342,17,17,0.000000,0.000000,0.000000,0.000000,0.000000,0
7,0.700342,0.700342,18,18,7.774340,0.067846,-0.339448,0.012960,7.782043,1
7,0.700342,0.700342,19,19,13.610100,0.118774,-0.356408,0.007408,13.615284,1
7,0.700342,0.700342,20,20,54.432301,0.475023,-0.475041,0.001853,54.436443,1
7,0.700342,0.700342,21,21,0.000000,0.000000,0.000000,0.000000,0.000000,0
7,0.700342,0.700342,22,22,0.000000,0.000000,0.000000,0.000000,0.000000,0
7,0.700342,0.700342,23,23,0.000000,0.000000,0.000000,0.000000,0.000000,0
7,0.700342,0.700342,24,24,7.771810,0.203512,-0.339441,0.012961,7.781881,1
7,0.700342,0.700342,25,25,13.605500,0.356272,-0.356394,0.007408,13.614829,1
7,0.700342,0.700342,26,26,54.407398,1.424710,-0.474969,0.001853,54.428120,1
7,0.700342,0.700342,27,27,0.000000,0.000000,0.000000,0.000000,0.000000,0
7,0.700342,0.700342,28,28,0.000000,0.000000,0.000000,0.000000,0.000000,0
7,0.700342,0.700342,29,29,0.000000,0.000000,0.000000,0.000000,0.000000,0
7,0.700342,0.700342,30,30,7.766730,0.339103,-0.339426,0.012961,7.781536,1
7,0.700342,0.700342,31,31,13.596100,0.593621,-0.356367,0.007409,13.613718,1
7,0.700342,0.700342,32,32,54.357700,2.373310,-0.474824,0.001854,54.411556,1
7,0.700342,0.700342,33,33,0.000000,0.000000,0.000000,0.000000,0.000000,0
7,0.700342,0.700342,34,34,0.000000,0.000000,0.000000,0.000000,0.000000,0
7,0.700342,0.700342,35,35,0.000000,0.000000,0.000000,0.000000,0.000000,0
8,0.809861,0.809861,0,0,7.936790,-0.346528,-0.346858,0.012748,7.951920,1
8,0.809861,0.809861,1,1,14.070100,-0.614313,-0.368789,0.007196,14.088332,1
8,0.809861,0.809861,2,2,61.727402,-2.695070,-0.539200,0.001641,61.788563,1
8,0.809861,0.809861,3,3,0.000000,0.000000,0.000000,0.000000,0.000000,0
8,0.809861,0.809861,4,4,0.000000,0.000000,0.000000,0.000000,0.000000,0
8,0.809861,0.809861,5,5,0.000000,0.000000,0.000000,0.000000,0.000000,0
8,0.809861,0.809861,6,6,7.942060,-0.207970,-0.346877,0.012748,7.952351,1
8,0.809861,0.809861,7,7,14.080000,-0.368698,-0.368824,0.007195,14.089655,1
8,0.809861,0.809861,8,8,61.791000,-1.618050,-0.539427,0.001640,61.814537,1
8,0.809861,0.809861,9,9,0.000000,0.000000,0.000000,0.000000,0.000000,0
8,0.809861,0.809861,10,10,0.000000,0.000000,0.000000,0.000000,0.000000,0
8,0.809861,0.809861,11,11,0.000000,0.000000,0.000000,0.000000,0.000000,0
8,0.809861,0.809861,12,12,7.944690,-0.069332,-0.346886,0.012747,7.952562,1
8,0.809861,0.809861,13,13,14.085000,-0.122918,-0.368842,0.007195,14.090364,1
8,0.809861,0.809861,14,14,61.822800,-0.539520,-0.539540,0.001640,61.827507,1
8,0.809861,0.809861,15,15,0.000000,0.000000,0.000000,0.000000,0.000000,0
8,0.809861,0.809861,16,16,0.000000,0.000000,0.000000,0.000000,0.000000,0
8,0.809861,0.809861,17,17,0.000000,0.000000,0.000000,0.000000,0.000000,0
8,0.809861,0.809861,18,18,7.944690,0.069332,-0.346886,0.012747,7.952562,1
8,0.809861,0.809861,19,19,14.085000,0.122918,-0.368842,0.007195,14.090364,1
8,0.809861,0.809861,20,20,61.822701,0.539519,-0.539539,0.001640,61.827408,1
8,0.809861,0.809861,21,21,0.000000,0.000000,0.000000,0.000000,0.000000,0
8,0.809861,0.809861,22,22,0.000000,0.000000,0.000000,0.000000,0.000000,0
8,0.809861,0.809861,23,23,0.000000,0.000000,0.000000,0.000000,0.000000,0
8,0.809861,0.809861,24,24,7.942050,0.207970,-0.346876,0.012748,7.952341,1
8,0.809861,0.809861,25,25,14.080000,0.368697,-0.368824,0.007195,14.089655,1
8,0.809861,0.809861,26,26,61.790699,1.618050,-0.539424,0.001640,61.814236,1
8,0.809861,0.809861,27,27,0.000000,0.000000,0.000000,0.000000,0.000000,0
8,0.809861,0.809861,28,28,0.000000,0.000000,0.000000,0.000000,0.000000,0
8,0.809861,0.809861,29,29,0.000000,0.000000,0.000000,0.000000,0.000000,0
8,0.809861,0.809861,30,30,7.936780,0.346527,-0.346857,0.012748,7.951910,1
8,0.809861,0.809861,31,31,14.070000,0.614312,-0.368788,0.007196,14.088232,1
8,0.809861,0.809861,32,32,61.726898,2.695050,-0.539196,0.001641,61.788055,1
8,0.809861,0.809861,33,33,0.000000,0.000000,0.000000,0.000000,0.000000,0
8,0.809861,0.809861,34,34,0.000000,0.000000,0.000000,0.000000,0.000000,0
8,0.809861,0.809861,35,35,0.000000,0.000000,0.000000,0.000000,0.000000,0
9,0.900515,0.900515,0,0,8.051120,-0.351520,-0.351855,0.012610,8.066467,1
9,0.900515,0.900515,1,1,14.395000,-0.628498,-0.377305,0.007057,14.413653,1
9,0.900515,0.900515,2,2,67.653801,-2.953830,-0.590968,0.001502,67.720833,1
9,0.900515,0.900515,3,3,0.000000,0.000000,0.000000,0.000000,0.000000,0
9,0.900515,0.900515,4,4,0.000000,0.000000,0.000000,0.000000,0.000000,0
9,0.900515,0.900515,5,5,0.000000,0.000000,0.000000,0.000000,0.000000,0
9,0.900515,0.900515,6,6,8.056530,-0.210967,-0.351876,0.012609,8.066970,1
9,0.900515,0.900515,7,7,14.405300,-0.377217,-0.377346,0.007056,14.415177,1
9,0.900515,0.900515,8,8,67.729897,-1.773570,-0.591273,0.001501,67.755692,1
9,0.900515,0.900515,9,9,0.000000,0.000000,0.000000,0.000000,0.000000,0
9,0.900515,0.900515,10,10,0.000000,0.000000,0.000000,0.000000,0.000000,0
9,0.900515,0.900515,11,11,0.000000,0.000000,0.000000,0.000000,0.000000,0
9,0.900515,0.900515,12,12,8.059230,-0.070332,-0.351887,0.012609,8.067215,1
9,0.900515,0.900515,13,13,14.410500,-0.125758,-0.377367,0.007056,14.415988,1
9,0.900515,0.900515,14,14,67.767899,-0.591402,-0.591424,0.001501,67.773056,1
9,0.900515,0.900515,15,15,0.000000,0.000000,0.000000,0.000000,0.000000,0
9,0.900515,0.900515,16,16,0.000000,0.000000,0.000000,0.000000,0.000000,0
9,0.900515,0.900515,17,17,0.000000,0.000000,0.000000,0.000000,0.000000,0
9,0.900515,0.900515,18,18,8.059220,0.070332,-0.351887,0.012609,8.067205,1
9,0.900515,0.900515,19,19,14.410500,0.125758,-0.377366,0.007056,14.415988,1
9,0.900515,0.900515,20,20,67.767700,0.591400,-0.591423,0.001501,67.772858,1
9,0.900515,0.900515,21,21,0.000000,0.000000,0.000000,0.000000,0.000000,0
9,0.900515,0.900515,22,22,0.000000,0.000000,0.000000,0.000000,0.000000,0
9,0.900515,0.900515,23,23,0.000000,0.000000,0.000000,0.000000,0.000000,0
9,0.900515,0.900515,24,24,8.056520,0.210967,-0.351876,0.012609,8.066960,1
9,0.900515,0.900515,25,25,14.405300,0.377216,-0.377345,0.007056,14.415177,1
9,0.900515,0.900515,26,26,66.669601,1.745800,-0.582016,0.001501,66.695000,1
9,0.900515,0.900515,27,27,0.000000,0.000000,0.000000,0.000000,0.000000,0
9,0.900515,0.900515,28,28,0.000000,0.000000,0.000000,0.000000,0.000000,0
9,0.900515,0.900515,29,29,0.000000,0.000000,0.000000,0.000000,0.000000,0
9,0.900515,0.900515,30,30,8.051110,0.351519,-0.351854,0.012610,8.066458,1
9,0.900515,0.900515,31,31,14.394900,0.628496,-0.377304,0.007057,14.413553,1
9,0.900515,0.900515,32,32,67.652802,2.953790,-0.590960,0.001502,67.719833,1
9,0.900515,0.900515,33,33,0.000000,0.000000,0.000000,0.000000,0.000000,0
9,0.900515,0.900515,34,34,0.000000,0.000000,0.000000,0.000000,0.000000,0
9,0.900515,0.900515,35,35,0.000000,0.000000,0.000000,0.000000,0.000000,0
10,1.000110,1.000110,0,0,8.158200,-0.356195,-0.356534,0.012483,8.173752,1
10,1.000110,1.000110,1,1,14.704000,-0.641989,-0.385404,0.006930,14.723054,1
10,1.000110,1.000110,2,2,74.120399,-3.236170,-0.647455,0.001375,74.193840,1
10,1.000110,1.000110,3,3,0.000000,0.000000,0.000000,0.000000,0.000000,0
10,1.000110,1.000110,4,4,0.000000,0.000000,0.000000,0.000000,0.000000,0
10,1.000110,1.000110,5,5,0.000000,0.000000,0.000000,0.000000,0.000000,0
10,1.000110,1.000110,6,6,8.163730,-0.213775,-0.356558,0.012482,8.174309,1
10,1.000110,1.000110,7,7,14.714700,-0.385319,-0.385451,0.006929,14.724790,1
10,1.000110,1.000110,8,8,74.211304,-1.943290,-0.647854,0.001374,74.239571,1
10,1.000110,1.000110,9,9,0.000000,0.000000,0.000000,0.000000,0.000000,0
10,1.000110,1.000110,10,10,0.000000,0.000000,0.000000,0.000000,0.000000,0
10,1.000110,1.000110,11,11,0.000000,0.000000,0.000000,0.000000,0.000000,0
10,1.000110,1.000110,12,12,8.166490,-0.071268,-0.356570,0.012482,8.174582,1
10,1.000110,1.000110,13,13,14.720100,-0.128460,-0.385474,0.006929,14.725707,1
10,1.000110,1.000110,14,14,74.256599,-0.648028,-0.648053,0.001374,74.262253,1
10,1.000110,1.000110,15,15,0.000000,0.000000,0.000000,0.000000,0.000000,0
10,1.000110,1.000110,16,16,0.000000,0.000000,0.000000,0.000000,0.000000,0
10,1.000110,1.000110,17,17,0.000000,0.000000,0.000000,0.000000,0.000000,0
10,1.000110,1.000110,18,18,8.166480,0.071268,-0.356570,0.012482,8.174572,1
10,1.000110,1.000110,19,19,14.720100,0.128460,-0.385474,0.006929,14.725707,1
10,1.000110,1.000110,20,20,74.256203,0.648024,-0.648049,0.001374,74.261856,1
10,1.000110,1.000110,21,21,0.000000,0.000000,0.000000,0.000000,0.000000,0
10,1.000110,1.000110,22,22,0.000000,0.000000,0.000000,0.000000,0.000000,0
10,1.000110,1.000110,23,23,0.000000,0.000000,0.000000,0.000000,0.000000,0
10,1.000110,1.000110,24,24,8.163710,0.213774,-0.356558,0.012482,8.174289,1
10,1.000110,1.000110,25,25,14.714700,0.385317,-0.385449,0.006929,14.724790,1
10,1.000110,1.000110,26,26,73.052597,1.912950,-0.637739,0.001374,73.080421,1
10,1.000110,1.000110,27,27,0.000000,0.000000,0.000000,0.000000,0.000000,0
10,1.000110,1.000110,28,28,0.000000,0.000000,0.000000,0.000000,0.000000,0
10,1.000110,1.000110,29,29,0.000000,0.000000,0.000000,0.000000,0.000000,0
10,1.000110,1.000110,30,30,8.158180,0.356194,-0.356533,0.012483,8.173732,1
10,1.000110,1.000110,31,31,14.703900,0.641985,-0.385401,0.006930,14.722953,1
10,1.000110,1.000110,32,32,74.118401,3.236080,-0.647438,0.001375,74.191833,1
10,1.000110,1.000110,33,33,0.000000,0.000000,0.000000,0.000000,0.000000,0
10,1.000110,1.000110,34,34,0.000000,0.000000,0.000000,0.000000,0.000000,0
10,1.000110,1.000110,35,35,0.000000,0.000000,0.000000,0.000000,0.000000,0
11,1.100520,1.100520,0,0,8.246080,-0.360032,-0.360375,0.012380,8.261800,1
11,1.100520,1.100520,1,1,14.962800,-0.653290,-0.392188,0.006827,14.982189,1
11,1.100520,1.100520,2,2,80.355202,-3.508380,-0.701917,0.001272,80.434814,1
11,1.100520,1.100520,3,3,0.000000,0.000000,0.000000,0.000000,0.000000,0
11,1.100520,1.100520,4,4,0.000000,0.000000,0.000000,0.000000,0.000000,0
11,1.100520,1.100520,5,5,0.000000,0.000000,0.000000,0.000000,0.000000,0
11,1.100520,1.100520,6,6,8.251710,-0.216079,-0.360401,0.012379,8.262403,1
11,1.100520,1.100520,7,7,14.973900,-0.392106,-0.392240,0.006826,14.984168,1
11,1.100520,1.100520,8,8,80.461601,-2.106960,-0.702418,0.001271,80.492249,1
11,1.100520,1.100520,9,9,0.000000,0.000000,0.000000,0.000000,0.000000,0
11,1.100520,1.100520,10,10,0.000000,0.000000,0.000000,0.000000,0.000000,0
11,1.100520,1.100520,11,11,0.000000,0.000000,0.000000,0.000000,0.000000,0
11,1.100520,1.100520,12,12,8.254520,-0.072036,-0.360414,0.012378,8.262699,1
11,1.100520,1.100520,13,13,14.979500,-0.130724,-0.392266,0.006825,14.985206,1
11,1.100520,1.100520,14,14,80.514397,-0.702639,-0.702666,0.001270,80.520523,1
11,1.100520,1.100520,15,15,0.000000,0.000000,0.000000,0.000000,0.000000,0
11,1.100520,1.100520,16,16,0.000000,0.000000,0.000000,0.000000,0.000000,0
11,1.100520,1.100520,17,17,0.000000,0.000000,0.000000,0.000000,0.000000,0
11,1.100520,1.100520,18,18,8.254510,0.072036,-0.360414,0.012378,8.262689,1
11,1.100520,1.100520,19,19,14.979400,0.130724,-0.392265,0.006825,14.985106,1
11,1.100520,1.100520,20,20,80.513702,0.702632,-0.702659,0.001270,80.519829,1
11,1.100520,1.100520,21,21,0.000000,0.000000,0.000000,0.000000,0.000000,0
11,1.100520,1.100520,22,22,0.000000,0.000000,0.000000,0.000000,0.000000,0
11,1.100520,1.100520,23,23,0.000000,0.000000,0.000000,0.000000,0.000000,0
11,1.100520,1.100520,24,24,8.251690,0.216078,-0.360400,0.012379,8.262383,1
11,1.100520,1.100520,25,25,14.973800,0.392104,-0.392238,0.006826,14.984068,1
11,1.100520,1.100520,26,26,80.459297,2.106900,-0.702398,0.001271,80.489944,1
11,1.100520,1.100520,27,27,0.000000,0.000000,0.000000,0.000000,0.000000,0
11,1.100520,1.100520,28,28,0.000000,0.000000,0.000000,0.000000,0.000000,0
11,1.100520,1.100520,29,29,0.000000,0.000000,0.000000,0.000000,0.000000,0
11,1.100520,1.100520,30,30,8.246040,0.360030,-0.360373,0.012380,8.261760,1
11,1.100520,1.100520,31,31,14.962700,0.653284,-0.392185,0.006827,14.982088,1
11,1.100520,1.100520,32,32,80.351501,3.508220,-0.701885,0.001272,80.431114,1
11,1.100520,1.100520,33,33,0.000000,0.000000,0.000000,0.000000,0.000000,0
11,1.100520,1.100520,34,34,0.000000,0.000000,0.000000,0.000000,0.000000,0
11,1.100520,1.100520,35,35,0.000000,0.000000,0.000000,0.000000,0.000000,0
12,1.200250,1.200250,0,0,8.313780,-0.362987,-0.363333,0.012307,8.329628,1
12,1.200250,1.200250,1,1,15.158200,-0.661820,-0.397309,0.006754,15.177842,1
12,1.200250,1.200250,2,2,85.400803,-3.728680,-0.745991,0.001199,85.485413,1
12,1.200250,1.200250,3,3,0.000000,0.000000,0.000000,0.000000,0.000000,0
12,1.200250,1.200250,4,4,0.000000,0.000000,0.000000,0.000000,0.000000,0
12,1.200250,1.200250,5,5,0.000000,0.000000,0.000000,0.000000,0.000000,0
12,1.200250,1.200250,6,6,8.319490,-0.217853,-0.363361,0.012306,8.330271,1
12,1.200250,1.200250,7,7,15.169500,-0.397228,-0.397364,0.006753,15.179902,1
12,1.200250,1.200250,8,8,85.520302,-2.239430,-0.746580,0.001198,85.552879,1
12,1.200250,1.200250,9,9,0.000000,0.000000,0.000000,0.000000,0.000000,0
12,1.200250,1.200250,10,10,0.000000,0.000000,0.000000,0.000000,0.000000,0
12,1.200250,1.200250,11,11,0.000000,0.000000,0.000000,0.000000,0.000000,0
12,1.200250,1.200250,12,12,8.322340,-0.072628,-0.363375,0.012306,8.330585,1
12,1.200250,1.200250,13,13,15.175200,-0.132432,-0.397392,0.006753,15.180980,1
12,1.200250,1.200250,14,14,85.579498,-0.746841,-0.746870,0.001198,85.586014,1
12,1.200250,1.200250,15,15,0.000000,0.000000,0.000000,0.000000,0.000000,0
12,1.200250,1.200250,16,16,0.000000,0.000000,0.000000,0.000000,0.000000,0
12,1.200250,1.200250,17,17,0.000000,0.000000,0.000000,0.000000,0.000000,0
12,1.200250,1.200250,18,18,8.322330,0.072628,-0.363374,0.012306,8.330576,1
12,1.200250,1.200250,19,19,15.175200,0.132432,-0.397391,0.006753,15.180980,1
12,1.200250,1.200250,20,20,85.578400,0.746831,-0.746859,0.001198,85.584915,1
12,1.200250,1.200250,21,21,0.000000,0.000000,0.000000,0.000000,0.000000,0
12,1.200250,1.200250,22,22,0.000000,0.000000,0.000000,0.000000,0.000000,0
12,1.200250,1.200250,23,23,0.000000,0.000000,0.000000,0.000000,0.000000,0
12,1.200250,1.200250,24,24,8.319460,0.217853,-0.363360,0.012306,8.330241,1
12,1.200250,1.200250,25,25,15.169400,0.397225,-0.397361,0.006753,15.179802,1
12,1.200250,1.200250,26,26,85.516701,2.239330,-0.746549,0.001198,85.549271,1
12,1.200250,1.200250,27,27,0.000000,0.000000,0.000000,0.000000,0.000000,0
12,1.200250,1.200250,28,28,0.000000,0.000000,0.000000,0.000000,0.000000,0
12,1.200250,1.200250,29,29,0.000000,0.000000,0.000000,0.000000,0.000000,0
12,1.200250,1.200250,30,30,8.313720,0.362985,-0.363331,0.012307,8.329568,1
12,1.200250,1.200250,31,31,15.158000,0.661812,-0.397304,0.006754,15.177642,1
12,1.200250,1.200250,32,32,85.394897,3.728420,-0.745940,0.001199,85.479507,1
12,1.200250,1.200250,33,33,0.000000,0.000000,0.000000,0.000000,0.000000,0
12,1.200250,1.200250,34,34,0.000000,0.000000,0.000000,0.000000,0.000000,0
12,1.200250,1.200250,35,35,0.000000,0.000000,0.000000,0.000000,0.000000,0
13,1.309770,1.309770,0,0,8.385130,-0.366103,-0.366451,0.012226,8.401114,1
13,1.309770,1.309770,1,1,15.372400,-0.671175,-0.402925,0.006673,15.392320,1
13,1.309770,1.309770,2,2,91.795197,-4.007870,-0.801848,0.001118,91.886147,1
13,1.309770,1.309770,3,3,0.000000,0.000000,0.000000,0.000000,0.000000,0
13,1.309770,1.309770,4,4,0.000000,0.000000,0.000000,0.000000,0.000000,0
13,1.309770,1.309770,5,5,0.000000,0.000000,0.000000,0.000000,0.000000,0
13,1.309770,1.309770,6,6,8.390920,-0.219724,-0.366481,0.012225,8.401793,1
13,1.309770,1.309770,7,7,15.384100,-0.402846,-0.402984,0.006672,15.394650,1
13,1.309770,1.309770,8,8,91.932404,-2.407330,-0.802557,0.001117,91.967415,1
13,1.309770,1.309770,9,9,0.000000,0.000000,0.000000,0.000000,0.000000,0
13,1.309770,1.309770,10,10,0.000000,0.000000,0.000000,0.000000,0.000000,0
13,1.309770,1.309770,11,11,0.000000,0.000000,0.000000,0.000000,0.000000,0
13,1.309770,1.309770,12,12,8.393800,-0.073252,-0.366495,0.012224,8.402116,1
13,1.309770,1.309770,13,13,15.389900,-0.134305,-0.403014,0.006671,15.395761,1
13,1.309770,1.309770,14,14,92.000099,-0.802872,-0.802903,0.001116,92.007103,1
13,1.309770,1.309770,15,15,0.000000,0.000000,0.000000,0.000000,0.000000,0
13,1.309770,1.309770,16,16,0.000000,0.000000,0.000000,0.000000,0.000000,0
13,1.309770,1.309770,17,17,0.000000,0.000000,0.000000,0.000000,0.000000,0
13,1.309770,1.309770,18,18,8.393790,0.073252,-0.366495,0.012225,8.402106,1
13,1.309770,1.309770,19,19,15.389800,0.134305,-0.403012,0.006671,15.395661,1
13,1.309770,1.309770,20,20,88.728600,0.774323,-0.774352,0.109641,88.735359,1
13,1.309770,1.309770,21,21,0.000000,0.000000,0.000000,0.000000,0.000000,0
13,1.309770,1.309770,22,22,0.000000,0.000000,0.000000,0.000000,0.000000,0
13,1.309770,1.309770,23,23,0.000000,0.000000,0.000000,0.000000,0.000000,0
13,1.309770,1.309770,24,24,8.390870,0.219723,-0.366479,0.012225,8.401743,1
13,1.309770,1.309770,25,25,15.383900,0.402842,-0.402980,0.006672,15.394448,1
13,1.309770,1.309770,26,26,91.926300,2.407170,-0.802504,0.001117,91.961311,1
13,1.309770,1.309770,27,27,0.000000,0.000000,0.000000,0.000000,0.000000,0
13,1.309770,1.309770,28,28,0.000000,0.000000,0.000000,0.000000,0.000000,0
13,1.309770,1.309770,29,29,0.000000,0.000000,0.000000,0.000000,0.000000,0
13,1.309770,1.309770,30,30,8.385050,0.366099,-0.366448,0.012226,8.401033,1
13,1.309770,1.309770,31,31,15.372100,0.671162,-0.402917,0.006673,15.392019,1
13,1.309770,1.309770,32,32,91.785103,4.007420,-0.801759,0.001118,91.876045,1
13,1.309770,1.309770,33,33,0.000000,0.000000,0.000000,0.000000,0.000000,0
13,1.309770,1.309770,34,34,0.000000,0.000000,0.000000,0.000000,0.000000,0
13,1.309770,1.309770,35,35,0.000000,0.000000,0.000000,0.000000,0.000000,0
14,1.409860,1.409860,0,0,8.437000,-0.368367,-0.368718,0.012169,8.453084,1
14,1.409860,1.409860,1,1,15.527700,-0.677954,-0.406995,0.006616,15.547822,1
14,1.409860,1.409860,2,2,96.843803,-4.228290,-0.845949,0.001061,96.939758,1
14,1.409860,1.409860,3,3,0.000000,0.000000,0.000000,0.000000,0.000000,0
14,1.409860,1.409860,4,4,0.000000,0.000000,0.000000,0.000000,0.000000,0
14,1.409860,1.409860,5,5,0.000000,0.000000,0.000000,0.000000,0.000000,0
14,1.409860,1.409860,6,6,8.442840,-0.221084,-0.368749,0.012168,8.453780,1
14,1.409860,1.409860,7,7,15.539500,-0.406917,-0.407057,0.006615,15.550157,1
14,1.409860,1.409860,8,8,96.995499,-2.539920,-0.846757,0.001060,97.032440,1
14,1.409860,1.409860,9,9,0.000000,0.000000,0.000000,0.000000,0.000000,0
14,1.409860,1.409860,10,10,0.000000,0.000000,0.000000,0.000000,0.000000,0
14,1.409860,1.409860,11,11,0.000000,0.000000,0.000000,0.000000,0.000000,0
14,1.409860,1.409860,12,12,8.445750,-0.073705,-0.368764,0.012168,8.454118,1
14,1.409860,1.409860,13,13,15.545400,-0.135663,-0.407087,0.006615,15.551321,1
14,1.409860,1.409860,14,14,97.069901,-0.847116,-0.847149,0.001060,97.077293,1
14,1.409860,1.409860,15,15,0.000000,0.000000,0.000000,0.000000,0.000000,0
14,1.409860,1.409860,16,16,0.000000,0.000000,0.000000,0.000000,0.000000,0
14,1.409860,1.409860,17,17,0.000000,0.000000,0.000000,0.000000,0.000000,0
14,1.409860,1.409860,18,18,8.445730,0.073705,-0.368763,0.012168,8.454099,1
14,1.409860,1.409860,19,19,15.545400,0.135662,-0.407085,0.006615,15.551321,1
14,1.409860,1.409860,20,20,88.504799,0.772369,-0.772399,0.109694,88.511543,1
14,1.409860,1.409860,21,21,0.000000,0.000000,0.000000,0.000000,0.000000,0
14,1.409860,1.409860,22,22,0.000000,0.000000,0.000000,0.000000,0.000000,0
14,1.409860,1.409860,23,23,0.000000,0.000000,0.000000,0.000000,0.000000,0
14,1.409860,1.409860,24,24,8.442770,0.221082,-0.368746,0.012168,8.453710,1
14,1.409860,1.409860,25,25,15.539300,0.406911,-0.407051,0.006615,15.549955,1
14,1.409860,1.409860,26,26,96.986397,2.539680,-0.846678,0.001060,97.023338,1
14,1.409860,1.409860,27,27,0.000000,0.000000,0.000000,0.000000,0.000000,0
14,1.409860,1.409860,28,28,0.000000,0.000000,0.000000,0.000000,0.000000,0
14,1.409860,1.409860,29,29,0.000000,0.000000,0.000000,0.000000,0.000000,0
14,1.409860,1.409860,30,30,8.436880,0.368362,-0.368713,0.012169,8.452963,1
14,1.409860,1.409860,31,31,15.527300,0.677937,-0.406984,0.006616,15.547421,1
14,1.409860,1.409860,32,32,96.828697,4.227630,-0.845816,0.001061,96.924637,1
14,1.409860,1.409860,33,33,0.000000,0.000000,0.000000,0.000000,0.000000,0
14,1.409860,1.409860,34,34,0.000000,0.000000,0.000000,0.000000,0.000000,0
14,1.409860,1.409860,35,35,0.000000,0.000000,0.000000,0.000000,0.000000,0
15,1.509640,1.509640,0,0,8.480930,-0.370286,-0.370638,0.012122,8.497098,1
15,1.509640,1.509640,1,1,15.659900,-0.683725,-0.410459,0.006569,15.680192,1
15,1.509640,1.509640,2,2,101.492996,-4.431290,-0.886562,0.001014,101.593559,1
15,1.509640,1.509640,3,3,0.000000,0.000000,0.000000,0.000000,0.000000,0
15,1.509640,1.509640,4,4,0.000000,0.000000,0.000000,0.000000,0.000000,0
15,1.509640,1.509640,5,5,0.000000,0.000000,0.000000,0.000000,0.000000,0
15,1.509640,1.509640,6,6,8.486830,-0.222235,-0.370670,0.012121,8.497827,1
15,1.509640,1.509640,7,7,15.671900,-0.410383,-0.410523,0.006568,15.682646,1
15,1.509640,1.509640,8,8,101.658997,-2.662020,-0.887465,0.001013,101.697716,1
15,1.509640,1.509640,9,9,0.000000,0.000000,0.000000,0.000000,0.000000,0
15,1.509640,1.509640,10,10,0.000000,0.000000,0.000000,0.000000,0.000000,0
15,1.509640,1.509640,11,11,0.000000,0.000000,0.000000,0.000000,0.000000,0
15,1.509640,1.509640,12,12,8.489760,-0.074089,-0.370685,0.012121,8.498172,1
15,1.509640,1.509640,13,13,15.677800,-0.136818,-0.410554,0.006567,15.683771,1
15,1.509640,1.509640,14,14,101.738998,-0.887865,-0.887899,0.001012,101.746750,1
15,1.509640,1.509640,15,15,0.000000,0.000000,0.000000,0.000000,0.000000,0
15,1.509640,1.509640,16,16,0.000000,0.000000,0.000000,0.000000,0.000000,0
15,1.509640,1.509640,17,17,0.000000,0.000000,0.000000,0.000000,0.000000,0
15,1.509640,1.509640,18,18,8.489730,0.074089,-0.370684,0.012121,8.498141,1
15,1.509640,1.509640,19,19,15.677700,0.136817,-0.410551,0.006567,15.683672,1
15,1.509640,1.509640,20,20,88.286697,0.770466,-0.770496,0.206088,88.293427,1
15,1.509640,1.509640,21,21,0.000000,0.000000,0.000000,0.000000,0.000000,0
15,1.509640,1.509640,22,22,0.000000,0.000000,0.000000,0.000000,0.000000,0
15,1.509640,1.509640,23,23,0.000000,0.000000,0.000000,0.000000,0.000000,0
15,1.509640,1.509640,24,24,8.486740,0.222233,-0.370666,0.012121,8.497737,1
15,1.509640,1.509640,25,25,15.671600,0.410375,-0.410515,0.006568,15.682346,1
15,1.509640,1.509640,26,26,101.646004,2.661680,-0.887352,0.001013,101.684723,1
15,1.509640,1.509640,27,27,0.000000,0.000000,0.000000,0.000000,0.000000,0
15,1.509640,1.509640,28,28,0.000000,0.000000,0.000000,0.000000,0.000000,0
15,1.509640,1.509640,29,29,0.000000,0.000000,0.000000,0.000000,0.000000,0
15,1.509640,1.509640,30,30,8.480780,0.370279,-0.370632,0.012122,8.496946,1
15,1.509640,1.509640,31,31,15.659400,0.683702,-0.410445,0.006569,15.679692,1
15,1.509640,1.509640,32,32,101.472000,4.430350,-0.886373,0.001014,101.572540,1
15,1.509640,1.509640,33,33,0.000000,0.000000,0.000000,0.000000,0.000000,0
15,1.509640,1.509640,34,34,0.000000,0.000000,0.000000,0.000000,0.000000,0
15,1.509640,1.509640,35,35,0.000000,0.000000,0.000000,0.000000,0.000000,0
16,1.600100,1.600100,0,0,8.515020,-0.371774,-0.372128,0.012086,8.531252,1
16,1.600100,1.600100,1,1,15.762200,-0.688194,-0.413142,0.006533,15.782625,1
16,1.600100,1.600100,2,2,105.316002,-4.598200,-0.919955,0.000978,105.420349,1
16,1.600100,1.600100,3,3,0.000000,0.000000,0.000000,0.000000,0.000000,0
16,1.600100,1.600100,4,4,0.000000,0.000000,0.000000,0.000000,0.000000,0
16,1.600100,1.600100,5,5,0.000000,0.000000,0.000000,0.000000,0.000000,0
16,1.600100,1.600100,6,6,8.520950,-0.223129,-0.372160,0.012085,8.531992,1
16,1.600100,1.600100,7,7,15.774400,-0.413067,-0.413208,0.006532,15.785216,1
16,1.600100,1.600100,8,8,105.492996,-2.762430,-0.920938,0.000977,105.533173,1
16,1.600100,1.600100,9,9,0.000000,0.000000,0.000000,0.000000,0.000000,0
16,1.600100,1.600100,10,10,0.000000,0.000000,0.000000,0.000000,0.000000,0
16,1.600100,1.600100,11,11,0.000000,0.000000,0.000000,0.000000,0.000000,0
16,1.600100,1.600100,12,12,8.523890,-0.074387,-0.372175,0.012085,8.532334,1
16,1.600100,1.600100,13,13,15.780400,-0.137713,-0.413240,0.006532,15.786410,1
16,1.600100,1.600100,14,14,105.579002,-0.921371,-0.921406,0.000977,105.587044,1
16,1.600100,1.600100,15,15,0.000000,0.000000,0.000000,0.000000,0.000000,0
16,1.600100,1.600100,16,16,0.000000,0.000000,0.000000,0.000000,0.000000,0
16,1.600100,1.600100,17,17,0.000000,0.000000,0.000000,0.000000,0.000000,0
16,1.600100,1.600100,18,18,8.523850,0.074387,-0.372174,0.012085,8.532296,1
16,1.600100,1.600100,19,19,15.780300,0.137712,-0.413236,0.006532,15.786310,1
16,1.600100,1.600100,20,20,88.085800,0.768713,-0.768743,0.206115,88.092506,1
16,1.600100,1.600100,21,21,0.000000,0.000000,0.000000,0.000000,0.000000,0
16,1.600100,1.600100,22,22,0.000000,0.000000,0.000000,0.000000,0.000000,0
16,1.600100,1.600100,23,23,0.000000,0.000000,0.000000,0.000000,0.000000,0
16,1.600100,1.600100,24,24,8.520830,0.223126,-0.372155,0.012085,8.531871,1
16,1.600100,1.600100,25,25,15.774000,0.413057,-0.413198,0.006532,15.784816,1
16,1.600100,1.600100,26,26,105.475998,2.761980,-0.920788,0.000977,105.516174,1
16,1.600100,1.600100,27,27,0.000000,0.000000,0.000000,0.000000,0.000000,0
16,1.600100,1.600100,28,28,0.000000,0.000000,0.000000,0.000000,0.000000,0
16,1.600100,1.600100,29,29,0.000000,0.000000,0.000000,0.000000,0.000000,0
16,1.600100,1.600100,30,30,8.514830,0.371765,-0.372120,0.012087,8.531061,1
16,1.600100,1.600100,31,31,15.761600,0.688167,-0.413125,0.006533,15.782023,1
16,1.600100,1.600100,32,32,105.288002,4.596950,-0.919706,0.000978,105.392319,1
16,1.600100,1.600100,33,33,0.000000,0.000000,0.000000,0.000000,0.000000,0
16,1.600100,1.600100,34,34,0.000000,0.000000,0.000000,0.000000,0.000000,0
16,1.600100,1.600100,35,35,0.000000,0.000000,0.000000,0.000000,0.000000,0
17,1.700240,1.700240,0,0,8.547420,-0.373188,-0.373544,0.012052,8.563713,1
17,1.700240,1.700240,1,1,15.860200,-0.692471,-0.415710,0.006499,15.880753,1
17,1.700240,1.700240,2,2,109.209000,-4.768160,-0.953959,0.000944,109.317200,1
17,1.700240,1.700240,3,3,0.000000,0.000000,0.000000,0.000000,0.000000,0
17,1.700240,1.700240,4,4,0.000000,0.000000,0.000000,0.000000,0.000000,0
17,1.700240,1.700240,5,5,0.000000,0.000000,0.000000,0.000000,0.000000,0
17,1.700240,1.700240,6,6,8.553380,-0.223978,-0.373577,0.012051,8.564464,1
17,1.700240,1.700240,7,7,15.872400,-0.415634,-0.415777,0.006498,15.883284,1
17,1.700240,1.700240,8,8,109.397003,-2.864670,-0.955023,0.000943,109.438667,1
17,1.700240,1.700240,9,9,0.000000,0.000000,0.000000,0.000000,0.000000,0
17,1.700240,1.700240,10,10,0.000000,0.000000,0.000000,0.000000,0.000000,0
17,1.700240,1.700240,11,11,0.000000,0.000000,0.000000,0.000000,0.000000,0
17,1.700240,1.700240,12,12,8.556330,-0.074670,-0.373592,0.012051,8.564808,1
17,1.700240,1.700240,13,13,15.878500,-0.138569,-0.415808,0.006498,15.884547,1
17,1.700240,1.700240,14,14,109.487999,-0.955487,-0.955523,0.000943,109.496338,1
17,1.700240,1.700240,15,15,0.000000,0.000000,0.000000,0.000000,0.000000,0
17,1.700240,1.700240,16,16,0.000000,0.000000,0.000000,0.000000,0.000000,0
17,1.700240,1.700240,17,17,0.000000,0.000000,0.000000,0.000000,0.000000,0
17,1.700240,1.700240,18,18,8.556290,0.074670,-0.373590,0.012051,8.564767,1
17,1.700240,1.700240,19,19,15.878300,0.138568,-0.415804,0.006498,15.884348,1
17,1.700240,1.700240,20,20,87.849403,0.766650,-0.766679,0.206141,87.856094,1
17,1.700240,1.700240,21,21,0.000000,0.000000,0.000000,0.000000,0.000000,0
17,1.700240,1.700240,22,22,0.000000,0.000000,0.000000,0.000000,0.000000,0
17,1.700240,1.700240,23,23,0.000000,0.000000,0.000000,0.000000,0.000000,0
17,1.700240,1.700240,24,24,8.553240,0.223974,-0.373570,0.012052,8.564323,1
17,1.700240,1.700240,25,25,15.872000,0.415622,-0.415764,0.006498,15.882884,1
17,1.700240,1.700240,26,26,109.375000,2.864070,-0.954824,0.000943,109.416664,1
17,1.700240,1.700240,27,27,0.000000,0.000000,0.000000,0.000000,0.000000,0
17,1.700240,1.700240,28,28,0.000000,0.000000,0.000000,0.000000,0.000000,0
17,1.700240,1.700240,29,29,0.000000,0.000000,0.000000,0.000000,0.000000,0
17,1.700240,1.700240,30,30,8.547190,0.373178,-0.373534,0.012053,8.563482,1
17,1.700240,1.700240,31,31,15.859400,0.692436,-0.415689,0.006500,15.879951,1
17,1.700240,1.700240,32,32,109.170998,4.766510,-0.953628,0.000944,109.279167,1
17,1.700240,1.700240,33,33,0.000000,0.000000,0.000000,0.000000,0.000000,0
17,1.700240,1.700240,34,34,0.000000,0.000000,0.000000,0.000000,0.000000,0
17,1.700240,1.700240,35,35,0.000000,0.000000,0.000000,0.000000,0.000000,0
18,1.809810,1.809810,0,0,8.577060,-0.374483,-0.374839,0.012022,8.593410,1
18,1.809810,1.809810,1,1,15.949800,-0.696384,-0.418058,0.006469,15.970468,1
18,1.809810,1.809810,2,2,112.961998,-4.932020,-0.986743,0.000914,113.073921,1
18,1.809810,1.809810,3,3,0.000000,0.000000,0.000000,0.000000,0.000000,0
18,1.809810,1.809810,4,4,0.000000,0.000000,0.000000,0.000000,0.000000,0
18,1.809810,1.809810,5,5,0.000000,0.000000,0.000000,0.000000,0.000000,0
18,1.809810,1.809810,6,6,8.583040,-0.224755,-0.374872,0.012021,8.594162,1
18,1.809810,1.809810,7,7,15.962100,-0.417983,-0.418127,0.006468,15.973045,1
18,1.809810,1.809810,8,8,113.162003,-2.963240,-0.987885,0.000913,113.205101,1
18,1.809810,1.809810,9,9,0.000000,0.000000,0.000000,0.000000,0.000000,0
18,1.809810,1.809810,10,10,0.000000,0.000000,0.000000,0.000000,0.000000,0
18,1.809810,1.809810,11,11,0.000000,0.000000,0.000000,0.000000,0.000000,0
18,1.809810,1.809810,12,12,8.586010,-0.074929,-0.374888,0.012020,8.594517,1
18,1.809810,1.809810,13,13,15.968200,-0.139352,-0.418158,0.006467,15.974281,1
18,1.809810,1.809810,14,14,113.257004,-0.988376,-0.988414,0.000912,113.265625,1
18,1.809810,1.809810,15,15,0.000000,0.000000,0.000000,0.000000,0.000000,0
18,1.809810,1.809810,16,16,0.000000,0.000000,0.000000,0.000000,0.000000,0
18,1.809810,1.809810,17,17,0.000000,0.000000,0.000000,0.000000,0.000000,0
18,1.809810,1.809810,18,18,8.585950,0.074928,-0.374885,0.012020,8.594457,1
18,1.809810,1.809810,19,19,15.968000,0.139351,-0.418153,0.006467,15.974082,1
18,1.809810,1.809810,20,20,87.574898,0.764255,-0.764284,0.206165,87.581566,1
18,1.809810,1.809810,21,21,0.000000,0.000000,0.000000,0.000000,0.000000,0
18,1.809810,1.809810,22,22,0.000000,0.000000,0.000000,0.000000,0.000000,0
18,1.809810,1.809810,23,23,0.000000,0.000000,0.000000,0.000000,0.000000,0
18,1.809810,1.809810,24,24,8.582880,0.224750,-0.374865,0.012021,8.594002,1
18,1.809810,1.809810,25,25,15.961600,0.417968,-0.418111,0.006468,15.972546,1
18,1.809810,1.809810,26,26,113.132004,2.962460,-0.987625,0.000913,113.175095,1
18,1.809810,1.809810,27,27,0.000000,0.000000,0.000000,0.000000,0.000000,0
18,1.809810,1.809810,28,28,0.000000,0.000000,0.000000,0.000000,0.000000,0
18,1.809810,1.809810,29,29,0.000000,0.000000,0.000000,0.000000,0.000000,0
18,1.809810,1.809810,30,30,8.576780,0.374470,-0.374827,0.012022,8.593130,1
18,1.809810,1.809810,31,31,15.948800,0.696341,-0.418033,0.006469,15.969467,1
18,1.809810,1.809810,32,32,112.912003,4.929860,-0.986310,0.000914,113.023872,1
18,1.809810,1.809810,33,33,0.000000,0.000000,0.000000,0.000000,0.000000,0
18,1.809810,1.809810,34,34,0.000000,0.000000,0.000000,0.000000,0.000000,0
18,1.809810,1.809810,35,35,0.000000,0.000000,0.000000,0.000000,0.000000,0
19,1.909880,1.909880,0,0,8.600090,-0.375488,-0.375846,0.011999,8.616484,1
19,1.909880,1.909880,1,1,16.018999,-0.699403,-0.419871,0.006446,16.039757,1
19,1.909880,1.909880,2,2,115.963997,-5.063080,-1.012960,0.000891,116.078896,1
19,1.909880,1.909880,3,3,0.000000,0.000000,0.000000,0.000000,0.000000,0
19,1.909880,1.909880,4,4,0.000000,0.000000,0.000000,0.000000,0.000000,0
19,1.909880,1.909880,5,5,0.000000,0.000000,0.000000,0.000000,0.000000,0
19,1.909880,1.909880,6,6,8.606090,-0.225358,-0.375879,0.011998,8.617242,1
19,1.909880,1.909880,7,7,16.031401,-0.419796,-0.419940,0.006445,16.042395,1
19,1.909880,1.909880,8,8,116.171997,-3.042080,-1.014170,0.000890,116.216240,1
19,1.909880,1.909880,9,9,0.000000,0.000000,0.000000,0.000000,0.000000,0
19,1.909880,1.909880,10,10,0.000000,0.000000,0.000000,0.000000,0.000000,0
19,1.909880,1.909880,11,11,0.000000,0.000000,0.000000,0.000000,0.000000,0
19,1.909880,1.909880,12,12,8.609060,-0.075130,-0.375894,0.011997,8.617590,1
19,1.909880,1.909880,13,13,16.037399,-0.139957,-0.419971,0.006444,16.043507,1
19,1.909880,1.909880,14,14,116.269997,-1.014680,-1.014720,0.000889,116.278847,1
19,1.909880,1.909880,15,15,0.000000,0.000000,0.000000,0.000000,0.000000,0
19,1.909880,1.909880,16,16,0.000000,0.000000,0.000000,0.000000,0.000000,0
19,1.909880,1.909880,17,17,0.000000,0.000000,0.000000,0.000000,0.000000,0
19,1.909880,1.909880,18,18,8.608990,0.075130,-0.375891,0.011998,8.617519,1
19,1.909880,1.909880,19,19,16.037201,0.139955,-0.419965,0.006444,16.043308,1
19,1.909880,1.909880,20,20,90.003700,0.785450,-0.785480,0.003604,90.010551,1
19,1.909880,1.909880,21,21,0.000000,0.000000,0.000000,0.000000,0.000000,0
19,1.909880,1.909880,22,22,0.000000,0.000000,0.000000,0.000000,0.000000,0
19,1.909880,1.909880,23,23,0.000000,0.000000,0.000000,0.000000,0.000000,0
19,1.909880,1.909880,24,24,8.605890,0.225353,-0.375870,0.011998,8.617042,1
19,1.909880,1.909880,25,25,16.030600,0.419777,-0.419921,0.006445,16.041592,1
19,1.909880,1.909880,26,26,116.135002,3.041110,-1.013850,0.000890,116.179237,1
19,1.909880,1.909880,27,27,0.000000,0.000000,0.000000,0.000000,0.000000,0
19,1.909880,1.909880,28,28,0.000000,0.000000,0.000000,0.000000,0.000000,0
19,1.909880,1.909880,29,29,0.000000,0.000000,0.000000,0.000000,0.000000,0
19,1.909880,1.909880,30,30,8.599760,0.375473,-0.375831,0.011999,8.616154,1
19,1.909880,1.909880,31,31,16.017799,0.699352,-0.419840,0.006446,16.038555,1
19,1.909880,1.909880,32,32,115.902000,5.060410,-1.012430,0.000891,116.016838,1
19,1.909880,1.909880,33,33,0.000000,0.000000,0.000000,0.000000,0.000000,0
19,1.909880,1.909880,34,34,0.000000,0.000000,0.000000,0.000000,0.000000,0
19,1.909880,1.909880,35,35,0.000000,0.000000,0.000000,0.000000,0.000000,0
20,2.000420,2.000420,0,0,8.618060,-0.376272,-0.376631,0.011981,8.634488,1
20,2.000420,2.000420,1,1,16.072701,-0.701750,-0.421280,0.006428,16.093529,1
20,2.000420,2.000420,2,2,118.370003,-5.168140,-1.033980,0.000873,118.487289,1
20,2.000420,2.000420,3,3,0.000000,0.000000,0.000000,0.000000,0.000000,0
20,2.000420,2.000420,4,4,0.000000,0.000000,0.000000,0.000000,0.000000,0
20,2.000420,2.000420,5,5,0.000000,0.000000,0.000000,0.000000,0.000000,0
20,2.000420,2.000420,6,6,8.624070,-0.225829,-0.376664,0.011980,8.635245,1
20,2.000420,2.000420,7,7,16.085199,-0.421205,-0.421349,0.006427,16.096228,1
20,2.000420,2.000420,8,8,118.584999,-3.105260,-1.035230,0.000872,118.630165,1
20,2.000420,2.000420,9,9,0.000000,0.000000,0.000000,0.000000,0.000000,0
20,2.000420,2.000420,10,10,0.000000,0.000000,0.000000,0.000000,0.000000,0
20,2.000420,2.000420,11,11,0.000000,0.000000,0.000000,0.000000,0.000000,0
20,2.000420,2.000420,12,12,8.627030,-0.075287,-0.376679,0.011980,8.635578,1
20,2.000420,2.000420,13,13,16.091200,-0.140426,-0.421380,0.006427,16.097328,1
20,2.000420,2.000420,14,14,118.685997,-1.035760,-1.035790,0.000872,118.695038,1
20,2.000420,2.000420,15,15,0.000000,0.000000,0.000000,0.000000,0.000000,0
20,2.000420,2.000420,16,16,0.000000,0.000000,0.000000,0.000000,0.000000,0
20,2.000420,2.000420,17,17,0.000000,0.000000,0.000000,0.000000,0.000000,0
20,2.000420,2.000420,18,18,8.626960,0.075286,-0.376676,0.011980,8.635508,1
20,2.000420,2.000420,19,19,16.091000,0.140424,-0.421373,0.006427,16.097128,1
20,2.000420,2.000420,20,20,118.670998,1.035630,-1.035670,0.000872,118.680031,1
20,2.000420,2.000420,21,21,0.000000,0.000000,0.000000,0.000000,0.000000,0
20,2.000420,2.000420,22,22,0.000000,0.000000,0.000000,0.000000,0.000000,0
20,2.000420,2.000420,23,23,0.000000,0.000000,0.000000,0.000000,0.000000,0
20,2.000420,2.000420,24,24,8.623840,0.225823,-0.376654,0.011981,8.635015,1
20,2.000420,2.000420,25,25,16.084400,0.421184,-0.421328,0.006427,16.095428,1
20,2.000420,2.000420,26,26,118.542000,3.104120,-1.034850,0.000872,118.587151,1
20,2.000420,2.000420,27,27,0.000000,0.000000,0.000000,0.000000,0.000000,0
20,2.000420,2.000420,28,28,0.000000,0.000000,0.000000,0.000000,0.000000,0
20,2.000420,2.000420,29,29,0.000000,0.000000,0.000000,0.000000,0.000000,0
20,2.000420,2.000420,30,30,8.617670,0.376256,-0.376614,0.011982,8.634098,1
20,2.000420,2.000420,31,31,16.071400,0.701692,-0.421245,0.006429,16.092226,1
20,2.000420,2.000420,32,32,118.296997,5.164980,-1.033350,0.000874,118.414207,1
20,2.000420,2.000420,33,33,0.000000,0.000000,0.000000,0.000000,0.000000,0
20,2.000420,2.000420,34,34,0.000000,0.000000,0.000000,0.000000,0.000000,0
20,2.000420,2.000420,35,35,0.000000,0.000000,0.000000,0.000000,0.000000,0
21,2.110010,2.110010,0,0,8.636290,-0.377068,-0.377428,0.011964,8.652753,1
21,2.110010,2.110010,1,1,16.127501,-0.704141,-0.422715,0.006410,16.148399,1
21,2.110010,2.110010,2,2,120.911003,-5.279100,-1.056180,0.000855,121.030800,1
21,2.110010,2.110010,3,3,0.000000,0.000000,0.000000,0.000000,0.000000,0
21,2.110010,2.110010,4,4,0.000000,0.000000,0.000000,0.000000,0.000000,0
21,2.110010,2.110010,5,5,0.000000,0.000000,0.000000,0.000000,0.000000,0
21,2.110010,2.110010,6,6,8.642310,-0.226307,-0.377461,0.011963,8.653509,1
21,2.110010,2.110010,7,7,16.139999,-0.422640,-0.422785,0.006409,16.151066,1
21,2.110010,2.110010,8,8,121.134003,-3.171990,-1.057480,0.000854,121.180138,1
21,2.110010,2.110010,9,9,0.000000,0.000000,0.000000,0.000000,0.000000,0
21,2.110010,2.110010,10,10,0.000000,0.000000,0.000000,0.000000,0.000000,0
21,2.110010,2.110010,11,11,0.000000,0.000000,0.000000,0.000000,0.000000,0
21,2.110010,2.110010,12,12,8.645280,-0.075446,-0.377475,0.011962,8.653846,1
21,2.110010,2.110010,13,13,16.146000,-0.140904,-0.422815,0.006409,16.152149,1
21,2.110010,2.110010,14,14,121.236000,-1.058010,-1.058050,0.000854,121.245232,1
21,2.110010,2.110010,15,15,0.000000,0.000000,0.000000,0.000000,0.000000,0
21,2.110010,2.110010,16,16,0.000000,0.000000,0.000000,0.000000,0.000000,0
21,2.110010,2.110010,17,17,0.000000,0.000000,0.000000,0.000000,0.000000,0
21,2.110010,2.110010,18,18,8.645190,0.075446,-0.377472,0.011962,8.653756,1
21,2.110010,2.110010,19,19,16.145700,0.140902,-0.422807,0.006409,16.151852,1
21,2.110010,2.110010,20,20,121.219002,1.057860,-1.057900,0.000854,121.228233,1
21,2.110010,2.110010,21,21,0.000000,0.000000,0.000000,0.000000,0.000000,0
21,2.110010,2.110010,22,22,0.000000,0.000000,0.000000,0.000000,0.000000,0
21,2.110010,2.110010,23,23,0.000000,0.000000,0.000000,0.000000,0.000000,0
21,2.110010,2.110010,24,24,8.642040,0.226300,-0.377449,0.011963,8.653238,1
21,2.110010,2.110010,25,25,16.139000,0.422616,-0.422760,0.006410,16.150066,1
21,2.110010,2.110010,26,26,121.081001,3.170630,-1.057020,0.000855,121.127113,1
21,2.110010,2.110010,27,27,0.000000,0.000000,0.000000,0.000000,0.000000,0
21,2.110010,2.110010,28,28,0.000000,0.000000,0.000000,0.000000,0.000000,0
21,2.110010,2.110010,29,29,0.000000,0.000000,0.000000,0.000000,0.000000,0
21,2.110010,2.110010,30,30,8.635850,0.377049,-0.377408,0.011964,8.652312,1
21,2.110010,2.110010,31,31,16.125900,0.704074,-0.422675,0.006411,16.146795,1
21,2.110010,2.110010,32,32,120.824997,5.275320,-1.055430,0.000856,120.944710,1
21,2.110010,2.110010,33,33,0.000000,0.000000,0.000000,0.000000,0.000000,0
21,2.110010,2.110010,34,34,0.000000,0.000000,0.000000,0.000000,0.000000,0
21,2.110010,2.110010,35,35,0.000000,0.000000,0.000000,0.000000,0.000000,0
22,2.200540,2.200540,0,0,8.649570,-0.377648,-0.378008,0.011951,8.666059,1
22,2.200540,2.200540,1,1,16.166599,-0.705850,-0.423741,0.006398,16.187548,1
22,2.200540,2.200540,2,2,122.728996,-5.358440,-1.072060,0.000843,122.850594,1
22,2.200540,2.200540,3,3,0.000000,0.000000,0.000000,0.000000,0.000000,0
22,2.200540,2.200540,4,4,0.000000,0.000000,0.000000,0.000000,0.000000,0
22,2.200540,2.200540,5,5,0.000000,0.000000,0.000000,0.000000,0.000000,0
22,2.200540,2.200540,6,6,8.655610,-0.226655,-0.378041,0.011950,8.666825,1
22,2.200540,2.200540,7,7,16.179100,-0.423665,-0.423811,0.006397,16.190195,1
22,2.200540,2.200540,8,8,122.956001,-3.219710,-1.073390,0.000842,123.002838,1
22,2.200540,2.200540,9,9,0.000000,0.000000,0.000000,0.000000,0.000000,0
22,2.200540,2.200540,10,10,0.000000,0.000000,0.000000,0.000000,0.000000,0
22,2.200540,2.200540,11,11,0.000000,0.000000,0.000000,0.000000,0.000000,0
22,2.200540,2.200540,12,12,8.658570,-0.075562,-0.378056,0.011950,8.667150,1
22,2.200540,2.200540,13,13,16.185200,-0.141246,-0.423841,0.006397,16.191364,1
22,2.200540,2.200540,14,14,123.059998,-1.073930,-1.073970,0.000842,123.069366,1
22,2.200540,2.200540,15,15,0.000000,0.000000,0.000000,0.000000,0.000000,0
22,2.200540,2.200540,16,16,0.000000,0.000000,0.000000,0.000000,0.000000,0
22,2.200540,2.200540,17,17,0.000000,0.000000,0.000000,0.000000,0.000000,0
22,2.200540,2.200540,18,18,8.658470,0.075561,-0.378051,0.011950,8.667048,1
22,2.200540,2.200540,19,19,16.184900,0.141243,-0.423832,0.006397,16.191065,1
22,2.200540,2.200540,20,20,123.040001,1.073750,-1.073790,0.000842,123.049377,1
22,2.200540,2.200540,21,21,0.000000,0.000000,0.000000,0.000000,0.000000,0
22,2.200540,2.200540,22,22,0.000000,0.000000,0.000000,0.000000,0.000000,0
22,2.200540,2.200540,23,23,0.000000,0.000000,0.000000,0.000000,0.000000,0
22,2.200540,2.200540,24,24,8.655310,0.226647,-0.378029,0.011951,8.666525,1
22,2.200540,2.200540,25,25,16.178101,0.423639,-0.423784,0.006398,16.189194,1
22,2.200540,2.200540,26,26,122.897003,3.218160,-1.072870,0.000842,122.943817,1
22,2.200540,2.200540,27,27,0.000000,0.000000,0.000000,0.000000,0.000000,0
22,2.200540,2.200540,28,28,0.000000,0.000000,0.000000,0.000000,0.000000,0
22,2.200540,2.200540,29,29,0.000000,0.000000,0.000000,0.000000,0.000000,0
22,2.200540,2.200540,30,30,8.649090,0.377627,-0.377987,0.011952,8.665577,1
22,2.200540,2.200540,31,31,16.164900,0.705776,-0.423697,0.006399,16.185846,1
22,2.200540,2.200540,32,32,122.630997,5.354160,-1.071200,0.000844,122.752495,1
22,2.200540,2.200540,33,33,0.000000,0.000000,0.000000,0.000000,0.000000,0
22,2.200540,2.200540,34,34,0.000000,0.000000,0.000000,0.000000,0.000000,0
22,2.200540,2.200540,35,35,0.000000,0.000000,0.000000,0.000000,0.000000,0
23,2.300150,2.300150,0,0,8.661800,-0.378182,-0.378542,0.011940,8.678312,1
23,2.300150,2.300150,1,1,16.202900,-0.707436,-0.424693,0.006387,16.223896,1
23,2.300150,2.300150,2,2,124.472000,-5.434560,-1.087280,0.000832,124.595329,1
23,2.300150,2.300150,3,3,0.000000,0.000000,0.000000,0.000000,0.000000,0
23,2.300150,2.300150,4,4,0.000000,0.000000,0.000000,0.000000,0.000000,0
23,2.300150,2.300150,5,5,0.000000,0.000000,0.000000,0.000000,0.000000,0
23,2.300150,2.300150,6,6,8.667830,-0.226975,-0.378576,0.011939,8.679063,1
23,2.300150,2.300150,7,7,16.215500,-0.424617,-0.424762,0.006386,16.226620,1
23,2.300150,2.300150,8,8,124.704002,-3.265480,-1.088640,0.000831,124.751495,1
23,2.300150,2.300150,9,9,0.000000,0.000000,0.000000,0.000000,0.000000,0
23,2.300150,2.300150,10,10,0.000000,0.000000,0.000000,0.000000,0.000000,0
23,2.300150,2.300150,11,11,0.000000,0.000000,0.000000,0.000000,0.000000,0
23,2.300150,2.300150,12,12,8.670790,-0.075669,-0.378590,0.011939,8.679380,1
23,2.300150,2.300150,13,13,16.221500,-0.141563,-0.424792,0.006385,16.227680,1
23,2.300150,2.300150,14,14,124.808998,-1.089190,-1.089230,0.000830,124.818504,1
23,2.300150,2.300150,15,15,0.000000,0.000000,0.000000,0.000000,0.000000,0
23,2.300150,2.300150,16,16,0.000000,0.000000,0.000000,0.000000,0.000000,0
23,2.300150,2.300150,17,17,0.000000,0.000000,0.000000,0.000000,0.000000,0
23,2.300150,2.300150,18,18,8.670690,0.075668,-0.378585,0.011939,8.679280,1
23,2.300150,2.300150,19,19,16.221201,0.141560,-0.424782,0.006385,16.227379,1
23,2.300150,2.300150,20,20,124.786003,1.088990,-1.089040,0.000830,124.795502,1
23,2.300150,2.300150,21,21,0.000000,0.000000,0.000000,0.000000,0.000000,0
23,2.300150,2.300150,22,22,0.000000,0.000000,0.000000,0.000000,0.000000,0
23,2.300150,2.300150,23,23,0.000000,0.000000,0.000000,0.000000,0.000000,0
23,2.300150,2.300150,24,24,8.667510,0.226967,-0.378562,0.011939,8.678741,1
23,2.300150,2.300150,25,25,16.214300,0.424587,-0.424733,0.006386,16.225418,1
23,2.300150,2.300150,26,26,124.637001,3.263740,-1.088070,0.000831,124.684471,1
23,2.300150,2.300150,27,27,0.000000,0.000000,0.000000,0.000000,0.000000,0
23,2.300150,2.300150,28,28,0.000000,0.000000,0.000000,0.000000,0.000000,0
23,2.300150,2.300150,29,29,0.000000,0.000000,0.000000,0.000000,0.000000,0
23,2.300150,2.300150,30,30,8.661260,0.378159,-0.378519,0.011941,8.677771,1
23,2.300150,2.300150,31,31,16.201099,0.707355,-0.424644,0.006388,16.222094,1
23,2.300150,2.300150,32,32,124.362000,5.429750,-1.086320,0.000832,124.485214,1
23,2.300150,2.300150,33,33,0.000000,0.000000,0.000000,0.000000,0.000000,0
23,2.300150,2.300150,34,34,0.000000,0.000000,0.000000,0.000000,0.000000,0
23,2.300150,2.300150,35,35,0.000000,0.000000,0.000000,0.000000,0.000000,0
24,2.400410,2.400410,0,0,8.672840,-0.378664,-0.379025,0.011930,8.689373,1
24,2.400410,2.400410,1,1,16.234900,-0.708829,-0.425530,0.006377,16.255936,1
24,2.400410,2.400410,2,2,125.972000,-5.500060,-1.100390,0.000822,126.096809,1
24,2.400410,2.400410,3,3,0.000000,0.000000,0.000000,0.000000,0.000000,0
24,2.400410,2.400410,4,4,0.000000,0.000000,0.000000,0.000000,0.000000,0
24,2.400410,2.400410,5,5,0.000000,0.000000,0.000000,0.000000,0.000000,0
24,2.400410,2.400410,6,6,8.678880,-0.227264,-0.379058,0.011929,8.690125,1
24,2.400410,2.400410,7,7,16.247400,-0.425453,-0.425599,0.006376,16.258541,1
24,2.400410,2.400410,8,8,126.208000,-3.304860,-1.101770,0.000821,126.256065,1
24,2.400410,2.400410,9,9,0.000000,0.000000,0.000000,0.000000,0.000000,0
24,2.400410,2.400410,10,10,0.000000,0.000000,0.000000,0.000000,0.000000,0
24,2.400410,2.400410,11,11,0.000000,0.000000,0.000000,0.000000,0.000000,0
24,2.400410,2.400410,12,12,8.681840,-0.075765,-0.379072,0.011929,8.690441,1
24,2.400410,2.400410,13,13,16.253500,-0.141842,-0.425628,0.006376,16.259691,1
24,2.400410,2.400410,14,14,126.313004,-1.102320,-1.102360,0.000821,126.322617,1
24,2.400410,2.400410,15,15,0.000000,0.000000,0.000000,0.000000,0.000000,0
24,2.400410,2.400410,16,16,0.000000,0.000000,0.000000,0.000000,0.000000,0
24,2.400410,2.400410,17,17,0.000000,0.000000,0.000000,0.000000,0.000000,0
24,2.400410,2.400410,18,18,8.681720,0.075764,-0.379067,0.011929,8.690322,1
24,2.400410,2.400410,19,19,16.253099,0.141838,-0.425617,0.006376,16.259289,1
24,2.400410,2.400410,20,20,126.289001,1.102110,-1.102150,0.000821,126.298622,1
24,2.400410,2.400410,21,21,0.000000,0.000000,0.000000,0.000000,0.000000,0
24,2.400410,2.400410,22,22,0.000000,0.000000,0.000000,0.000000,0.000000,0
24,2.400410,2.400410,23,23,0.000000,0.000000,0.000000,0.000000,0.000000,0
24,2.400410,2.400410,24,24,8.678530,0.227255,-0.379043,0.011930,8.689775,1
24,2.400410,2.400410,25,25,16.246201,0.425421,-0.425567,0.006377,16.257339,1
24,2.400410,2.400410,26,26,126.135002,3.302950,-1.101140,0.000822,126.183044,1
24,2.400410,2.400410,27,27,0.000000,0.000000,0.000000,0.000000,0.000000,0
24,2.400410,2.400410,28,28,0.000000,0.000000,0.000000,0.000000,0.000000,0
24,2.400410,2.400410,29,29,0.000000,0.000000,0.000000,0.000000,0.000000,0
24,2.400410,2.400410,30,30,8.672270,0.378639,-0.379000,0.011931,8.688802,1
24,2.400410,2.400410,31,31,16.232800,0.708741,-0.425477,0.006378,16.253834,1
24,2.400410,2.400410,32,32,125.850998,5.494780,-1.099330,0.000823,125.975693,1
24,2.400410,2.400410,33,33,0.000000,0.000000,0.000000,0.000000,0.000000,0
24,2.400410,2.400410,34,34,0.000000,0.000000,0.000000,0.000000,0.000000,0
24,2.400410,2.400410,35,35,0.000000,0.000000,0.000000,0.000000,0.000000,0
25,2.509880,2.509880,0,0,8.682440,-0.379083,-0.379444,0.011922,8.698991,1
25,2.509880,2.509880,1,1,16.263100,-0.710064,-0.426271,0.006369,16.284172,1
25,2.509880,2.509880,2,2,127.363998,-5.560810,-1.112540,0.000813,127.490189,1
25,2.509880,2.509880,3,3,0.000000,0.000000,0.000000,0.000000,0.000000,0
25,2.509880,2.509880,4,4,0.000000,0.000000,0.000000,0.000000,0.000000,0
25,2.509880,2.509880,5,5,0.000000,0.000000,0.000000,0.000000,0.000000,0
25,2.509880,2.509880,6,6,8.688480,-0.227516,-0.379477,0.011921,8.699739,1
25,2.509880,2.509880,7,7,16.275700,-0.426194,-0.426340,0.006368,16.286860,1
25,2.509880,2.509880,8,8,127.602997,-3.341400,-1.113950,0.000812,127.651596,1
25,2.509880,2.509880,9,9,0.000000,0.000000,0.000000,0.000000,0.000000,0
25,2.509880,2.509880,10,10,0.000000,0.000000,0.000000,0.000000,0.000000,0
25,2.509880,2.509880,11,11,0.000000,0.000000,0.000000,0.000000,0.000000,0
25,2.509880,2.509880,12,12,8.691440,-0.075849,-0.379491,0.011920,8.700051,1
25,2.509880,2.509880,13,13,16.281700,-0.142089,-0.426369,0.006367,16.287901,1
25,2.509880,2.509880,14,14,127.709000,-1.114500,-1.114550,0.000812,127.718727,1
25,2.509880,2.509880,15,15,0.000000,0.000000,0.000000,0.000000,0.000000,0
25,2.509880,2.509880,16,16,0.000000,0.000000,0.000000,0.000000,0.000000,0
25,2.509880,2.509880,17,17,0.000000,0.000000,0.000000,0.000000,0.000000,0
25,2.509880,2.509880,18,18,8.691320,0.075848,-0.379486,0.011920,8.699932,1
25,2.509880,2.509880,19,19,16.281300,0.142085,-0.426357,0.006367,16.287502,1
25,2.509880,2.509880,20,20,127.682999,1.114270,-1.114320,0.000812,127.692726,1
25,2.509880,2.509880,21,21,0.000000,0.000000,0.000000,0.000000,0.000000,0
25,2.509880,2.509880,22,22,0.000000,0.000000,0.000000,0.000000,0.000000,0
25,2.509880,2.509880,23,23,0.000000,0.000000,0.000000,0.000000,0.000000,0
25,2.509880,2.509880,24,24,8.688110,0.227506,-0.379461,0.011921,8.699368,1
25,2.509880,2.509880,25,25,16.274401,0.426160,-0.426306,0.006368,16.285559,1
25,2.509880,2.509880,26,26,127.524002,3.339330,-1.113270,0.000813,127.572571,1
25,2.509880,2.509880,27,27,0.000000,0.000000,0.000000,0.000000,0.000000,0
25,2.509880,2.509880,28,28,0.000000,0.000000,0.000000,0.000000,0.000000,0
25,2.509880,2.509880,29,29,0.000000,0.000000,0.000000,0.000000,0.000000,0
25,2.509880,2.509880,30,30,8.681820,0.379057,-0.379418,0.011923,8.698370,1
25,2.509880,2.509880,31,31,16.261000,0.709970,-0.426215,0.006369,16.282070,1
25,2.509880,2.509880,32,32,127.233002,5.555100,-1.111400,0.000814,127.359062,1
25,2.509880,2.509880,33,33,0.000000,0.000000,0.000000,0.000000,0.000000,0
25,2.509880,2.509880,34,34,0.000000,0.000000,0.000000,0.000000,0.000000,0
25,2.509880,2.509880,35,35,0.000000,0.000000,0.000000,0.000000,0.000000,0
26,2.600430,2.600430,0,0,8.690080,-0.379417,-0.379778,0.011916,8.706646,1
26,2.600430,2.600430,1,1,16.284500,-0.710998,-0.426832,0.006363,16.305601,1
26,2.600430,2.600430,2,2,128.350006,-5.603870,-1.121160,0.000808,128.477188,1
26,2.600430,2.600430,3,3,0.000000,0.000000,0.000000,0.000000,0.000000,0
26,2.600430,2.600430,4,4,0.000000,0.000000,0.000000,0.000000,0.000000,0
26,2.600430,2.600430,5,5,0.000000,0.000000,0.000000,0.000000,0.000000,0
26,2.600430,2.600430,6,6,8.696130,-0.227716,-0.379811,0.011915,8.707398,1
26,2.600430,2.600430,7,7,16.297100,-0.426754,-0.426901,0.006362,16.308275,1
26,2.600430,2.600430,8,8,128.591995,-3.367300,-1.122590,0.000806,128.640961,1
26,2.600430,2.600430,9,9,0.000000,0.000000,0.000000,0.000000,0.000000,0
26,2.600430,2.600430,10,10,0.000000,0.000000,0.000000,0.000000,0.000000,0
26,2.600430,2.600430,11,11,0.000000,0.000000,0.000000,0.000000,0.000000,0
26,2.600430,2.600430,12,12,8.699090,-0.075916,-0.379825,0.011914,8.707708,1
26,2.600430,2.600430,13,13,16.303200,-0.142276,-0.426930,0.006361,16.309408,1
26,2.600430,2.600430,14,14,128.699005,-1.123140,-1.123190,0.000806,128.708801,1
26,2.600430,2.600430,15,15,0.000000,0.000000,0.000000,0.000000,0.000000,0
26,2.600430,2.600430,16,16,0.000000,0.000000,0.000000,0.000000,0.000000,0
26,2.600430,2.600430,17,17,0.000000,0.000000,0.000000,0.000000,0.000000,0
26,2.600430,2.600430,18,18,8.698970,0.075915,-0.379819,0.011915,8.707588,1
26,2.600430,2.600430,19,19,16.302700,0.142272,-0.426918,0.006361,16.308908,1
26,2.600430,2.600430,20,20,128.671997,1.122900,-1.122950,0.000806,128.681793,1
26,2.600430,2.600430,21,21,0.000000,0.000000,0.000000,0.000000,0.000000,0
26,2.600430,2.600430,22,22,0.000000,0.000000,0.000000,0.000000,0.000000,0
26,2.600430,2.600430,23,23,0.000000,0.000000,0.000000,0.000000,0.000000,0
26,2.600430,2.600430,24,24,8.695760,0.227706,-0.379795,0.011915,8.707027,1
26,2.600430,2.600430,25,25,16.295799,0.426720,-0.426866,0.006362,16.306974,1
26,2.600430,2.600430,26,26,128.509995,3.365150,-1.121870,0.000807,128.558945,1
26,2.600430,2.600430,27,27,0.000000,0.000000,0.000000,0.000000,0.000000,0
26,2.600430,2.600430,28,28,0.000000,0.000000,0.000000,0.000000,0.000000,0
26,2.600430,2.600430,29,29,0.000000,0.000000,0.000000,0.000000,0.000000,0
26,2.600430,2.600430,30,30,8.689450,0.379390,-0.379751,0.011917,8.706015,1
26,2.600430,2.600430,31,31,16.282301,0.710902,-0.426774,0.006364,16.303398,1
26,2.600430,2.600430,32,32,128.212997,5.597910,-1.119970,0.000808,128.340027,1
26,2.600430,2.600430,33,33,0.000000,0.000000,0.000000,0.000000,0.000000,0
26,2.600430,2.600430,34,34,0.000000,0.000000,0.000000,0.000000,0.000000,0
26,2.600430,2.600430,35,35,0.000000,0.000000,0.000000,0.000000,0.000000,0
27,2.700420,2.700420,0,0,8.697030,-0.379720,-0.380082,0.011910,8.713609,1
27,2.700420,2.700420,1,1,16.304199,-0.711857,-0.427348,0.006357,16.325325,1
27,2.700420,2.700420,2,2,129.283997,-5.644660,-1.129320,0.000802,129.412094,1
27,2.700420,2.700420,3,3,0.000000,0.000000,0.000000,0.000000,0.000000,0
27,2.700420,2.700420,4,4,0.000000,0.000000,0.000000,0.000000,0.000000,0
27,2.700420,2.700420,5,5,0.000000,0.000000,0.000000,0.000000,0.000000,0
27,2.700420,2.700420,6,6,8.703090,-0.227898,-0.380115,0.011909,8.714367,1
27,2.700420,2.700420,7,7,16.316799,-0.427270,-0.427417,0.006356,16.327988,1
27,2.700420,2.700420,8,8,129.529007,-3.391840,-1.130770,0.000801,129.578339,1
27,2.700420,2.700420,9,9,0.000000,0.000000,0.000000,0.000000,0.000000,0
27,2.700420,2.700420,10,10,0.000000,0.000000,0.000000,0.000000,0.000000,0
27,2.700420,2.700420,11,11,0.000000,0.000000,0.000000,0.000000,0.000000,0
27,2.700420,2.700420,12,12,8.706050,-0.075977,-0.380129,0.011909,8.714676,1
27,2.700420,2.700420,13,13,16.322901,-0.142448,-0.427446,0.006356,16.329119,1
27,2.700420,2.700420,14,14,129.638000,-1.131340,-1.131380,0.000800,129.647873,1
27,2.700420,2.700420,15,15,0.000000,0.000000,0.000000,0.000000,0.000000,0
27,2.700420,2.700420,16,16,0.000000,0.000000,0.000000,0.000000,0.000000,0
27,2.700420,2.700420,17,17,0.000000,0.000000,0.000000,0.000000,0.000000,0
27,2.700420,2.700420,18,18,8.705920,0.075975,-0.380123,0.011909,8.714546,1
27,2.700420,2.700420,19,19,16.322399,0.142444,-0.427434,0.006356,16.328617,1
27,2.700420,2.700420,20,20,129.610001,1.131090,-1.131130,0.000801,129.619873,1
27,2.700420,2.700420,21,21,0.000000,0.000000,0.000000,0.000000,0.000000,0
27,2.700420,2.700420,22,22,0.000000,0.000000,0.000000,0.000000,0.000000,0
27,2.700420,2.700420,23,23,0.000000,0.000000,0.000000,0.000000,0.000000,0
27,2.700420,2.700420,24,24,8.702710,0.227888,-0.380099,0.011910,8.713987,1
27,2.700420,2.700420,25,25,16.315500,0.427235,-0.427382,0.006357,16.326687,1
27,2.700420,2.700420,26,26,129.445007,3.389650,-1.130040,0.000801,129.494308,1
27,2.700420,2.700420,27,27,0.000000,0.000000,0.000000,0.000000,0.000000,0
27,2.700420,2.700420,28,28,0.000000,0.000000,0.000000,0.000000,0.000000,0
27,2.700420,2.700420,29,29,0.000000,0.000000,0.000000,0.000000,0.000000,0
27,2.700420,2.700420,30,30,8.696400,0.379693,-0.380055,0.011911,8.712977,1
27,2.700420,2.700420,31,31,16.302000,0.711760,-0.427289,0.006358,16.323124,1
27,2.700420,2.700420,32,32,129.145004,5.638580,-1.128100,0.000803,129.272964,1
27,2.700420,2.700420,33,33,0.000000,0.000000,0.000000,0.000000,0.000000,0
27,2.700420,2.700420,34,34,0.000000,0.000000,0.000000,0.000000,0.000000,0
27,2.700420,2.700420,35,35,0.000000,0.000000,0.000000,0.000000,0.000000,0
28,2.800200,2.800200,0,0,8.703060,-0.379984,-0.380346,0.011906,8.719650,1
28,2.800200,2.800200,1,1,16.320999,-0.712591,-0.427788,0.006352,16.342148,1
28,2.800200,2.800200,2,2,130.070999,-5.679030,-1.136190,0.000797,130.199875,1
28,2.800200,2.800200,3,3,0.000000,0.000000,0.000000,0.000000,0.000000,0
28,2.800200,2.800200,4,4,0.000000,0.000000,0.000000,0.000000,0.000000,0
28,2.800200,2.800200,5,5,0.000000,0.000000,0.000000,0.000000,0.000000,0
28,2.800200,2.800200,6,6,8.709120,-0.228056,-0.380379,0.011905,8.720406,1
28,2.800200,2.800200,7,7,16.333599,-0.427711,-0.427858,0.006351,16.344799,1
28,2.800200,2.800200,8,8,130.320007,-3.412550,-1.137670,0.000796,130.369644,1
28,2.800200,2.800200,9,9,0.000000,0.000000,0.000000,0.000000,0.000000,0
28,2.800200,2.800200,10,10,0.000000,0.000000,0.000000,0.000000,0.000000,0
28,2.800200,2.800200,11,11,0.000000,0.000000,0.000000,0.000000,0.000000,0
28,2.800200,2.800200,12,12,8.712080,-0.076029,-0.380392,0.011904,8.720712,1
28,2.800200,2.800200,13,13,16.339701,-0.142595,-0.427887,0.006351,16.345922,1
28,2.800200,2.800200,14,14,130.431000,-1.138250,-1.138290,0.000796,130.440933,1
28,2.800200,2.800200,15,15,0.000000,0.000000,0.000000,0.000000,0.000000,0
28,2.800200,2.800200,16,16,0.000000,0.000000,0.000000,0.000000,0.000000,0
28,2.800200,2.800200,17,17,0.000000,0.000000,0.000000,0.000000,0.000000,0
28,2.800200,2.800200,18,18,8.711960,0.076028,-0.380387,0.011904,8.720592,1
28,2.800200,2.800200,19,19,16.339300,0.142591,-0.427876,0.006351,16.345522,1
28,2.800200,2.800200,20,20,130.403000,1.138010,-1.138050,0.000796,130.412933,1
28,2.800200,2.800200,21,21,0.000000,0.000000,0.000000,0.000000,0.000000,0
28,2.800200,2.800200,22,22,0.000000,0.000000,0.000000,0.000000,0.000000,0
28,2.800200,2.800200,23,23,0.000000,0.000000,0.000000,0.000000,0.000000,0
28,2.800200,2.800200,24,24,8.708740,0.228047,-0.380362,0.011905,8.720025,1
28,2.800200,2.800200,25,25,16.332300,0.427677,-0.427824,0.006352,16.343500,1
28,2.800200,2.800200,26,26,130.237000,3.410370,-1.136950,0.000797,130.286606,1
28,2.800200,2.800200,27,27,0.000000,0.000000,0.000000,0.000000,0.000000,0
28,2.800200,2.800200,28,28,0.000000,0.000000,0.000000,0.000000,0.000000,0
28,2.800200,2.800200,29,29,0.000000,0.000000,0.000000,0.000000,0.000000,0
28,2.800200,2.800200,30,30,8.702430,0.379956,-0.380318,0.011906,8.719019,1
28,2.800200,2.800200,31,31,16.318800,0.712496,-0.427731,0.006353,16.339947,1
28,2.800200,2.800200,32,32,129.932999,5.672980,-1.134990,0.000798,130.061737,1
28,2.800200,2.800200,33,33,0.000000,0.000000,0.000000,0.000000,0.000000,0
28,2.800200,2.800200,34,34,0.000000,0.000000,0.000000,0.000000,0.000000,0
28,2.800200,2.800200,35,35,0.000000,0.000000,0.000000,0.000000,0.000000,0
29,2.909700,2.909700,0,0,8.700280,-0.379862,-0.380224,0.011901,8.716866,1
29,2.909700,2.909700,1,1,16.321100,-0.712597,-0.427791,0.006348,16.342249,1
29,2.909700,2.909700,2,2,130.709000,-5.706870,-1.141760,0.000793,130.838501,1
29,2.909700,2.909700,3,3,0.000000,0.000000,0.000000,0.000000,0.000000,0
29,2.909700,2.909700,4,4,0.000000,0.000000,0.000000,0.000000,0.000000,0
29,2.909700,2.909700,5,5,0.000000,0.000000,0.000000,0.000000,0.000000,0
29,2.909700,2.909700,6,6,8.706350,-0.227984,-0.380258,0.011900,8.717632,1
29,2.909700,2.909700,7,7,16.333799,-0.427715,-0.427862,0.006347,16.344999,1
29,2.909700,2.909700,8,8,130.962006,-3.429360,-1.143280,0.000792,131.011887,1
29,2.909700,2.909700,9,9,0.000000,0.000000,0.000000,0.000000,0.000000,0
29,2.909700,2.909700,10,10,0.000000,0.000000,0.000000,0.000000,0.000000,0
29,2.909700,2.909700,11,11,0.000000,0.000000,0.000000,0.000000,0.000000,0
29,2.909700,2.909700,12,12,8.709330,-0.076005,-0.380272,0.011900,8.717958,1
29,2.909700,2.909700,13,13,16.339899,-0.142596,-0.427892,0.006347,16.346123,1
29,2.909700,2.909700,14,14,131.074997,-1.143880,-1.143920,0.000791,131.084976,1
29,2.909700,2.909700,15,15,0.000000,0.000000,0.000000,0.000000,0.000000,0
29,2.909700,2.909700,16,16,0.000000,0.000000,0.000000,0.000000,0.000000,0
29,2.909700,2.909700,17,17,0.000000,0.000000,0.000000,0.000000,0.000000,0
29,2.909700,2.909700,18,18,8.709210,0.076004,-0.380267,0.011900,8.717839,1
29,2.909700,2.909700,19,19,16.339500,0.142593,-0.427881,0.006347,16.345724,1
29,2.909700,2.909700,20,20,131.048996,1.143640,-1.143690,0.000792,131.058990,1
29,2.909700,2.909700,21,21,0.000000,0.000000,0.000000,0.000000,0.000000,0
29,2.909700,2.909700,22,22,0.000000,0.000000,0.000000,0.000000,0.000000,0
29,2.909700,2.909700,23,23,0.000000,0.000000,0.000000,0.000000,0.000000,0
29,2.909700,2.909700,24,24,8.706000,0.227975,-0.380243,0.011901,8.717281,1
29,2.909700,2.909700,25,25,16.332600,0.427683,-0.427830,0.006347,16.343800,1
29,2.909700,2.909700,26,26,130.882004,3.427270,-1.142580,0.000792,130.931854,1
29,2.909700,2.909700,27,27,0.000000,0.000000,0.000000,0.000000,0.000000,0
29,2.909700,2.909700,28,28,0.000000,0.000000,0.000000,0.000000,0.000000,0
29,2.909700,2.909700,29,29,0.000000,0.000000,0.000000,0.000000,0.000000,0
29,2.909700,2.909700,30,30,8.699700,0.379837,-0.380199,0.011902,8.716285,1
29,2.909700,2.909700,31,31,16.319099,0.712507,-0.427737,0.006349,16.340246,1
29,2.909700,2.909700,32,32,130.576996,5.701100,-1.140610,0.000794,130.706360,1
29,2.909700,2.909700,33,33,0.000000,0.000000,0.000000,0.000000,0.000000,0
29,2.909700,2.909700,34,34,0.000000,0.000000,0.000000,0.000000,0.000000,0
29,2.909700,2.909700,35,35,0.000000,0.000000,0.000000,0.000000,0.000000,0
30,3.009870,3.009870,0,0,8.718710,-0.380667,-0.381030,0.011899,8.735331,1
30,3.009870,3.009870,1,1,16.358900,-0.714247,-0.428782,0.006345,16.380098,1
30,3.009870,3.009870,2,2,131.399994,-5.737060,-1.147810,0.000790,131.530197,1
30,3.009870,3.009870,3,3,0.000000,0.000000,0.000000,0.000000,0.000000,0
30,3.009870,3.009870,4,4,0.000000,0.000000,0.000000,0.000000,0.000000,0
30,3.009870,3.009870,5,5,0.000000,0.000000,0.000000,0.000000,0.000000,0
30,3.009870,3.009870,6,6,8.724800,-0.228467,-0.381064,0.011897,8.736106,1
30,3.009870,3.009870,7,7,16.371599,-0.428707,-0.428854,0.006344,16.382826,1
30,3.009870,3.009870,8,8,131.656998,-3.447570,-1.149350,0.000789,131.707138,1
30,3.009870,3.009870,9,9,0.000000,0.000000,0.000000,0.000000,0.000000,0
30,3.009870,3.009870,10,10,0.000000,0.000000,0.000000,0.000000,0.000000,0
30,3.009870,3.009870,11,11,0.000000,0.000000,0.000000,0.000000,0.000000,0
30,3.009870,3.009870,12,12,8.727780,-0.076166,-0.381078,0.011897,8.736427,1
30,3.009870,3.009870,13,13,16.377800,-0.142927,-0.428884,0.006344,16.384037,1
30,3.009870,3.009870,14,14,131.772995,-1.149970,-1.150010,0.000789,131.783035,1
30,3.009870,3.009870,15,15,0.000000,0.000000,0.000000,0.000000,0.000000,0
30,3.009870,3.009870,16,16,0.000000,0.000000,0.000000,0.000000,0.000000,0
30,3.009870,3.009870,17,17,0.000000,0.000000,0.000000,0.000000,0.000000,0
30,3.009870,3.009870,18,18,8.727680,0.076165,-0.381073,0.011897,8.736327,1
30,3.009870,3.009870,19,19,16.377399,0.142924,-0.428874,0.006344,16.383636,1
30,3.009870,3.009870,20,20,131.748001,1.149750,-1.149790,0.000789,131.758041,1
30,3.009870,3.009870,21,21,0.000000,0.000000,0.000000,0.000000,0.000000,0
30,3.009870,3.009870,22,22,0.000000,0.000000,0.000000,0.000000,0.000000,0
30,3.009870,3.009870,23,23,0.000000,0.000000,0.000000,0.000000,0.000000,0
30,3.009870,3.009870,24,24,8.724460,0.228458,-0.381049,0.011898,8.735765,1
30,3.009870,3.009870,25,25,16.370501,0.428676,-0.428823,0.006345,16.381727,1
30,3.009870,3.009870,26,26,131.582001,3.445600,-1.148690,0.000790,131.632126,1
30,3.009870,3.009870,27,27,0.000000,0.000000,0.000000,0.000000,0.000000,0
30,3.009870,3.009870,28,28,0.000000,0.000000,0.000000,0.000000,0.000000,0
30,3.009870,3.009870,29,29,0.000000,0.000000,0.000000,0.000000,0.000000,0
30,3.009870,3.009870,30,30,8.718160,0.380643,-0.381006,0.011899,8.734779,1
30,3.009870,3.009870,31,31,16.357000,0.714162,-0.428731,0.006346,16.378197,1
30,3.009870,3.009870,32,32,131.276001,5.731620,-1.146720,0.000791,131.406067,1
30,3.009870,3.009870,33,33,0.000000,0.000000,0.000000,0.000000,0.000000,0
30,3.009870,3.009870,34,34,0.000000,0.000000,0.000000,0.000000,0.000000,0
30,3.009870,3.009870,35,35,0.000000,0.000000,0.000000,0.000000,0.000000,0
31,3.100470,3.100470,0,0,8.718200,-0.380645,-0.381007,0.011896,8.734818,1
31,3.100470,3.100470,1,1,16.361099,-0.714340,-0.428838,0.006343,16.382299,1
31,3.100470,3.100470,2,2,131.792999,-5.754190,-1.151230,0.000788,131.923584,1
31,3.100470,3.100470,3,3,0.000000,0.000000,0.000000,0.000000,0.000000,0
31,3.100470,3.100470,4,4,0.000000,0.000000,0.000000,0.000000,0.000000,0
31,3.100470,3.100470,5,5,0.000000,0.000000,0.000000,0.000000,0.000000,0
31,3.100470,3.100470,6,6,8.724300,-0.228454,-0.381042,0.011895,8.735605,1
31,3.100470,3.100470,7,7,16.373800,-0.428764,-0.428911,0.006342,16.385029,1
31,3.100470,3.100470,8,8,132.054001,-3.457950,-1.152810,0.000787,132.104294,1
31,3.100470,3.100470,9,9,0.000000,0.000000,0.000000,0.000000,0.000000,0
31,3.100470,3.100470,10,10,0.000000,0.000000,0.000000,0.000000,0.000000,0
31,3.100470,3.100470,11,11,0.000000,0.000000,0.000000,0.000000,0.000000,0
31,3.100470,3.100470,12,12,8.727310,-0.076162,-0.381057,0.011894,8.735957,1
31,3.100470,3.100470,13,13,16.379999,-0.142946,-0.428943,0.006341,16.386238,1
31,3.100470,3.100470,14,14,132.173004,-1.153460,-1.153500,0.000786,132.183060,1
31,3.100470,3.100470,15,15,0.000000,0.000000,0.000000,0.000000,0.000000,0
31,3.100470,3.100470,16,16,0.000000,0.000000,0.000000,0.000000,0.000000,0
31,3.100470,3.100470,17,17,0.000000,0.000000,0.000000,0.000000,0.000000,0
31,3.100470,3.100470,18,18,8.727210,0.076161,-0.381052,0.011895,8.735857,1
31,3.100470,3.100470,19,19,16.379700,0.142943,-0.428934,0.006341,16.385939,1
31,3.100470,3.100470,20,20,132.149994,1.153260,-1.153300,0.000786,132.160065,1
31,3.100470,3.100470,21,21,0.000000,0.000000,0.000000,0.000000,0.000000,0
31,3.100470,3.100470,22,22,0.000000,0.000000,0.000000,0.000000,0.000000,0
31,3.100470,3.100470,23,23,0.000000,0.000000,0.000000,0.000000,0.000000,0
31,3.100470,3.100470,24,24,8.724000,0.228446,-0.381029,0.011895,8.735304,1
31,3.100470,3.100470,25,25,16.372801,0.428737,-0.428883,0.006342,16.384027,1
31,3.100470,3.100470,26,26,131.985992,3.456170,-1.152220,0.000787,132.036270,1
31,3.100470,3.100470,27,27,0.000000,0.000000,0.000000,0.000000,0.000000,0
31,3.100470,3.100470,28,28,0.000000,0.000000,0.000000,0.000000,0.000000,0
31,3.100470,3.100470,29,29,0.000000,0.000000,0.000000,0.000000,0.000000,0
31,3.100470,3.100470,30,30,8.717700,0.380623,-0.380986,0.011897,8.734318,1
31,3.100470,3.100470,31,31,16.359301,0.714264,-0.428792,0.006343,16.380499,1
31,3.100470,3.100470,32,32,129.662994,5.661200,-1.132630,0.000788,129.791458,1
31,3.100470,3.100470,33,33,0.000000,0.000000,0.000000,0.000000,0.000000,0
31,3.100470,3.100470,34,34,0.000000,0.000000,0.000000,0.000000,0.000000,0
31,3.100470,3.100470,35,35,0.000000,0.000000,0.000000,0.000000,0.000000,0
32,3.200050,3.200050,0,0,8.721720,-0.380798,-0.381161,0.011894,8.738346,1
32,3.200050,3.200050,1,1,16.370300,-0.714744,-0.429081,0.006341,16.391514,1
32,3.200050,3.200050,2,2,132.188995,-5.771480,-1.154690,0.000785,132.319962,1
32,3.200050,3.200050,3,3,0.000000,0.000000,0.000000,0.000000,0.000000,0
32,3.200050,3.200050,4,4,0.000000,0.000000,0.000000,0.000000,0.000000,0
32,3.200050,3.200050,5,5,0.000000,0.000000,0.000000,0.000000,0.000000,0
32,3.200050,3.200050,6,6,8.727850,-0.228547,-0.381197,0.011893,8.739160,1
32,3.200050,3.200050,7,7,16.383200,-0.429008,-0.429155,0.006340,16.394434,1
32,3.200050,3.200050,8,8,132.455002,-3.468470,-1.156320,0.000784,132.505463,1
32,3.200050,3.200050,9,9,0.000000,0.000000,0.000000,0.000000,0.000000,0
32,3.200050,3.200050,10,10,0.000000,0.000000,0.000000,0.000000,0.000000,0
32,3.200050,3.200050,11,11,0.000000,0.000000,0.000000,0.000000,0.000000,0
32,3.200050,3.200050,12,12,8.730880,-0.076193,-0.381213,0.011892,8.739531,1
32,3.200050,3.200050,13,13,16.389400,-0.143028,-0.429189,0.006339,16.395643,1
32,3.200050,3.200050,14,14,132.580002,-1.157010,-1.157050,0.000784,132.590088,1
32,3.200050,3.200050,15,15,0.000000,0.000000,0.000000,0.000000,0.000000,0
32,3.200050,3.200050,16,16,0.000000,0.000000,0.000000,0.000000,0.000000,0
32,3.200050,3.200050,17,17,0.000000,0.000000,0.000000,0.000000,0.000000,0
32,3.200050,3.200050,18,18,8.730800,0.076193,-0.381209,0.011892,8.739450,1
32,3.200050,3.200050,19,19,16.389200,0.143026,-0.429182,0.006339,16.395443,1
32,3.200050,3.200050,20,20,132.561005,1.156850,-1.156890,0.000784,132.571091,1
32,3.200050,3.200050,21,21,0.000000,0.000000,0.000000,0.000000,0.000000,0
32,3.200050,3.200050,22,22,0.000000,0.000000,0.000000,0.000000,0.000000,0
32,3.200050,3.200050,23,23,0.000000,0.000000,0.000000,0.000000,0.000000,0
32,3.200050,3.200050,24,24,8.727610,0.228540,-0.381186,0.011893,8.738919,1
32,3.200050,3.200050,25,25,16.382299,0.428986,-0.429133,0.006340,16.393532,1
32,3.200050,3.200050,26,26,132.399994,3.467020,-1.155830,0.000785,132.450424,1
32,3.200050,3.200050,27,27,0.000000,0.000000,0.000000,0.000000,0.000000,0
32,3.200050,3.200050,28,28,0.000000,0.000000,0.000000,0.000000,0.000000,0
32,3.200050,3.200050,29,29,0.000000,0.000000,0.000000,0.000000,0.000000,0
32,3.200050,3.200050,30,30,8.721320,0.380781,-0.381144,0.011894,8.737946,1
32,3.200050,3.200050,31,31,16.368900,0.714682,-0.429043,0.006341,16.390112,1
32,3.200050,3.200050,32,32,132.095993,5.767450,-1.153890,0.000786,132.226883,1
32,3.200050,3.200050,33,33,0.000000,0.000000,0.000000,0.000000,0.000000,0
32,3.200050,3.200050,34,34,0.000000,0.000000,0.000000,0.000000,0.000000,0
32,3.200050,3.200050,35,35,0.000000,0.000000,0.000000,0.000000,0.000000,0
33,3.309640,3.309640,0,0,8.725420,-0.380960,-0.381323,0.011892,8.742054,1
33,3.309640,3.309640,1,1,16.379601,-0.715149,-0.429324,0.006339,16.400826,1
33,3.309640,3.309640,2,2,132.550995,-5.787290,-1.157850,0.000784,132.682312,1
33,3.309640,3.309640,3,3,0.000000,0.000000,0.000000,0.000000,0.000000,0
33,3.309640,3.309640,4,4,0.000000,0.000000,0.000000,0.000000,0.000000,0
33,3.309640,3.309640,5,5,0.000000,0.000000,0.000000,0.000000,0.000000,0
33,3.309640,3.309640,6,6,8.731580,-0.228645,-0.381360,0.011891,8.742894,1
33,3.309640,3.309640,7,7,16.392599,-0.429254,-0.429401,0.006338,16.403839,1
33,3.309640,3.309640,8,8,132.826004,-3.478170,-1.159550,0.000782,132.876602,1
33,3.309640,3.309640,9,9,0.000000,0.000000,0.000000,0.000000,0.000000,0
33,3.309640,3.309640,10,10,0.000000,0.000000,0.000000,0.000000,0.000000,0
33,3.309640,3.309640,11,11,0.000000,0.000000,0.000000,0.000000,0.000000,0
33,3.309640,3.309640,12,12,8.734630,-0.076226,-0.381377,0.011890,8.743284,1
33,3.309640,3.309640,13,13,16.398899,-0.143111,-0.429438,0.006337,16.405146,1
33,3.309640,3.309640,14,14,132.957993,-1.160300,-1.160350,0.000782,132.968109,1
33,3.309640,3.309640,15,15,0.000000,0.000000,0.000000,0.000000,0.000000,0
33,3.309640,3.309640,16,16,0.000000,0.000000,0.000000,0.000000,0.000000,0
33,3.309640,3.309640,17,17,0.000000,0.000000,0.000000,0.000000,0.000000,0
33,3.309640,3.309640,18,18,8.734580,0.076225,-0.381374,0.011890,8.743235,1
33,3.309640,3.309640,19,19,16.398800,0.143110,-0.429433,0.006337,16.405046,1
33,3.309640,3.309640,20,20,132.945999,1.160200,-1.160250,0.000782,132.956116,1
33,3.309640,3.309640,21,21,0.000000,0.000000,0.000000,0.000000,0.000000,0
33,3.309640,3.309640,22,22,0.000000,0.000000,0.000000,0.000000,0.000000,0
33,3.309640,3.309640,23,23,0.000000,0.000000,0.000000,0.000000,0.000000,0
33,3.309640,3.309640,24,24,8.731420,0.228640,-0.381353,0.011891,8.742734,1
33,3.309640,3.309640,25,25,16.392000,0.429240,-0.429387,0.006338,16.403240,1
33,3.309640,3.309640,26,26,132.789993,3.477240,-1.159240,0.000783,132.840576,1
33,3.309640,3.309640,27,27,0.000000,0.000000,0.000000,0.000000,0.000000,0
33,3.309640,3.309640,28,28,0.000000,0.000000,0.000000,0.000000,0.000000,0
33,3.309640,3.309640,29,29,0.000000,0.000000,0.000000,0.000000,0.000000,0
33,3.309640,3.309640,30,30,8.725160,0.380949,-0.381312,0.011892,8.741792,1
33,3.309640,3.309640,31,31,16.378700,0.715110,-0.429300,0.006339,16.399923,1
33,3.309640,3.309640,32,32,132.492004,5.784720,-1.157340,0.000784,132.623276,1
33,3.309640,3.309640,33,33,0.000000,0.000000,0.000000,0.000000,0.000000,0
33,3.309640,3.309640,34,34,0.000000,0.000000,0.000000,0.000000,0.000000,0
33,3.309640,3.309640,35,35,0.000000,0.000000,0.000000,0.000000,0.000000,0
34,3.400340,3.400340,0,0,8.729170,-0.381124,-0.381487,0.011891,8.745810,1
34,3.400340,3.400340,1,1,16.388201,-0.715526,-0.429550,0.006337,16.409435,1
34,3.400340,3.400340,2,2,132.813995,-5.798800,-1.160160,0.000782,132.945587,1
34,3.400340,3.400340,3,3,0.000000,0.000000,0.000000,0.000000,0.000000,0
34,3.400340,3.400340,4,4,0.000000,0.000000,0.000000,0.000000,0.000000,0
34,3.400340,3.400340,5,5,0.000000,0.000000,0.000000,0.000000,0.000000,0
34,3.400340,3.400340,6,6,8.735370,-0.228744,-0.381525,0.011889,8.746689,1
34,3.400340,3.400340,7,7,16.401300,-0.429483,-0.429630,0.006336,16.412546,1
34,3.400340,3.400340,8,8,133.097000,-3.485270,-1.161920,0.000781,133.147690,1
34,3.400340,3.400340,9,9,0.000000,0.000000,0.000000,0.000000,0.000000,0
34,3.400340,3.400340,10,10,0.000000,0.000000,0.000000,0.000000,0.000000,0
34,3.400340,3.400340,11,11,0.000000,0.000000,0.000000,0.000000,0.000000,0
34,3.400340,3.400340,12,12,8.738450,-0.076259,-0.381544,0.011889,8.747108,1
34,3.400340,3.400340,13,13,16.407801,-0.143189,-0.429669,0.006336,16.414049,1
34,3.400340,3.400340,14,14,133.235992,-1.162740,-1.162780,0.000780,133.246140,1
34,3.400340,3.400340,15,15,0.000000,0.000000,0.000000,0.000000,0.000000,0
34,3.400340,3.400340,16,16,0.000000,0.000000,0.000000,0.000000,0.000000,0
34,3.400340,3.400340,17,17,0.000000,0.000000,0.000000,0.000000,0.000000,0
34,3.400340,3.400340,18,18,8.738430,0.076259,-0.381543,0.011889,8.747088,1
34,3.400340,3.400340,19,19,16.407700,0.143188,-0.429667,0.006336,16.413950,1
34,3.400340,3.400340,20,20,133.231003,1.162690,-1.162730,0.000780,133.241150,1
34,3.400340,3.400340,21,21,0.000000,0.000000,0.000000,0.000000,0.000000,0
34,3.400340,3.400340,22,22,0.000000,0.000000,0.000000,0.000000,0.000000,0
34,3.400340,3.400340,23,23,0.000000,0.000000,0.000000,0.000000,0.000000,0
34,3.400340,3.400340,24,24,8.735310,0.228742,-0.381522,0.011889,8.746629,1
34,3.400340,3.400340,25,25,16.401100,0.429477,-0.429624,0.006336,16.412346,1
34,3.400340,3.400340,26,26,133.082001,3.484860,-1.161780,0.000781,133.132690,1
34,3.400340,3.400340,27,27,0.000000,0.000000,0.000000,0.000000,0.000000,0
34,3.400340,3.400340,28,28,0.000000,0.000000,0.000000,0.000000,0.000000,0
34,3.400340,3.400340,29,29,0.000000,0.000000,0.000000,0.000000,0.000000,0
34,3.400340,3.400340,30,30,8.729060,0.381119,-0.381482,0.011891,8.745700,1
34,3.400340,3.400340,31,31,16.387800,0.715509,-0.429540,0.006338,16.409037,1
34,3.400340,3.400340,32,32,132.789001,5.797670,-1.159930,0.000782,132.920563,1
34,3.400340,3.400340,33,33,0.000000,0.000000,0.000000,0.000000,0.000000,0
34,3.400340,3.400340,34,34,0.000000,0.000000,0.000000,0.000000,0.000000,0
34,3.400340,3.400340,35,35,0.000000,0.000000,0.000000,0.000000,0.000000,0
35,3.509940,3.509940,0,0,8.731580,-0.381229,-0.381592,0.011889,8.748224,1
35,3.509940,3.509940,1,1,16.394300,-0.715792,-0.429710,0.006336,16.415545,1
35,3.509940,3.509940,2,2,133.057999,-5.809420,-1.162280,0.000781,133.189835,1
35,3.509940,3.509940,3,3,0.000000,0.000000,0.000000,0.000000,0.000000,0
35,3.509940,3.509940,4,4,0.000000,0.000000,0.000000,0.000000,0.000000,0
35,3.509940,3.509940,5,5,0.000000,0.000000,0.000000,0.000000,0.000000,0
35,3.509940,3.509940,6,6,8.737820,-0.228808,-0.381632,0.011888,8.749143,1
35,3.509940,3.509940,7,7,16.407499,-0.429646,-0.429794,0.006335,16.418751,1
35,3.509940,3.509940,8,8,133.350998,-3.491910,-1.164130,0.000780,133.401794,1
35,3.509940,3.509940,9,9,0.000000,0.000000,0.000000,0.000000,0.000000,0
35,3.509940,3.509940,10,10,0.000000,0.000000,0.000000,0.000000,0.000000,0
35,3.509940,3.509940,11,11,0.000000,0.000000,0.000000,0.000000,0.000000,0
35,3.509940,3.509940,12,12,8.740950,-0.076281,-0.381652,0.011887,8.749610,1
35,3.509940,3.509940,13,13,16.414200,-0.143244,-0.429837,0.006334,16.420452,1
35,3.509940,3.509940,14,14,133.500000,-1.165030,-1.165080,0.000779,133.510162,1
35,3.509940,3.509940,15,15,0.000000,0.000000,0.000000,0.000000,0.000000,0
35,3.509940,3.509940,16,16,0.000000,0.000000,0.000000,0.000000,0.000000,0
35,3.509940,3.509940,17,17,0.000000,0.000000,0.000000,0.000000,0.000000,0
35,3.509940,3.509940,18,18,8.740970,0.076281,-0.381653,0.011887,8.749630,1
35,3.509940,3.509940,19,19,16.414200,0.143245,-0.429838,0.006334,16.420452,1
35,3.509940,3.509940,20,20,133.503998,1.165070,-1.165110,0.000779,133.514175,1
35,3.509940,3.509940,21,21,0.000000,0.000000,0.000000,0.000000,0.000000,0
35,3.509940,3.509940,22,22,0.000000,0.000000,0.000000,0.000000,0.000000,0
35,3.509940,3.509940,23,23,0.000000,0.000000,0.000000,0.000000,0.000000,0
35,3.509940,3.509940,24,24,8.737870,0.228809,-0.381634,0.011888,8.749192,1
35,3.509940,3.509940,25,25,16.407700,0.429651,-0.429799,0.006335,16.418951,1
35,3.509940,3.509940,26,26,133.363007,3.492230,-1.164240,0.000780,133.413803,1
35,3.509940,3.509940,27,27,0.000000,0.000000,0.000000,0.000000,0.000000,0
35,3.509940,3.509940,28,28,0.000000,0.000000,0.000000,0.000000,0.000000,0
35,3.509940,3.509940,29,29,0.000000,0.000000,0.000000,0.000000,0.000000,0
35,3.509940,3.509940,30,30,8.731660,0.381233,-0.381596,0.011889,8.748304,1
35,3.509940,3.509940,31,31,16.394600,0.715805,-0.429718,0.006336,16.415844,1
35,3.509940,3.509940,32,32,133.078003,5.810300,-1.162460,0.000781,133.209854,1
35,3.509940,3.509940,33,33,0.000000,0.000000,0.000000,0.000000,0.000000,0
35,3.509940,3.509940,34,34,0.000000,0.000000,0.000000,0.000000,0.000000,0
35,3.509940,3.509940,35,35,0.000000,0.000000,0.000000,0.000000,0.000000,0
36,3.600480,3.600480,0,0,8.734700,-0.381365,-0.381729,0.011888,8.751351,1
36,3.600480,3.600480,1,1,16.401199,-0.716092,-0.429890,0.006335,16.422453,1
36,3.600480,3.600480,2,2,133.242004,-5.817480,-1.163900,0.000780,133.374023,1
36,3.600480,3.600480,3,3,0.000000,0.000000,0.000000,0.000000,0.000000,0
36,3.600480,3.600480,4,4,0.000000,0.000000,0.000000,0.000000,0.000000,0
36,3.600480,3.600480,5,5,0.000000,0.000000,0.000000,0.000000,0.000000,0
36,3.600480,3.600480,6,6,8.740970,-0.228890,-0.381770,0.011887,8.752296,1
36,3.600480,3.600480,7,7,16.414600,-0.429830,-0.429978,0.006334,16.425856,1
36,3.600480,3.600480,8,8,133.544006,-3.496980,-1.165820,0.000779,133.594879,1
36,3.600480,3.600480,9,9,0.000000,0.000000,0.000000,0.000000,0.000000,0
36,3.600480,3.600480,10,10,0.000000,0.000000,0.000000,0.000000,0.000000,0
36,3.600480,3.600480,11,11,0.000000,0.000000,0.000000,0.000000,0.000000,0
36,3.600480,3.600480,12,12,8.744130,-0.076309,-0.381791,0.011886,8.752793,1
36,3.600480,3.600480,13,13,16.421301,-0.143307,-0.430024,0.006333,16.427555,1
36,3.600480,3.600480,14,14,133.701004,-1.166800,-1.166840,0.000778,133.711182,1
36,3.600480,3.600480,15,15,0.000000,0.000000,0.000000,0.000000,0.000000,0
36,3.600480,3.600480,16,16,0.000000,0.000000,0.000000,0.000000,0.000000,0
36,3.600480,3.600480,17,17,0.000000,0.000000,0.000000,0.000000,0.000000,0
36,3.600480,3.600480,18,18,8.744180,0.076309,-0.381794,0.011886,8.752843,1
36,3.600480,3.600480,19,19,16.421499,0.143308,-0.430028,0.006333,16.427755,1
36,3.600480,3.600480,20,20,133.714005,1.166900,-1.166950,0.000778,133.724182,1
36,3.600480,3.600480,21,21,0.000000,0.000000,0.000000,0.000000,0.000000,0
36,3.600480,3.600480,22,22,0.000000,0.000000,0.000000,0.000000,0.000000,0
36,3.600480,3.600480,23,23,0.000000,0.000000,0.000000,0.000000,0.000000,0
36,3.600480,3.600480,24,24,8.741120,0.228894,-0.381776,0.011887,8.752447,1
36,3.600480,3.600480,25,25,16.415100,0.429845,-0.429992,0.006334,16.426355,1
36,3.600480,3.600480,26,26,133.580002,3.497930,-1.166140,0.000779,133.630890,1
36,3.600480,3.600480,27,27,0.000000,0.000000,0.000000,0.000000,0.000000,0
36,3.600480,3.600480,28,28,0.000000,0.000000,0.000000,0.000000,0.000000,0
36,3.600480,3.600480,29,29,0.000000,0.000000,0.000000,0.000000,0.000000,0
36,3.600480,3.600480,30,30,8.734960,0.381376,-0.381740,0.011888,8.751611,1
36,3.600480,3.600480,31,31,16.402100,0.716132,-0.429914,0.006335,16.423353,1
36,3.600480,3.600480,32,32,133.302002,5.820110,-1.164420,0.000780,133.434082,1
36,3.600480,3.600480,33,33,0.000000,0.000000,0.000000,0.000000,0.000000,0
36,3.600480,3.600480,34,34,0.000000,0.000000,0.000000,0.000000,0.000000,0
36,3.600480,3.600480,35,35,0.000000,0.000000,0.000000,0.000000,0.000000,0
37,3.700080,3.700080,0,0,8.736810,-0.381457,-0.381821,0.011888,8.753465,1
37,3.700080,3.700080,1,1,16.406099,-0.716308,-0.430019,0.006334,16.427359,1
37,3.700080,3.700080,2,2,133.399994,-5.824360,-1.165270,0.000779,133.532166,1
37,3.700080,3.700080,3,3,0.000000,0.000000,0.000000,0.000000,0.000000,0
37,3.700080,3.700080,4,4,0.000000,0.000000,0.000000,0.000000,0.000000,0
37,3.700080,3.700080,5,5,0.000000,0.000000,0.000000,0.000000,0.000000,0
37,3.700080,3.700080,6,6,8.743120,-0.228947,-0.381864,0.011886,8.754450,1
37,3.700080,3.700080,7,7,16.419600,-0.429963,-0.430110,0.006333,16.430859,1
37,3.700080,3.700080,8,8,133.710999,-3.501350,-1.167280,0.000778,133.761932,1
37,3.700080,3.700080,9,9,0.000000,0.000000,0.000000,0.000000,0.000000,0
37,3.700080,3.700080,10,10,0.000000,0.000000,0.000000,0.000000,0.000000,0
37,3.700080,3.700080,11,11,0.000000,0.000000,0.000000,0.000000,0.000000,0
37,3.700080,3.700080,12,12,8.746330,-0.076328,-0.381887,0.011885,8.754996,1
37,3.700080,3.700080,13,13,16.426500,-0.143352,-0.430160,0.006332,16.432756,1
37,3.700080,3.700080,14,14,133.878006,-1.168340,-1.168380,0.000777,133.888199,1
37,3.700080,3.700080,15,15,0.000000,0.000000,0.000000,0.000000,0.000000,0
37,3.700080,3.700080,16,16,0.000000,0.000000,0.000000,0.000000,0.000000,0
37,3.700080,3.700080,17,17,0.000000,0.000000,0.000000,0.000000,0.000000,0
37,3.700080,3.700080,18,18,8.746420,0.076329,-0.381891,0.011885,8.755086,1
37,3.700080,3.700080,19,19,16.426800,0.143355,-0.430168,0.006332,16.433056,1
37,3.700080,3.700080,20,20,133.899002,1.168520,-1.168570,0.000777,133.909195,1
37,3.700080,3.700080,21,21,0.000000,0.000000,0.000000,0.000000,0.000000,0
37,3.700080,3.700080,22,22,0.000000,0.000000,0.000000,0.000000,0.000000,0
37,3.700080,3.700080,23,23,0.000000,0.000000,0.000000,0.000000,0.000000,0
37,3.700080,3.700080,24,24,8.743400,0.228954,-0.381876,0.011886,8.754729,1
37,3.700080,3.700080,25,25,16.420601,0.429988,-0.430135,0.006333,16.431860,1
37,3.700080,3.700080,26,26,133.774994,3.503020,-1.167840,0.000778,133.825943,1
37,3.700080,3.700080,27,27,0.000000,0.000000,0.000000,0.000000,0.000000,0
37,3.700080,3.700080,28,28,0.000000,0.000000,0.000000,0.000000,0.000000,0
37,3.700080,3.700080,29,29,0.000000,0.000000,0.000000,0.000000,0.000000,0
37,3.700080,3.700080,30,30,8.737260,0.381477,-0.381841,0.011887,8.753916,1
37,3.700080,3.700080,31,31,16.407700,0.716377,-0.430061,0.006334,16.428961,1
37,3.700080,3.700080,32,32,133.505005,5.828970,-1.166190,0.000779,133.637283,1
37,3.700080,3.700080,33,33,0.000000,0.000000,0.000000,0.000000,0.000000,0
37,3.700080,3.700080,34,34,0.000000,0.000000,0.000000,0.000000,0.000000,0
37,3.700080,3.700080,35,35,0.000000,0.000000,0.000000,0.000000,0.000000,0
38,3.800600,3.800600,0,0,8.739710,-0.381584,-0.381948,0.011887,8.756371,1
38,3.800600,3.800600,1,1,16.412399,-0.716579,-0.430182,0.006334,16.433666,1
38,3.800600,3.800600,2,2,133.546005,-5.830730,-1.166540,0.000779,133.678329,1
38,3.800600,3.800600,3,3,0.000000,0.000000,0.000000,0.000000,0.000000,0
38,3.800600,3.800600,4,4,0.000000,0.000000,0.000000,0.000000,0.000000,0
38,3.800600,3.800600,5,5,0.000000,0.000000,0.000000,0.000000,0.000000,0
38,3.800600,3.800600,6,6,8.746070,-0.229024,-0.381993,0.011886,8.757403,1
38,3.800600,3.800600,7,7,16.426001,-0.430129,-0.430277,0.006332,16.437263,1
38,3.800600,3.800600,8,8,133.867004,-3.505420,-1.168640,0.000777,133.917984,1
38,3.800600,3.800600,9,9,0.000000,0.000000,0.000000,0.000000,0.000000,0
38,3.800600,3.800600,10,10,0.000000,0.000000,0.000000,0.000000,0.000000,0
38,3.800600,3.800600,11,11,0.000000,0.000000,0.000000,0.000000,0.000000,0
38,3.800600,3.800600,12,12,8.749310,-0.076354,-0.382018,0.011885,8.757978,1
38,3.800600,3.800600,13,13,16.433001,-0.143409,-0.430330,0.006332,16.439260,1
38,3.800600,3.800600,14,14,134.042999,-1.169770,-1.169820,0.000776,134.053207,1
38,3.800600,3.800600,15,15,0.000000,0.000000,0.000000,0.000000,0.000000,0
38,3.800600,3.800600,16,16,0.000000,0.000000,0.000000,0.000000,0.000000,0
38,3.800600,3.800600,17,17,0.000000,0.000000,0.000000,0.000000,0.000000,0
38,3.800600,3.800600,18,18,8.749440,0.076355,-0.382023,0.011885,8.758109,1
38,3.800600,3.800600,19,19,16.433500,0.143413,-0.430342,0.006331,16.439760,1
38,3.800600,3.800600,20,20,134.072998,1.170040,-1.170080,0.000776,134.083206,1
38,3.800600,3.800600,21,21,0.000000,0.000000,0.000000,0.000000,0.000000,0
38,3.800600,3.800600,22,22,0.000000,0.000000,0.000000,0.000000,0.000000,0
38,3.800600,3.800600,23,23,0.000000,0.000000,0.000000,0.000000,0.000000,0
38,3.800600,3.800600,24,24,8.746460,0.229034,-0.382009,0.011885,8.757793,1
38,3.800600,3.800600,25,25,16.427299,0.430165,-0.430313,0.006332,16.438564,1
38,3.800600,3.800600,26,26,133.957001,3.507790,-1.169430,0.000777,134.008026,1
38,3.800600,3.800600,27,27,0.000000,0.000000,0.000000,0.000000,0.000000,0
38,3.800600,3.800600,28,28,0.000000,0.000000,0.000000,0.000000,0.000000,0
38,3.800600,3.800600,29,29,0.000000,0.000000,0.000000,0.000000,0.000000,0
38,3.800600,3.800600,30,30,8.740360,0.381612,-0.381976,0.011886,8.757022,1
38,3.800600,3.800600,31,31,16.414600,0.716678,-0.430242,0.006333,16.435871,1
38,3.800600,3.800600,32,32,133.695999,5.837290,-1.167860,0.000778,133.828461,1
38,3.800600,3.800600,33,33,0.000000,0.000000,0.000000,0.000000,0.000000,0
38,3.800600,3.800600,34,34,0.000000,0.000000,0.000000,0.000000,0.000000,0
38,3.800600,3.800600,35,35,0.000000,0.000000,0.000000,0.000000,0.000000,0
39,3.900380,3.900380,0,0,8.742370,-0.381700,-0.382064,0.011886,8.759035,1
39,3.900380,3.900380,1,1,16.417999,-0.716824,-0.430329,0.006333,16.439274,1
39,3.900380,3.900380,2,2,133.669006,-5.836130,-1.167630,0.000778,133.801437,1
39,3.900380,3.900380,3,3,0.000000,0.000000,0.000000,0.000000,0.000000,0
39,3.900380,3.900380,4,4,0.000000,0.000000,0.000000,0.000000,0.000000,0
39,3.900380,3.900380,5,5,0.000000,0.000000,0.000000,0.000000,0.000000,0
39,3.900380,3.900380,6,6,8.748760,-0.229094,-0.382110,0.011885,8.760097,1
39,3.900380,3.900380,7,7,16.431700,-0.430280,-0.430427,0.006332,16.442968,1
39,3.900380,3.900380,8,8,133.998993,-3.508900,-1.169800,0.000777,134.050034,1
39,3.900380,3.900380,9,9,0.000000,0.000000,0.000000,0.000000,0.000000,0
39,3.900380,3.900380,10,10,0.000000,0.000000,0.000000,0.000000,0.000000,0
39,3.900380,3.900380,11,11,0.000000,0.000000,0.000000,0.000000,0.000000,0
39,3.900380,3.900380,12,12,8.752050,-0.076378,-0.382137,0.011884,8.760722,1
39,3.900380,3.900380,13,13,16.438900,-0.143460,-0.430484,0.006331,16.445160,1
39,3.900380,3.900380,14,14,134.184006,-1.171010,-1.171050,0.000776,134.194229,1
39,3.900380,3.900380,15,15,0.000000,0.000000,0.000000,0.000000,0.000000,0
39,3.900380,3.900380,16,16,0.000000,0.000000,0.000000,0.000000,0.000000,0
39,3.900380,3.900380,17,17,0.000000,0.000000,0.000000,0.000000,0.000000,0
39,3.900380,3.900380,18,18,8.752210,0.076379,-0.382144,0.011884,8.760881,1
39,3.900380,3.900380,19,19,16.439501,0.143465,-0.430499,0.006331,16.445761,1
39,3.900380,3.900380,20,20,134.223007,1.171350,-1.171390,0.000776,134.233231,1
39,3.900380,3.900380,21,21,0.000000,0.000000,0.000000,0.000000,0.000000,0
39,3.900380,3.900380,22,22,0.000000,0.000000,0.000000,0.000000,0.000000,0
39,3.900380,3.900380,23,23,0.000000,0.000000,0.000000,0.000000,0.000000,0
39,3.900380,3.900380,24,24,8.749250,0.229107,-0.382132,0.011884,8.760588,1
39,3.900380,3.900380,25,25,16.433500,0.430326,-0.430473,0.006331,16.444769,1
39,3.900380,3.900380,26,26,134.115005,3.511940,-1.170810,0.000776,134.166092,1
39,3.900380,3.900380,27,27,0.000000,0.000000,0.000000,0.000000,0.000000,0
39,3.900380,3.900380,28,28,0.000000,0.000000,0.000000,0.000000,0.000000,0
39,3.900380,3.900380,29,29,0.000000,0.000000,0.000000,0.000000,0.000000,0
39,3.900380,3.900380,30,30,8.743190,0.381736,-0.382100,0.011885,8.759857,1
39,3.900380,3.900380,31,31,16.420900,0.716951,-0.430405,0.006332,16.442179,1
39,3.900380,3.900380,32,32,133.862000,5.844540,-1.169310,0.000777,133.994629,1
39,3.900380,3.900380,33,33,0.000000,0.000000,0.000000,0.000000,0.000000,0
39,3.900380,3.900380,34,34,0.000000,0.000000,0.000000,0.000000,0.000000,0
39,3.900380,3.900380,35,35,0.000000,0.000000,0.000000,0.000000,0.000000,0
40,4.000380,4.000380,0,0,8.744450,-0.381791,-0.382155,0.011886,8.761119,1
40,4.000380,4.000380,1,1,16.422400,-0.717017,-0.430445,0.006333,16.443680,1
40,4.000380,4.000380,2,2,133.768005,-5.840450,-1.168490,0.000778,133.900543,1
40,4.000380,4.000380,3,3,0.000000,0.000000,0.000000,0.000000,0.000000,0
40,4.000380,4.000380,4,4,0.000000,0.000000,0.000000,0.000000,0.000000,0
40,4.000380,4.000380,5,5,0.000000,0.000000,0.000000,0.000000,0.000000,0
40,4.000380,4.000380,6,6,8.750880,-0.229150,-0.382203,0.011885,8.762219,1
40,4.000380,4.000380,7,7,16.436300,-0.430399,-0.430546,0.006331,16.447571,1
40,4.000380,4.000380,8,8,134.106003,-3.511700,-1.170730,0.000776,134.157089,1
40,4.000380,4.000380,9,9,0.000000,0.000000,0.000000,0.000000,0.000000,0
40,4.000380,4.000380,10,10,0.000000,0.000000,0.000000,0.000000,0.000000,0
40,4.000380,4.000380,11,11,0.000000,0.000000,0.000000,0.000000,0.000000,0
40,4.000380,4.000380,12,12,8.754200,-0.076397,-0.382231,0.011884,8.762874,1
40,4.000380,4.000380,13,13,16.443600,-0.143501,-0.430606,0.006330,16.449863,1
40,4.000380,4.000380,14,14,134.298996,-1.172010,-1.172060,0.000775,134.309219,1
40,4.000380,4.000380,15,15,0.000000,0.000000,0.000000,0.000000,0.000000,0
40,4.000380,4.000380,16,16,0.000000,0.000000,0.000000,0.000000,0.000000,0
40,4.000380,4.000380,17,17,0.000000,0.000000,0.000000,0.000000,0.000000,0
40,4.000380,4.000380,18,18,8.754390,0.076398,-0.382239,0.011883,8.763063,1
40,4.000380,4.000380,19,19,16.444201,0.143507,-0.430624,0.006330,16.450464,1
40,4.000380,4.000380,20,20,134.345993,1.172420,-1.172460,0.000775,134.356232,1
40,4.000380,4.000380,21,21,0.000000,0.000000,0.000000,0.000000,0.000000,0
40,4.000380,4.000380,22,22,0.000000,0.000000,0.000000,0.000000,0.000000,0
40,4.000380,4.000380,23,23,0.000000,0.000000,0.000000,0.000000,0.000000,0
40,4.000380,4.000380,24,24,8.751470,0.229165,-0.382228,0.011884,8.762810,1
40,4.000380,4.000380,25,25,16.438299,0.430453,-0.430601,0.006331,16.449572,1
40,4.000380,4.000380,26,26,134.244995,3.515340,-1.171940,0.000775,134.296127,1
40,4.000380,4.000380,27,27,0.000000,0.000000,0.000000,0.000000,0.000000,0
40,4.000380,4.000380,28,28,0.000000,0.000000,0.000000,0.000000,0.000000,0
40,4.000380,4.000380,29,29,0.000000,0.000000,0.000000,0.000000,0.000000,0
40,4.000380,4.000380,30,30,8.745430,0.381834,-0.382198,0.011885,8.762101,1
40,4.000380,4.000380,31,31,16.425900,0.717169,-0.430536,0.006332,16.447186,1
40,4.000380,4.000380,32,32,133.998993,5.850530,-1.170510,0.000776,134.131760,1
40,4.000380,4.000380,33,33,0.000000,0.000000,0.000000,0.000000,0.000000,0
40,4.000380,4.000380,34,34,0.000000,0.000000,0.000000,0.000000,0.000000,0
40,4.000380,4.000380,35,35,0.000000,0.000000,0.000000,0.000000,0.000000,0
41,4.100020,4.100020,0,0,8.734690,-0.381365,-0.381728,0.011886,8.751341,1
41,4.100020,4.100020,1,1,16.404499,-0.716236,-0.429976,0.006332,16.425756,1
41,4.100020,4.100020,2,2,133.677002,-5.836460,-1.167690,0.000777,133.809448,1
41,4.100020,4.100020,3,3,0.000000,0.000000,0.000000,0.000000,0.000000,0
41,4.100020,4.100020,4,4,0.000000,0.000000,0.000000,0.000000,0.000000,0
41,4.100020,4.100020,5,5,0.000000,0.000000,0.000000,0.000000,0.000000,0
41,4.100020,4.100020,6,6,8.741140,-0.228895,-0.381777,0.011884,8.752467,1
41,4.100020,4.100020,7,7,16.418501,-0.429932,-0.430080,0.006331,16.429758,1
41,4.100020,4.100020,8,8,134.022003,-3.509490,-1.169990,0.000776,134.073044,1
41,4.100020,4.100020,9,9,0.000000,0.000000,0.000000,0.000000,0.000000,0
41,4.100020,4.100020,10,10,0.000000,0.000000,0.000000,0.000000,0.000000,0
41,4.100020,4.100020,11,11,0.000000,0.000000,0.000000,0.000000,0.000000,0
41,4.100020,4.100020,12,12,8.744480,-0.076312,-0.381807,0.011883,8.753144,1
41,4.100020,4.100020,13,13,16.425800,-0.143346,-0.430142,0.006330,16.432056,1
41,4.100020,4.100020,14,14,134.222000,-1.171330,-1.171380,0.000775,134.232224,1
41,4.100020,4.100020,15,15,0.000000,0.000000,0.000000,0.000000,0.000000,0
41,4.100020,4.100020,16,16,0.000000,0.000000,0.000000,0.000000,0.000000,0
41,4.100020,4.100020,17,17,0.000000,0.000000,0.000000,0.000000,0.000000,0
41,4.100020,4.100020,18,18,8.744710,0.076314,-0.381817,0.011883,8.753374,1
41,4.100020,4.100020,19,19,16.426600,0.143353,-0.430163,0.006330,16.432856,1
41,4.100020,4.100020,20,20,134.274994,1.171800,-1.171840,0.000775,134.285217,1
41,4.100020,4.100020,21,21,0.000000,0.000000,0.000000,0.000000,0.000000,0
41,4.100020,4.100020,22,22,0.000000,0.000000,0.000000,0.000000,0.000000,0
41,4.100020,4.100020,23,23,0.000000,0.000000,0.000000,0.000000,0.000000,0
41,4.100020,4.100020,24,24,8.741820,0.228913,-0.381807,0.011883,8.753148,1
41,4.100020,4.100020,25,25,16.420900,0.429995,-0.430142,0.006330,16.432161,1
41,4.100020,4.100020,26,26,134.182007,3.513670,-1.171390,0.000775,134.233109,1
41,4.100020,4.100020,27,27,0.000000,0.000000,0.000000,0.000000,0.000000,0
41,4.100020,4.100020,28,28,0.000000,0.000000,0.000000,0.000000,0.000000,0
41,4.100020,4.100020,29,29,0.000000,0.000000,0.000000,0.000000,0.000000,0
41,4.100020,4.100020,30,30,8.735820,0.381414,-0.381778,0.011884,8.752473,1
41,4.100020,4.100020,31,31,16.408501,0.716410,-0.430080,0.006331,16.429762,1
41,4.100020,4.100020,32,32,133.942001,5.848040,-1.170010,0.000776,134.074707,1
41,4.100020,4.100020,33,33,0.000000,0.000000,0.000000,0.000000,0.000000,0
41,4.100020,4.100020,34,34,0.000000,0.000000,0.000000,0.000000,0.000000,0
41,4.100020,4.100020,35,35,0.000000,0.000000,0.000000,0.000000,0.000000,0
42,4.200190,4.200190,0,0,8.758280,-0.382395,-0.382759,0.011885,8.774976,1
42,4.200190,4.200190,1,1,16.449100,-0.718184,-0.431146,0.006332,16.470415,1
42,4.200190,4.200190,2,2,134.080002,-5.854050,-1.171210,0.000777,134.212845,1
42,4.200190,4.200190,3,3,0.000000,0.000000,0.000000,0.000000,0.000000,0
42,4.200190,4.200190,4,4,0.000000,0.000000,0.000000,0.000000,0.000000,0
42,4.200190,4.200190,5,5,0.000000,0.000000,0.000000,0.000000,0.000000,0
42,4.200190,4.200190,6,6,8.764770,-0.229514,-0.382809,0.011884,8.776127,1
42,4.200190,4.200190,7,7,16.463200,-0.431104,-0.431252,0.006331,16.474489,1
42,4.200190,4.200190,8,8,134.431000,-3.520190,-1.173560,0.000776,134.482208,1
42,4.200190,4.200190,9,9,0.000000,0.000000,0.000000,0.000000,0.000000,0
42,4.200190,4.200190,10,10,0.000000,0.000000,0.000000,0.000000,0.000000,0
42,4.200190,4.200190,11,11,0.000000,0.000000,0.000000,0.000000,0.000000,0
42,4.200190,4.200190,12,12,8.768140,-0.076518,-0.382840,0.011883,8.776828,1
42,4.200190,4.200190,13,13,16.470699,-0.143737,-0.431316,0.006330,16.476973,1
42,4.200190,4.200190,14,14,77.084099,-0.672703,-0.672729,0.232279,77.089973,1
42,4.200190,4.200190,15,15,0.000000,0.000000,0.000000,0.000000,0.000000,0
42,4.200190,4.200190,16,16,0.000000,0.000000,0.000000,0.000000,0.000000,0
42,4.200190,4.200190,17,17,0.000000,0.000000,0.000000,0.000000,0.000000,0
42,4.200190,4.200190,18,18,8.768390,0.076521,-0.382851,0.011883,8.777078,1
42,4.200190,4.200190,19,19,16.471500,0.143745,-0.431339,0.006329,16.477776,1
42,4.200190,4.200190,20,20,134.694000,1.175460,-1.175510,0.000774,134.704254,1
42,4.200190,4.200190,21,21,0.000000,0.000000,0.000000,0.000000,0.000000,0
42,4.200190,4.200190,22,22,0.000000,0.000000,0.000000,0.000000,0.000000,0
42,4.200190,4.200190,23,23,0.000000,0.000000,0.000000,0.000000,0.000000,0
42,4.200190,4.200190,24,24,8.765520,0.229533,-0.382842,0.011883,8.776878,1
42,4.200190,4.200190,25,25,16.465799,0.431172,-0.431320,0.006330,16.477091,1
42,4.200190,4.200190,26,26,134.606003,3.524780,-1.175090,0.000775,134.657272,1
42,4.200190,4.200190,27,27,0.000000,0.000000,0.000000,0.000000,0.000000,0
42,4.200190,4.200190,28,28,0.000000,0.000000,0.000000,0.000000,0.000000,0
42,4.200190,4.200190,29,29,0.000000,0.000000,0.000000,0.000000,0.000000,0
42,4.200190,4.200190,30,30,8.759520,0.382449,-0.382813,0.011884,8.776218,1
42,4.200190,4.200190,31,31,16.453501,0.718375,-0.431260,0.006331,16.474821,1
42,4.200190,4.200190,32,32,134.369995,5.866740,-1.173750,0.000775,134.503128,1
42,4.200190,4.200190,33,33,0.000000,0.000000,0.000000,0.000000,0.000000,0
42,4.200190,4.200190,34,34,0.000000,0.000000,0.000000,0.000000,0.000000,0
42,4.200190,4.200190,35,35,0.000000,0.000000,0.000000,0.000000,0.000000,0
43,4.309820,4.309820,0,0,8.750450,-0.382053,-0.382417,0.011885,8.767131,1
43,4.309820,4.309820,1,1,16.434799,-0.717557,-0.430769,0.006332,16.456095,1
43,4.309820,4.309820,2,2,134.007004,-5.850880,-1.170580,0.000777,134.139786,1
43,4.309820,4.309820,3,3,0.000000,0.000000,0.000000,0.000000,0.000000,0
43,4.309820,4.309820,4,4,0.000000,0.000000,0.000000,0.000000,0.000000,0
43,4.309820,4.309820,5,5,0.000000,0.000000,0.000000,0.000000,0.000000,0
43,4.309820,4.309820,6,6,8.756950,-0.229309,-0.382468,0.011884,8.768297,1
43,4.309820,4.309820,7,7,16.448900,-0.430729,-0.430877,0.006330,16.460178,1
43,4.309820,4.309820,8,8,134.363007,-3.518420,-1.172970,0.000775,134.414185,1
43,4.309820,4.309820,9,9,0.000000,0.000000,0.000000,0.000000,0.000000,0
43,4.309820,4.309820,10,10,0.000000,0.000000,0.000000,0.000000,0.000000,0
43,4.309820,4.309820,11,11,0.000000,0.000000,0.000000,0.000000,0.000000,0
43,4.309820,4.309820,12,12,8.760340,-0.076450,-0.382499,0.011883,8.769020,1
43,4.309820,4.309820,13,13,16.456400,-0.143613,-0.430943,0.006329,16.462667,1
43,4.309820,4.309820,14,14,76.390602,-0.666651,-0.666676,0.276553,76.396416,1
43,4.309820,4.309820,15,15,0.000000,0.000000,0.000000,0.000000,0.000000,0
43,4.309820,4.309820,16,16,0.000000,0.000000,0.000000,0.000000,0.000000,0
43,4.309820,4.309820,17,17,0.000000,0.000000,0.000000,0.000000,0.000000,0
43,4.309820,4.309820,18,18,8.760610,0.076453,-0.382511,0.011882,8.769290,1
43,4.309820,4.309820,19,19,16.457399,0.143621,-0.430968,0.006329,16.463669,1
43,4.309820,4.309820,20,20,134.636993,1.174960,-1.175000,0.000774,134.647247,1
43,4.309820,4.309820,21,21,0.000000,0.000000,0.000000,0.000000,0.000000,0
43,4.309820,4.309820,22,22,0.000000,0.000000,0.000000,0.000000,0.000000,0
43,4.309820,4.309820,23,23,0.000000,0.000000,0.000000,0.000000,0.000000,0
43,4.309820,4.309820,24,24,8.757760,0.229330,-0.382503,0.011882,8.769109,1
43,4.309820,4.309820,25,25,16.451700,0.430804,-0.430951,0.006329,16.462982,1
43,4.309820,4.309820,26,26,134.552994,3.523390,-1.174630,0.000774,134.604233,1
43,4.309820,4.309820,27,27,0.000000,0.000000,0.000000,0.000000,0.000000,0
43,4.309820,4.309820,28,28,0.000000,0.000000,0.000000,0.000000,0.000000,0
43,4.309820,4.309820,29,29,0.000000,0.000000,0.000000,0.000000,0.000000,0
43,4.309820,4.309820,30,30,8.751790,0.382111,-0.382475,0.011883,8.768474,1
43,4.309820,4.309820,31,31,16.439501,0.717764,-0.430893,0.006330,16.460804,1
43,4.309820,4.309820,32,32,134.322006,5.864640,-1.173330,0.000775,134.455093,1
43,4.309820,4.309820,33,33,0.000000,0.000000,0.000000,0.000000,0.000000,0
43,4.309820,4.309820,34,34,0.000000,0.000000,0.000000,0.000000,0.000000,0
43,4.309820,4.309820,35,35,0.000000,0.000000,0.000000,0.000000,0.000000,0
44,4.409880,4.409880,0,0,8.753030,-0.382166,-0.382530,0.011885,8.769715,1
44,4.409880,4.409880,1,1,16.439899,-0.717781,-0.430903,0.006332,16.461203,1
44,4.409880,4.409880,2,2,134.080994,-5.854120,-1.171230,0.000777,134.213837,1
44,4.409880,4.409880,3,3,0.000000,0.000000,0.000000,0.000000,0.000000,0
44,4.409880,4.409880,4,4,0.000000,0.000000,0.000000,0.000000,0.000000,0
44,4.409880,4.409880,5,5,0.000000,0.000000,0.000000,0.000000,0.000000,0
44,4.409880,4.409880,6,6,8.759550,-0.229377,-0.382581,0.011883,8.770901,1
44,4.409880,4.409880,7,7,16.454100,-0.430865,-0.431012,0.006330,16.465382,1
44,4.409880,4.409880,8,8,134.440002,-3.520440,-1.173640,0.000775,134.491196,1
44,4.409880,4.409880,9,9,0.000000,0.000000,0.000000,0.000000,0.000000,0
44,4.409880,4.409880,10,10,0.000000,0.000000,0.000000,0.000000,0.000000,0
44,4.409880,4.409880,11,11,0.000000,0.000000,0.000000,0.000000,0.000000,0
44,4.409880,4.409880,12,12,8.762950,-0.076473,-0.382613,0.011882,8.771632,1
44,4.409880,4.409880,13,13,16.461599,-0.143659,-0.431080,0.006329,16.467869,1
44,4.409880,4.409880,14,14,75.738403,-0.660959,-0.660984,0.276554,75.744171,1
44,4.409880,4.409880,15,15,0.000000,0.000000,0.000000,0.000000,0.000000,0
44,4.409880,4.409880,16,16,0.000000,0.000000,0.000000,0.000000,0.000000,0
44,4.409880,4.409880,17,17,0.000000,0.000000,0.000000,0.000000,0.000000,0
44,4.409880,4.409880,18,18,8.763230,0.076476,-0.382625,0.011882,8.771913,1
44,4.409880,4.409880,19,19,16.462601,0.143667,-0.431106,0.006329,16.468870,1
44,4.409880,4.409880,20,20,134.720001,1.175680,-1.175720,0.000774,134.730270,1
44,4.409880,4.409880,21,21,0.000000,0.000000,0.000000,0.000000,0.000000,0
44,4.409880,4.409880,22,22,0.000000,0.000000,0.000000,0.000000,0.000000,0
44,4.409880,4.409880,23,23,0.000000,0.000000,0.000000,0.000000,0.000000,0
44,4.409880,4.409880,24,24,8.760390,0.229399,-0.382618,0.011882,8.771742,1
44,4.409880,4.409880,25,25,16.457001,0.430942,-0.431090,0.006329,16.468287,1
44,4.409880,4.409880,26,26,134.638000,3.525630,-1.175370,0.000774,134.689270,1
44,4.409880,4.409880,27,27,0.000000,0.000000,0.000000,0.000000,0.000000,0
44,4.409880,4.409880,28,28,0.000000,0.000000,0.000000,0.000000,0.000000,0
44,4.409880,4.409880,29,29,0.000000,0.000000,0.000000,0.000000,0.000000,0
44,4.409880,4.409880,30,30,8.754440,0.382227,-0.382591,0.011883,8.771129,1
44,4.409880,4.409880,31,31,16.444799,0.717996,-0.431033,0.006330,16.466108,1
44,4.409880,4.409880,32,32,134.410004,5.868480,-1.174100,0.000775,134.543182,1
44,4.409880,4.409880,33,33,0.000000,0.000000,0.000000,0.000000,0.000000,0
44,4.409880,4.409880,34,34,0.000000,0.000000,0.000000,0.000000,0.000000,0
44,4.409880,4.409880,35,35,0.000000,0.000000,0.000000,0.000000,0.000000,0
45,4.500400,4.500400,0,0,8.755060,-0.382254,-0.382618,0.011885,8.771749,1
45,4.500400,4.500400,1,1,16.443899,-0.717955,-0.431008,0.006332,16.465208,1
45,4.500400,4.500400,2,2,134.141006,-5.856710,-1.171740,0.000776,134.273911,1
45,4.500400,4.500400,3,3,0.000000,0.000000,0.000000,0.000000,0.000000,0
45,4.500400,4.500400,4,4,0.000000,0.000000,0.000000,0.000000,0.000000,0
45,4.500400,4.500400,5,5,0.000000,0.000000,0.000000,0.000000,0.000000,0
45,4.500400,4.500400,6,6,8.761580,-0.229430,-0.382670,0.011883,8.772934,1
45,4.500400,4.500400,7,7,16.458099,-0.430970,-0.431118,0.006330,16.469385,1
45,4.500400,4.500400,8,8,134.501007,-3.522040,-1.174180,0.000775,134.552231,1
45,4.500400,4.500400,9,9,0.000000,0.000000,0.000000,0.000000,0.000000,0
45,4.500400,4.500400,10,10,0.000000,0.000000,0.000000,0.000000,0.000000,0
45,4.500400,4.500400,11,11,0.000000,0.000000,0.000000,0.000000,0.000000,0
45,4.500400,4.500400,12,12,8.764980,-0.076491,-0.382702,0.011882,8.773664,1
45,4.500400,4.500400,13,13,16.465700,-0.143694,-0.431186,0.006329,16.471972,1
45,4.500400,4.500400,14,14,75.136002,-0.655702,-0.655727,0.276554,75.141731,1
45,4.500400,4.500400,15,15,0.000000,0.000000,0.000000,0.000000,0.000000,0
45,4.500400,4.500400,16,16,0.000000,0.000000,0.000000,0.000000,0.000000,0
45,4.500400,4.500400,17,17,0.000000,0.000000,0.000000,0.000000,0.000000,0
45,4.500400,4.500400,18,18,8.765270,0.076493,-0.382714,0.011882,8.773955,1
45,4.500400,4.500400,19,19,16.466700,0.143703,-0.431212,0.006329,16.472971,1
45,4.500400,4.500400,20,20,134.783005,1.176240,-1.176280,0.000773,134.793259,1
45,4.500400,4.500400,21,21,0.000000,0.000000,0.000000,0.000000,0.000000,0
45,4.500400,4.500400,22,22,0.000000,0.000000,0.000000,0.000000,0.000000,0
45,4.500400,4.500400,23,23,0.000000,0.000000,0.000000,0.000000,0.000000,0
45,4.500400,4.500400,24,24,8.762430,0.229452,-0.382707,0.011882,8.773785,1
45,4.500400,4.500400,25,25,16.461100,0.431049,-0.431197,0.006329,16.472387,1
45,4.500400,4.500400,26,26,134.703003,3.527330,-1.175940,0.000774,134.754303,1
45,4.500400,4.500400,27,27,0.000000,0.000000,0.000000,0.000000,0.000000,0
45,4.500400,4.500400,28,28,0.000000,0.000000,0.000000,0.000000,0.000000,0
45,4.500400,4.500400,29,29,0.000000,0.000000,0.000000,0.000000,0.000000,0
45,4.500400,4.500400,30,30,8.756480,0.382316,-0.382680,0.011883,8.773172,1
45,4.500400,4.500400,31,31,16.448900,0.718175,-0.431140,0.006330,16.470215,1
45,4.500400,4.500400,32,32,134.475998,5.871370,-1.174680,0.000774,134.609238,1
45,4.500400,4.500400,33,33,0.000000,0.000000,0.000000,0.000000,0.000000,0
45,4.500400,4.500400,34,34,0.000000,0.000000,0.000000,0.000000,0.000000,0
45,4.500400,4.500400,35,35,0.000000,0.000000,0.000000,0.000000,0.000000,0
46,4.600100,4.600100,0,0,8.756520,-0.382318,-0.382682,0.011885,8.773212,1
46,4.600100,4.600100,1,1,16.446899,-0.718085,-0.431086,0.006331,16.468210,1
46,4.600100,4.600100,2,2,134.192001,-5.858950,-1.172190,0.000776,134.324966,1
46,4.600100,4.600100,3,3,0.000000,0.000000,0.000000,0.000000,0.000000,0
46,4.600100,4.600100,4,4,0.000000,0.000000,0.000000,0.000000,0.000000,0
46,4.600100,4.600100,5,5,0.000000,0.000000,0.000000,0.000000,0.000000,0
46,4.600100,4.600100,6,6,8.763050,-0.229468,-0.382734,0.011883,8.774405,1
46,4.600100,4.600100,7,7,16.461100,-0.431048,-0.431196,0.006330,16.472387,1
46,4.600100,4.600100,8,8,134.552994,-3.523390,-1.174630,0.000775,134.604233,1
46,4.600100,4.600100,9,9,0.000000,0.000000,0.000000,0.000000,0.000000,0
46,4.600100,4.600100,10,10,0.000000,0.000000,0.000000,0.000000,0.000000,0
46,4.600100,4.600100,11,11,0.000000,0.000000,0.000000,0.000000,0.000000,0
46,4.600100,4.600100,12,12,8.766460,-0.076504,-0.382766,0.011882,8.775146,1
46,4.600100,4.600100,13,13,16.468700,-0.143720,-0.431264,0.006329,16.474972,1
46,4.600100,4.600100,14,14,74.456902,-0.649776,-0.649800,0.276555,74.462570,1
46,4.600100,4.600100,15,15,0.000000,0.000000,0.000000,0.000000,0.000000,0
46,4.600100,4.600100,16,16,0.000000,0.000000,0.000000,0.000000,0.000000,0
46,4.600100,4.600100,17,17,0.000000,0.000000,0.000000,0.000000,0.000000,0
46,4.600100,4.600100,18,18,8.766740,0.076506,-0.382779,0.011882,8.775426,1
46,4.600100,4.600100,19,19,16.469700,0.143729,-0.431290,0.006328,16.475973,1
46,4.600100,4.600100,20,20,134.835999,1.176690,-1.176740,0.000773,134.846268,1
46,4.600100,4.600100,21,21,0.000000,0.000000,0.000000,0.000000,0.000000,0
46,4.600100,4.600100,22,22,0.000000,0.000000,0.000000,0.000000,0.000000,0
46,4.600100,4.600100,23,23,0.000000,0.000000,0.000000,0.000000,0.000000,0
46,4.600100,4.600100,24,24,8.763910,0.229491,-0.382772,0.011882,8.775267,1
46,4.600100,4.600100,25,25,16.464100,0.431127,-0.431275,0.006329,16.475389,1
46,4.600100,4.600100,26,26,134.755997,3.528700,-1.176400,0.000773,134.807327,1
46,4.600100,4.600100,27,27,0.000000,0.000000,0.000000,0.000000,0.000000,0
46,4.600100,4.600100,28,28,0.000000,0.000000,0.000000,0.000000,0.000000,0
46,4.600100,4.600100,29,29,0.000000,0.000000,0.000000,0.000000,0.000000,0
46,4.600100,4.600100,30,30,8.757950,0.382380,-0.382745,0.011883,8.774645,1
46,4.600100,4.600100,31,31,16.451900,0.718306,-0.431219,0.006329,16.473219,1
46,4.600100,4.600100,32,32,134.529007,5.873660,-1.175130,0.000774,134.662308,1
46,4.600100,4.600100,33,33,0.000000,0.000000,0.000000,0.000000,0.000000,0
46,4.600100,4.600100,34,34,0.000000,0.000000,0.000000,0.000000,0.000000,0
46,4.600100,4.600100,35,35,0.000000,0.000000,0.000000,0.000000,0.000000,0
47,4.709770,4.709770,0,0,8.758650,-0.382411,-0.382775,0.011884,8.775346,1
47,4.709770,4.709770,1,1,16.451099,-0.718269,-0.431197,0.006331,16.472416,1
47,4.709770,4.709770,2,2,134.253998,-5.861660,-1.172730,0.000776,134.387024,1
47,4.709770,4.709770,3,3,0.000000,0.000000,0.000000,0.000000,0.000000,0
47,4.709770,4.709770,4,4,0.000000,0.000000,0.000000,0.000000,0.000000,0
47,4.709770,4.709770,5,5,0.000000,0.000000,0.000000,0.000000,0.000000,0
47,4.709770,4.709770,6,6,8.765170,-0.229524,-0.382827,0.011883,8.776528,1
47,4.709770,4.709770,7,7,16.465300,-0.431158,-0.431306,0.006330,16.476589,1
47,4.709770,4.709770,8,8,134.613998,-3.524990,-1.175160,0.000774,134.665268,1
47,4.709770,4.709770,9,9,0.000000,0.000000,0.000000,0.000000,0.000000,0
47,4.709770,4.709770,10,10,0.000000,0.000000,0.000000,0.000000,0.000000,0
47,4.709770,4.709770,11,11,0.000000,0.000000,0.000000,0.000000,0.000000,0
47,4.709770,4.709770,12,12,8.768570,-0.076522,-0.382859,0.011882,8.777258,1
47,4.709770,4.709770,13,13,16.472900,-0.143756,-0.431373,0.006329,16.479176,1
47,4.709770,4.709770,14,14,73.691299,-0.643094,-0.643119,0.276555,73.696915,1
47,4.709770,4.709770,15,15,0.000000,0.000000,0.000000,0.000000,0.000000,0
47,4.709770,4.709770,16,16,0.000000,0.000000,0.000000,0.000000,0.000000,0
47,4.709770,4.709770,17,17,0.000000,0.000000,0.000000,0.000000,0.000000,0
47,4.709770,4.709770,18,18,8.768850,0.076525,-0.382871,0.011881,8.777539,1
47,4.709770,4.709770,19,19,16.473900,0.143765,-0.431399,0.006328,16.480173,1
47,4.709770,4.709770,20,20,134.893997,1.177200,-1.177250,0.000773,134.904282,1
47,4.709770,4.709770,21,21,0.000000,0.000000,0.000000,0.000000,0.000000,0
47,4.709770,4.709770,22,22,0.000000,0.000000,0.000000,0.000000,0.000000,0
47,4.709770,4.709770,23,23,0.000000,0.000000,0.000000,0.000000,0.000000,0
47,4.709770,4.709770,24,24,8.766010,0.229546,-0.382864,0.011882,8.777369,1
47,4.709770,4.709770,25,25,16.468201,0.431236,-0.431384,0.006328,16.479494,1
47,4.709770,4.709770,26,26,134.813004,3.530200,-1.176900,0.000773,134.864349,1
47,4.709770,4.709770,27,27,0.000000,0.000000,0.000000,0.000000,0.000000,0
47,4.709770,4.709770,28,28,0.000000,0.000000,0.000000,0.000000,0.000000,0
47,4.709770,4.709770,29,29,0.000000,0.000000,0.000000,0.000000,0.000000,0
47,4.709770,4.709770,30,30,8.760060,0.382472,-0.382837,0.011882,8.776759,1
47,4.709770,4.709770,31,31,16.455999,0.718486,-0.431327,0.006329,16.477324,1
47,4.709770,4.709770,32,32,134.585007,5.876100,-1.175620,0.000774,134.718369,1
47,4.709770,4.709770,33,33,0.000000,0.000000,0.000000,0.000000,0.000000,0
47,4.709770,4.709770,34,34,0.000000,0.000000,0.000000,0.000000,0.000000,0
47,4.709770,4.709770,35,35,0.000000,0.000000,0.000000,0.000000,0.000000,0
48,4.809950,4.809950,0,0,8.761270,-0.382525,-0.382890,0.011884,8.777971,1
48,4.809950,4.809950,1,1,16.456200,-0.718492,-0.431331,0.006331,16.477524,1
48,4.809950,4.809950,2,2,134.320007,-5.864520,-1.173310,0.000776,134.453094,1
48,4.809950,4.809950,3,3,0.000000,0.000000,0.000000,0.000000,0.000000,0
48,4.809950,4.809950,4,4,0.000000,0.000000,0.000000,0.000000,0.000000,0
48,4.809950,4.809950,5,5,0.000000,0.000000,0.000000,0.000000,0.000000,0
48,4.809950,4.809950,6,6,8.767780,-0.229593,-0.382941,0.011883,8.779141,1
48,4.809950,4.809950,7,7,16.470301,-0.431291,-0.431439,0.006329,16.481594,1
48,4.809950,4.809950,8,8,134.677002,-3.526650,-1.175710,0.000774,134.728302,1
48,4.809950,4.809950,9,9,0.000000,0.000000,0.000000,0.000000,0.000000,0
48,4.809950,4.809950,10,10,0.000000,0.000000,0.000000,0.000000,0.000000,0
48,4.809950,4.809950,11,11,0.000000,0.000000,0.000000,0.000000,0.000000,0
48,4.809950,4.809950,12,12,8.771180,-0.076545,-0.382973,0.011882,8.779871,1
48,4.809950,4.809950,13,13,16.477900,-0.143801,-0.431506,0.006328,16.484177,1
48,4.809950,4.809950,14,14,72.976601,-0.636858,-0.636882,0.276556,72.982162,1
48,4.809950,4.809950,15,15,0.000000,0.000000,0.000000,0.000000,0.000000,0
48,4.809950,4.809950,16,16,0.000000,0.000000,0.000000,0.000000,0.000000,0
48,4.809950,4.809950,17,17,0.000000,0.000000,0.000000,0.000000,0.000000,0
48,4.809950,4.809950,18,18,8.771450,0.076547,-0.382984,0.011881,8.780141,1
48,4.809950,4.809950,19,19,16.478901,0.143809,-0.431531,0.006328,16.485178,1
48,4.809950,4.809950,20,20,134.953003,1.177720,-1.177760,0.000773,134.963272,1
48,4.809950,4.809950,21,21,0.000000,0.000000,0.000000,0.000000,0.000000,0
48,4.809950,4.809950,22,22,0.000000,0.000000,0.000000,0.000000,0.000000,0
48,4.809950,4.809950,23,23,0.000000,0.000000,0.000000,0.000000,0.000000,0
48,4.809950,4.809950,24,24,8.768600,0.229614,-0.382976,0.011881,8.779963,1
48,4.809950,4.809950,25,25,16.473200,0.431367,-0.431514,0.006328,16.484495,1
48,4.809950,4.809950,26,26,134.869995,3.531690,-1.177390,0.000773,134.921371,1
48,4.809950,4.809950,27,27,0.000000,0.000000,0.000000,0.000000,0.000000,0
48,4.809950,4.809950,28,28,0.000000,0.000000,0.000000,0.000000,0.000000,0
48,4.809950,4.809950,29,29,0.000000,0.000000,0.000000,0.000000,0.000000,0
48,4.809950,4.809950,30,30,8.762620,0.382585,-0.382949,0.011882,8.779324,1
48,4.809950,4.809950,31,31,16.461000,0.718701,-0.431456,0.006329,16.482330,1
48,4.809950,4.809950,32,32,134.639008,5.878470,-1.176100,0.000774,134.772400,1
48,4.809950,4.809950,33,33,0.000000,0.000000,0.000000,0.000000,0.000000,0
48,4.809950,4.809950,34,34,0.000000,0.000000,0.000000,0.000000,0.000000,0
48,4.809950,4.809950,35,35,0.000000,0.000000,0.000000,0.000000,0.000000,0
49,4.900400,4.900400,0,0,8.763150,-0.382607,-0.382972,0.011884,8.779855,1
49,4.900400,4.900400,1,1,16.459900,-0.718654,-0.431428,0.006331,16.481228,1
49,4.900400,4.900400,2,2,134.369995,-5.866740,-1.173750,0.000776,134.503128,1
49,4.900400,4.900400,3,3,0.000000,0.000000,0.000000,0.000000,0.000000,0
49,4.900400,4.900400,4,4,0.000000,0.000000,0.000000,0.000000,0.000000,0
49,4.900400,4.900400,5,5,0.000000,0.000000,0.000000,0.000000,0.000000,0
49,4.900400,4.900400,6,6,8.769660,-0.229641,-0.383023,0.011882,8.781024,1
49,4.900400,4.900400,7,7,16.474001,-0.431387,-0.431535,0.006329,16.485296,1
49,4.900400,4.900400,8,8,134.725006,-3.527910,-1.176130,0.000774,134.776321,1
49,4.900400,4.900400,9,9,0.000000,0.000000,0.000000,0.000000,0.000000,0
49,4.900400,4.900400,10,10,0.000000,0.000000,0.000000,0.000000,0.000000,0
49,4.900400,4.900400,11,11,0.000000,0.000000,0.000000,0.000000,0.000000,0
49,4.900400,4.900400,12,12,8.773030,-0.076561,-0.383053,0.011882,8.781722,1
49,4.900400,4.900400,13,13,16.481501,-0.143832,-0.431600,0.006328,16.487778,1
49,4.900400,4.900400,14,14,72.316498,-0.631097,-0.631121,0.276556,72.322006,1
49,4.900400,4.900400,15,15,0.000000,0.000000,0.000000,0.000000,0.000000,0
49,4.900400,4.900400,16,16,0.000000,0.000000,0.000000,0.000000,0.000000,0
49,4.900400,4.900400,17,17,0.000000,0.000000,0.000000,0.000000,0.000000,0
49,4.900400,4.900400,18,18,8.773290,0.076563,-0.383065,0.011881,8.781982,1
49,4.900400,4.900400,19,19,16.482401,0.143840,-0.431624,0.006328,16.488678,1
49,4.900400,4.900400,20,20,134.996002,1.178090,-1.178130,0.000773,135.006287,1
49,4.900400,4.900400,21,21,0.000000,0.000000,0.000000,0.000000,0.000000,0
49,4.900400,4.900400,22,22,0.000000,0.000000,0.000000,0.000000,0.000000,0
49,4.900400,4.900400,23,23,0.000000,0.000000,0.000000,0.000000,0.000000,0
49,4.900400,4.900400,24,24,8.770430,0.229662,-0.383056,0.011881,8.781794,1
49,4.900400,4.900400,25,25,16.476700,0.431459,-0.431607,0.006328,16.487997,1
49,4.900400,4.900400,26,26,134.908997,3.532730,-1.177740,0.000773,134.960388,1
49,4.900400,4.900400,27,27,0.000000,0.000000,0.000000,0.000000,0.000000,0
49,4.900400,4.900400,28,28,0.000000,0.000000,0.000000,0.000000,0.000000,0
49,4.900400,4.900400,29,29,0.000000,0.000000,0.000000,0.000000,0.000000,0
49,4.900400,4.900400,30,30,8.764440,0.382664,-0.383028,0.011882,8.781147,1
49,4.900400,4.900400,31,31,16.464399,0.718853,-0.431547,0.006329,16.485733,1
49,4.900400,4.900400,32,32,134.675995,5.880070,-1.176420,0.000774,134.809433,1
49,4.900400,4.900400,33,33,0.000000,0.000000,0.000000,0.000000,0.000000,0
49,4.900400,4.900400,34,34,0.000000,0.000000,0.000000,0.000000,0.000000,0
49,4.900400,4.900400,35,35,0.000000,0.000000,0.000000,0.000000,0.000000,0
50,5.000520,5.000520,0,0,8.764760,-0.382678,-0.383042,0.011884,8.781468,1
50,5.000520,5.000520,1,1,16.463100,-0.718793,-0.431511,0.006331,16.484432,1
50,5.000520,5.000520,2,2,134.419006,-5.868840,-1.174170,0.000776,134.552185,1
50,5.000520,5.000520,3,3,0.000000,0.000000,0.000000,0.000000,0.000000,0
50,5.000520,5.000520,4,4,0.000000,0.000000,0.000000,0.000000,0.000000,0
50,5.000520,5.000520,5,5,0.000000,0.000000,0.000000,0.000000,0.000000,0
50,5.000520,5.000520,6,6,8.771240,-0.229683,-0.383092,0.011882,8.782606,1
50,5.000520,5.000520,7,7,16.477100,-0.431469,-0.431617,0.006329,16.488398,1
50,5.000520,5.000520,8,8,134.770004,-3.529070,-1.176520,0.000774,134.821335,1
50,5.000520,5.000520,9,9,0.000000,0.000000,0.000000,0.000000,0.000000,0
50,5.000520,5.000520,10,10,0.000000,0.000000,0.000000,0.000000,0.000000,0
50,5.000520,5.000520,11,11,0.000000,0.000000,0.000000,0.000000,0.000000,0
50,5.000520,5.000520,12,12,8.774600,-0.076575,-0.383122,0.011881,8.783294,1
50,5.000520,5.000520,13,13,16.484600,-0.143859,-0.431681,0.006328,16.490879,1
50,5.000520,5.000520,14,14,71.570801,-0.624589,-0.624613,0.276556,71.576248,1
50,5.000520,5.000520,15,15,0.000000,0.000000,0.000000,0.000000,0.000000,0
50,5.000520,5.000520,16,16,0.000000,0.000000,0.000000,0.000000,0.000000,0
50,5.000520,5.000520,17,17,0.000000,0.000000,0.000000,0.000000,0.000000,0
50,5.000520,5.000520,18,18,8.774840,0.076577,-0.383133,0.011881,8.783535,1
50,5.000520,5.000520,19,19,16.485500,0.143866,-0.431703,0.006328,16.491779,1
50,5.000520,5.000520,20,20,135.031998,1.178410,-1.178450,0.000773,135.042282,1
50,5.000520,5.000520,21,21,0.000000,0.000000,0.000000,0.000000,0.000000,0
50,5.000520,5.000520,22,22,0.000000,0.000000,0.000000,0.000000,0.000000,0
50,5.000520,5.000520,23,23,0.000000,0.000000,0.000000,0.000000,0.000000,0
50,5.000520,5.000520,24,24,8.771970,0.229702,-0.383124,0.011881,8.783337,1
50,5.000520,5.000520,25,25,16.479700,0.431536,-0.431684,0.006328,16.490999,1
50,5.000520,5.000520,26,26,134.942001,3.533580,-1.178020,0.000773,134.993408,1
50,5.000520,5.000520,27,27,0.000000,0.000000,0.000000,0.000000,0.000000,0
50,5.000520,5.000520,28,28,0.000000,0.000000,0.000000,0.000000,0.000000,0
50,5.000520,5.000520,29,29,0.000000,0.000000,0.000000,0.000000,0.000000,0
50,5.000520,5.000520,30,30,8.765970,0.382730,-0.383095,0.011882,8.782681,1
50,5.000520,5.000520,31,31,16.467300,0.718980,-0.431623,0.006329,16.488640,1
50,5.000520,5.000520,32,32,134.703995,5.881310,-1.176670,0.000774,134.837463,1
50,5.000520,5.000520,33,33,0.000000,0.000000,0.000000,0.000000,0.000000,0
50,5.000520,5.000520,34,34,0.000000,0.000000,0.000000,0.000000,0.000000,0
50,5.000520,5.000520,35,35,0.000000,0.000000,0.000000,0.000000,0.000000,0
51,5.100140,5.100140,0,0,8.766450,-0.382751,-0.383116,0.011884,8.783161,1
51,5.100140,5.100140,1,1,16.466400,-0.718940,-0.431599,0.006331,16.487738,1
51,5.100140,5.100140,2,2,134.466995,-5.870960,-1.174590,0.000775,134.600220,1
51,5.100140,5.100140,3,3,0.000000,0.000000,0.000000,0.000000,0.000000,0
51,5.100140,5.100140,4,4,0.000000,0.000000,0.000000,0.000000,0.000000,0
51,5.100140,5.100140,5,5,0.000000,0.000000,0.000000,0.000000,0.000000,0
51,5.100140,5.100140,6,6,8.772920,-0.229727,-0.383165,0.011882,8.784287,1
51,5.100140,5.100140,7,7,16.480400,-0.431555,-0.431703,0.006329,16.491701,1
51,5.100140,5.100140,8,8,134.813995,-3.530230,-1.176910,0.000774,134.865341,1
51,5.100140,5.100140,9,9,0.000000,0.000000,0.000000,0.000000,0.000000,0
51,5.100140,5.100140,10,10,0.000000,0.000000,0.000000,0.000000,0.000000,0
51,5.100140,5.100140,11,11,0.000000,0.000000,0.000000,0.000000,0.000000,0
51,5.100140,5.100140,12,12,8.776270,-0.076589,-0.383195,0.011881,8.784966,1
51,5.100140,5.100140,13,13,16.487801,-0.143887,-0.431765,0.006328,16.494080,1
51,5.100140,5.100140,14,14,70.813698,-0.617982,-0.618005,0.276556,70.819092,1
51,5.100140,5.100140,15,15,0.000000,0.000000,0.000000,0.000000,0.000000,0
51,5.100140,5.100140,16,16,0.000000,0.000000,0.000000,0.000000,0.000000,0
51,5.100140,5.100140,17,17,0.000000,0.000000,0.000000,0.000000,0.000000,0
51,5.100140,5.100140,18,18,8.776490,0.076591,-0.383204,0.011881,8.785186,1
51,5.100140,5.100140,19,19,16.488600,0.143894,-0.431786,0.006328,16.494879,1
51,5.100140,5.100140,20,20,135.067001,1.178710,-1.178760,0.000773,135.077286,1
51,5.100140,5.100140,21,21,0.000000,0.000000,0.000000,0.000000,0.000000,0
51,5.100140,5.100140,22,22,0.000000,0.000000,0.000000,0.000000,0.000000,0
51,5.100140,5.100140,23,23,0.000000,0.000000,0.000000,0.000000,0.000000,0
51,5.100140,5.100140,24,24,8.773590,0.229744,-0.383194,0.011881,8.784959,1
51,5.100140,5.100140,25,25,16.482800,0.431617,-0.431765,0.006328,16.494102,1
51,5.100140,5.100140,26,26,134.972000,3.534370,-1.178290,0.000773,135.023407,1
51,5.100140,5.100140,27,27,0.000000,0.000000,0.000000,0.000000,0.000000,0
51,5.100140,5.100140,28,28,0.000000,0.000000,0.000000,0.000000,0.000000,0
51,5.100140,5.100140,29,29,0.000000,0.000000,0.000000,0.000000,0.000000,0
51,5.100140,5.100140,30,30,8.767560,0.382800,-0.383165,0.011882,8.784273,1
51,5.100140,5.100140,31,31,16.470400,0.719111,-0.431702,0.006329,16.491743,1
51,5.100140,5.100140,32,32,134.729996,5.882440,-1.176890,0.000774,134.863480,1
51,5.100140,5.100140,33,33,0.000000,0.000000,0.000000,0.000000,0.000000,0
51,5.100140,5.100140,34,34,0.000000,0.000000,0.000000,0.000000,0.000000,0
51,5.100140,5.100140,35,35,0.000000,0.000000,0.000000,0.000000,0.000000,0
52,5.200470,5.200470,0,0,8.768720,-0.382851,-0.383215,0.011884,8.785435,1
52,5.200470,5.200470,1,1,16.470900,-0.719133,-0.431715,0.006330,16.492243,1
52,5.200470,5.200470,2,2,134.524002,-5.873420,-1.175090,0.000775,134.657288,1
52,5.200470,5.200470,3,3,0.000000,0.000000,0.000000,0.000000,0.000000,0
52,5.200470,5.200470,4,4,0.000000,0.000000,0.000000,0.000000,0.000000,0
52,5.200470,5.200470,5,5,0.000000,0.000000,0.000000,0.000000,0.000000,0
52,5.200470,5.200470,6,6,8.775170,-0.229786,-0.383263,0.011882,8.786541,1
52,5.200470,5.200470,7,7,16.484800,-0.431669,-0.431817,0.006329,16.496105,1
52,5.200470,5.200470,8,8,134.865997,-3.531580,-1.177360,0.000774,134.917374,1
52,5.200470,5.200470,9,9,0.000000,0.000000,0.000000,0.000000,0.000000,0
52,5.200470,5.200470,10,10,0.000000,0.000000,0.000000,0.000000,0.000000,0
52,5.200470,5.200470,11,11,0.000000,0.000000,0.000000,0.000000,0.000000,0
52,5.200470,5.200470,12,12,8.778500,-0.076609,-0.383292,0.011881,8.787197,1
52,5.200470,5.200470,13,13,16.492100,-0.143924,-0.431877,0.006328,16.498381,1
52,5.200470,5.200470,14,14,70.036697,-0.611201,-0.611224,0.276556,70.042030,1
52,5.200470,5.200470,15,15,0.000000,0.000000,0.000000,0.000000,0.000000,0
52,5.200470,5.200470,16,16,0.000000,0.000000,0.000000,0.000000,0.000000,0
52,5.200470,5.200470,17,17,0.000000,0.000000,0.000000,0.000000,0.000000,0
52,5.200470,5.200470,18,18,8.778700,0.076610,-0.383301,0.011881,8.787397,1
52,5.200470,5.200470,19,19,16.492800,0.143931,-0.431896,0.006328,16.499083,1
52,5.200470,5.200470,20,20,135.108994,1.179080,-1.179120,0.000773,135.119278,1
52,5.200470,5.200470,21,21,0.000000,0.000000,0.000000,0.000000,0.000000,0
52,5.200470,5.200470,22,22,0.000000,0.000000,0.000000,0.000000,0.000000,0
52,5.200470,5.200470,23,23,0.000000,0.000000,0.000000,0.000000,0.000000,0
52,5.200470,5.200470,24,24,8.775780,0.229802,-0.383290,0.011881,8.787151,1
52,5.200470,5.200470,25,25,16.486900,0.431725,-0.431873,0.006328,16.498205,1
52,5.200470,5.200470,26,26,135.009003,3.535330,-1.178610,0.000773,135.060425,1
52,5.200470,5.200470,27,27,0.000000,0.000000,0.000000,0.000000,0.000000,0
52,5.200470,5.200470,28,28,0.000000,0.000000,0.000000,0.000000,0.000000,0
52,5.200470,5.200470,29,29,0.000000,0.000000,0.000000,0.000000,0.000000,0
52,5.200470,5.200470,30,30,8.769730,0.382895,-0.383259,0.011882,8.786448,1
52,5.200470,5.200470,31,31,16.474400,0.719288,-0.431809,0.006329,16.495747,1
52,5.200470,5.200470,32,32,134.761002,5.883810,-1.177170,0.000774,134.894516,1
52,5.200470,5.200470,33,33,0.000000,0.000000,0.000000,0.000000,0.000000,0
52,5.200470,5.200470,34,34,0.000000,0.000000,0.000000,0.000000,0.000000,0
52,5.200470,5.200470,35,35,0.000000,0.000000,0.000000,0.000000,0.000000,0
53,5.300140,5.300140,0,0,8.770670,-0.382936,-0.383300,0.011884,8.787389,1
53,5.300140,5.300140,1,1,16.474701,-0.719299,-0.431815,0.006330,16.496048,1
53,5.300140,5.300140,2,2,134.574005,-5.875630,-1.175530,0.000775,134.707336,1
53,5.300140,5.300140,3,3,0.000000,0.000000,0.000000,0.000000,0.000000,0
53,5.300140,5.300140,4,4,0.000000,0.000000,0.000000,0.000000,0.000000,0
53,5.300140,5.300140,5,5,0.000000,0.000000,0.000000,0.000000,0.000000,0
53,5.300140,5.300140,6,6,8.777100,-0.229837,-0.383348,0.011882,8.788473,1
53,5.300140,5.300140,7,7,16.488501,-0.431767,-0.431915,0.006329,16.499807,1
53,5.300140,5.300140,8,8,134.910995,-3.532770,-1.177750,0.000774,134.962372,1
53,5.300140,5.300140,9,9,0.000000,0.000000,0.000000,0.000000,0.000000,0
53,5.300140,5.300140,10,10,0.000000,0.000000,0.000000,0.000000,0.000000,0
53,5.300140,5.300140,11,11,0.000000,0.000000,0.000000,0.000000,0.000000,0
53,5.300140,5.300140,12,12,8.780400,-0.076625,-0.383375,0.011881,8.789100,1
53,5.300140,5.300140,13,13,16.495800,-0.143956,-0.431973,0.006328,16.502083,1
53,5.300140,5.300140,14,14,69.295303,-0.604731,-0.604754,0.002733,69.300583,1
53,5.300140,5.300140,15,15,0.000000,0.000000,0.000000,0.000000,0.000000,0
53,5.300140,5.300140,16,16,0.000000,0.000000,0.000000,0.000000,0.000000,0
53,5.300140,5.300140,17,17,0.000000,0.000000,0.000000,0.000000,0.000000,0
53,5.300140,5.300140,18,18,8.780590,0.076627,-0.383383,0.011881,8.789289,1
53,5.300140,5.300140,19,19,16.496401,0.143962,-0.431990,0.006328,16.502684,1
53,5.300140,5.300140,20,20,135.143997,1.179380,-1.179430,0.000773,135.154282,1
53,5.300140,5.300140,21,21,0.000000,0.000000,0.000000,0.000000,0.000000,0
53,5.300140,5.300140,22,22,0.000000,0.000000,0.000000,0.000000,0.000000,0
53,5.300140,5.300140,23,23,0.000000,0.000000,0.000000,0.000000,0.000000,0
53,5.300140,5.300140,24,24,8.777640,0.229850,-0.383371,0.011881,8.789014,1
53,5.300140,5.300140,25,25,16.490400,0.431817,-0.431965,0.006328,16.501707,1
53,5.300140,5.300140,26,26,135.039001,3.536110,-1.178870,0.000773,135.090439,1
53,5.300140,5.300140,27,27,0.000000,0.000000,0.000000,0.000000,0.000000,0
53,5.300140,5.300140,28,28,0.000000,0.000000,0.000000,0.000000,0.000000,0
53,5.300140,5.300140,29,29,0.000000,0.000000,0.000000,0.000000,0.000000,0
53,5.300140,5.300140,30,30,8.771560,0.382975,-0.383340,0.011882,8.788280,1
53,5.300140,5.300140,31,31,16.477800,0.719438,-0.431898,0.006329,16.499151,1
53,5.300140,5.300140,32,32,134.785995,5.884880,-1.177380,0.000774,134.919540,1
53,5.300140,5.300140,33,33,0.000000,0.000000,0.000000,0.000000,0.000000,0
53,5.300140,5.300140,34,34,0.000000,0.000000,0.000000,0.000000,0.000000,0
53,5.300140,5.300140,35,35,0.000000,0.000000,0.000000,0.000000,0.000000,0
54,5.401000,5.401000,0,0,8.774100,-0.383085,-0.383450,0.011883,8.790826,1
54,5.401000,5.401000,1,1,16.481199,-0.719587,-0.431988,0.006330,16.502556,1
54,5.401000,5.401000,2,2,134.645996,-5.878770,-1.176160,0.000775,134.779404,1
54,5.401000,5.401000,3,3,0.000000,0.000000,0.000000,0.000000,0.000000,0
54,5.401000,5.401000,4,4,0.000000,0.000000,0.000000,0.000000,0.000000,0
54,5.401000,5.401000,5,5,0.000000,0.000000,0.000000,0.000000,0.000000,0
54,5.401000,5.401000,6,6,8.780510,-0.229926,-0.383497,0.011882,8.791888,1
54,5.401000,5.401000,7,7,16.495001,-0.431938,-0.432086,0.006329,16.506311,1
54,5.401000,5.401000,8,8,134.977997,-3.534520,-1.178340,0.000774,135.029404,1
54,5.401000,5.401000,9,9,0.000000,0.000000,0.000000,0.000000,0.000000,0
54,5.401000,5.401000,10,10,0.000000,0.000000,0.000000,0.000000,0.000000,0
54,5.401000,5.401000,11,11,0.000000,0.000000,0.000000,0.000000,0.000000,0
54,5.401000,5.401000,12,12,8.783790,-0.076655,-0.383523,0.011881,8.792492,1
54,5.401000,5.401000,13,13,16.502199,-0.144013,-0.432142,0.006328,16.508484,1
54,5.401000,5.401000,14,14,70.893898,-0.618681,-0.618705,0.276567,70.899300,1
54,5.401000,5.401000,15,15,0.000000,0.000000,0.000000,0.000000,0.000000,0
54,5.401000,5.401000,16,16,0.000000,0.000000,0.000000,0.000000,0.000000,0
54,5.401000,5.401000,17,17,0.000000,0.000000,0.000000,0.000000,0.000000,0
54,5.401000,5.401000,18,18,8.783950,0.076656,-0.383530,0.011881,8.792653,1
54,5.401000,5.401000,19,19,16.502800,0.144017,-0.432156,0.006328,16.509087,1
54,5.401000,5.401000,20,20,135.199997,1.179870,-1.179920,0.000773,135.210297,1
54,5.401000,5.401000,21,21,68.932404,0.601564,0.601587,0.021033,68.937653,1
54,5.401000,5.401000,22,22,0.000000,0.000000,0.000000,0.000000,0.000000,0
54,5.401000,5.401000,23,23,0.000000,0.000000,0.000000,0.000000,0.000000,0
54,5.401000,5.401000,24,24,8.780980,0.229938,-0.383517,0.011881,8.792358,1
54,5.401000,5.401000,25,25,16.496700,0.431981,-0.432129,0.006328,16.508013,1
54,5.401000,5.401000,26,26,135.089005,3.537440,-1.179310,0.000773,135.140457,1
54,5.401000,5.401000,27,27,0.000000,0.000000,0.000000,0.000000,0.000000,0
54,5.401000,5.401000,28,28,0.000000,0.000000,0.000000,0.000000,0.000000,0
54,5.401000,5.401000,29,29,0.000000,0.000000,0.000000,0.000000,0.000000,0
54,5.401000,5.401000,30,30,8.774890,0.383120,-0.383485,0.011882,8.791617,1
54,5.401000,5.401000,31,31,16.483999,0.719708,-0.432061,0.006329,16.505360,1
54,5.401000,5.401000,32,32,134.830994,5.886860,-1.177770,0.000774,134.964584,1
54,5.401000,5.401000,33,33,0.000000,0.000000,0.000000,0.000000,0.000000,0
54,5.401000,5.401000,34,34,0.000000,0.000000,0.000000,0.000000,0.000000,0
54,5.401000,5.401000,35,35,0.000000,0.000000,0.000000,0.000000,0.000000,0
55,5.509870,5.509870,0,0,8.755900,-0.382291,-0.382655,0.011883,8.772592,1
55,5.509870,5.509870,1,1,16.447201,-0.718101,-0.431096,0.006330,16.468513,1
55,5.509870,5.509870,2,2,134.388000,-5.867510,-1.173900,0.000775,134.521149,1
55,5.509870,5.509870,3,3,0.000000,0.000000,0.000000,0.000000,0.000000,0
55,5.509870,5.509870,4,4,0.000000,0.000000,0.000000,0.000000,0.000000,0
55,5.509870,5.509870,5,5,0.000000,0.000000,0.000000,0.000000,0.000000,0
55,5.509870,5.509870,6,6,8.762270,-0.229448,-0.382700,0.011882,8.773624,1
55,5.509870,5.509870,7,7,16.460899,-0.431043,-0.431191,0.006329,16.472187,1
55,5.509870,5.509870,8,8,134.712997,-3.527580,-1.176030,0.000774,134.764313,1
55,5.509870,5.509870,9,9,0.000000,0.000000,0.000000,0.000000,0.000000,0
55,5.509870,5.509870,10,10,0.000000,0.000000,0.000000,0.000000,0.000000,0
55,5.509870,5.509870,11,11,0.000000,0.000000,0.000000,0.000000,0.000000,0
55,5.509870,5.509870,12,12,8.765520,-0.076495,-0.382725,0.011881,8.774205,1
55,5.509870,5.509870,13,13,16.467899,-0.143714,-0.431245,0.006328,16.474173,1
55,5.509870,5.509870,14,14,70.036598,-0.611200,-0.611224,0.276567,70.041931,1
55,5.509870,5.509870,15,15,0.000000,0.000000,0.000000,0.000000,0.000000,0
55,5.509870,5.509870,16,16,0.000000,0.000000,0.000000,0.000000,0.000000,0
55,5.509870,5.509870,17,17,0.000000,0.000000,0.000000,0.000000,0.000000,0
55,5.509870,5.509870,18,18,8.765650,0.076497,-0.382731,0.011881,8.774335,1
55,5.509870,5.509870,19,19,16.468399,0.143718,-0.431257,0.006328,16.474670,1
55,5.509870,5.509870,20,20,134.921997,1.177450,-1.177490,0.000773,134.932281,1
55,5.509870,5.509870,21,21,67.991501,0.593353,0.593376,0.073560,67.996681,1
55,5.509870,5.509870,22,22,0.000000,0.000000,0.000000,0.000000,0.000000,0
55,5.509870,5.509870,23,23,0.000000,0.000000,0.000000,0.000000,0.000000,0
55,5.509870,5.509870,24,24,8.762660,0.229458,-0.382717,0.011881,8.774014,1
55,5.509870,5.509870,25,25,16.462299,0.431080,-0.431227,0.006328,16.473587,1
55,5.509870,5.509870,26,26,134.806000,3.530010,-1.176830,0.000773,134.857346,1
55,5.509870,5.509870,27,27,0.000000,0.000000,0.000000,0.000000,0.000000,0
55,5.509870,5.509870,28,28,0.000000,0.000000,0.000000,0.000000,0.000000,0
55,5.509870,5.509870,29,29,0.000000,0.000000,0.000000,0.000000,0.000000,0
55,5.509870,5.509870,30,30,8.756550,0.382319,-0.382684,0.011882,8.773242,1
55,5.509870,5.509870,31,31,16.449499,0.718201,-0.431156,0.006329,16.470814,1
55,5.509870,5.509870,32,32,134.542007,5.874210,-1.175250,0.000774,134.675308,1
55,5.509870,5.509870,33,33,0.000000,0.000000,0.000000,0.000000,0.000000,0
55,5.509870,5.509870,34,34,0.000000,0.000000,0.000000,0.000000,0.000000,0
55,5.509870,5.509870,35,35,0.000000,0.000000,0.000000,0.000000,0.000000,0
56,5.600560,5.600560,0,0,8.789110,-0.383741,-0.384106,0.011883,8.805864,1
56,5.600560,5.600560,1,1,16.509701,-0.720829,-0.432733,0.006330,16.531094,1
56,5.600560,5.600560,2,2,134.910004,-5.890300,-1.178460,0.000775,135.043671,1
56,5.600560,5.600560,3,3,0.000000,0.000000,0.000000,0.000000,0.000000,0
56,5.600560,5.600560,4,4,0.000000,0.000000,0.000000,0.000000,0.000000,0
56,5.600560,5.600560,5,5,0.000000,0.000000,0.000000,0.000000,0.000000,0
56,5.600560,5.600560,6,6,8.795480,-0.230318,-0.384151,0.011882,8.806877,1
56,5.600560,5.600560,7,7,16.523399,-0.432679,-0.432827,0.006329,16.534731,1
56,5.600560,5.600560,8,8,135.233002,-3.541190,-1.180560,0.000773,135.284515,1
56,5.600560,5.600560,9,9,0.000000,0.000000,0.000000,0.000000,0.000000,0
56,5.600560,5.600560,10,10,0.000000,0.000000,0.000000,0.000000,0.000000,0
56,5.600560,5.600560,11,11,0.000000,0.000000,0.000000,0.000000,0.000000,0
56,5.600560,5.600560,12,12,8.798730,-0.076785,-0.384175,0.011881,8.807447,1
56,5.600560,5.600560,13,13,16.530399,-0.144259,-0.432880,0.006328,16.536695,1
56,5.600560,5.600560,14,14,69.280403,-0.604601,-0.604624,0.000516,69.285683,1
56,5.600560,5.600560,15,15,0.000000,0.000000,0.000000,0.000000,0.000000,0
56,5.600560,5.600560,16,16,0.000000,0.000000,0.000000,0.000000,0.000000,0
56,5.600560,5.600560,17,17,0.000000,0.000000,0.000000,0.000000,0.000000,0
56,5.600560,5.600560,18,18,8.798850,0.076786,-0.384180,0.011881,8.807568,1
56,5.600560,5.600560,19,19,16.530800,0.144262,-0.432890,0.006328,16.537096,1
56,5.600560,5.600560,20,20,135.434998,1.181920,-1.181970,0.000773,135.445312,1
56,5.600560,5.600560,21,21,67.129204,0.585828,0.585850,0.073561,67.134315,1
56,5.600560,5.600560,22,22,0.000000,0.000000,0.000000,0.000000,0.000000,0
56,5.600560,5.600560,23,23,0.000000,0.000000,0.000000,0.000000,0.000000,0
56,5.600560,5.600560,24,24,8.795820,0.230327,-0.384165,0.011881,8.807218,1
56,5.600560,5.600560,25,25,16.524599,0.432711,-0.432859,0.006328,16.535931,1
56,5.600560,5.600560,26,26,135.313995,3.543330,-1.181270,0.000773,135.365524,1
56,5.600560,5.600560,27,27,0.000000,0.000000,0.000000,0.000000,0.000000,0
56,5.600560,5.600560,28,28,0.000000,0.000000,0.000000,0.000000,0.000000,0
56,5.600560,5.600560,29,29,0.000000,0.000000,0.000000,0.000000,0.000000,0
56,5.600560,5.600560,30,30,8.789680,0.383766,-0.384131,0.011882,8.806436,1
56,5.600560,5.600560,31,31,16.511700,0.720917,-0.432786,0.006329,16.533096,1
56,5.600560,5.600560,32,32,135.044998,5.896210,-1.179650,0.000774,135.178802,1
56,5.600560,5.600560,33,33,0.000000,0.000000,0.000000,0.000000,0.000000,0
56,5.600560,5.600560,34,34,0.000000,0.000000,0.000000,0.000000,0.000000,0
56,5.600560,5.600560,35,35,0.000000,0.000000,0.000000,0.000000,0.000000,0
57,5.709760,5.709760,0,0,8.777180,-0.383220,-0.383585,0.011883,8.793912,1
57,5.709760,5.709760,1,1,16.487400,-0.719856,-0.432150,0.006330,16.508764,1
57,5.709760,5.709760,2,2,134.744995,-5.883080,-1.177020,0.000775,134.878494,1
57,5.709760,5.709760,3,3,0.000000,0.000000,0.000000,0.000000,0.000000,0
57,5.709760,5.709760,4,4,0.000000,0.000000,0.000000,0.000000,0.000000,0
57,5.709760,5.709760,5,5,0.000000,0.000000,0.000000,0.000000,0.000000,0
57,5.709760,5.709760,6,6,8.783520,-0.230005,-0.383628,0.011882,8.794902,1
57,5.709760,5.709760,7,7,16.500999,-0.432093,-0.432241,0.006329,16.512314,1
57,5.709760,5.709760,8,8,135.061005,-3.536700,-1.179070,0.000773,135.112442,1
57,5.709760,5.709760,9,9,0.000000,0.000000,0.000000,0.000000,0.000000,0
57,5.709760,5.709760,10,10,0.000000,0.000000,0.000000,0.000000,0.000000,0
57,5.709760,5.709760,11,11,0.000000,0.000000,0.000000,0.000000,0.000000,0
57,5.709760,5.709760,12,12,8.786740,-0.076681,-0.383652,0.011881,8.795446,1
57,5.709760,5.709760,13,13,16.507900,-0.144062,-0.432291,0.006328,16.514189,1
57,5.709760,5.709760,14,14,135.231003,-1.180140,-1.180190,0.000773,135.241302,1
57,5.709760,5.709760,15,15,66.278397,-0.578403,0.578425,0.039351,66.283440,1
57,5.709760,5.709760,16,16,0.000000,0.000000,0.000000,0.000000,0.000000,0
57,5.709760,5.709760,17,17,0.000000,0.000000,0.000000,0.000000,0.000000,0
57,5.709760,5.709760,18,18,8.786830,0.076682,-0.383656,0.011881,8.795536,1
57,5.709760,5.709760,19,19,16.508200,0.144065,-0.432300,0.006328,16.514488,1
57,5.709760,5.709760,20,20,135.251999,1.180330,-1.180370,0.000773,135.262299,1
57,5.709760,5.709760,21,21,66.131798,0.577123,0.577145,0.051701,66.136833,1
57,5.709760,5.709760,22,22,0.000000,0.000000,0.000000,0.000000,0.000000,0
57,5.709760,5.709760,23,23,0.000000,0.000000,0.000000,0.000000,0.000000,0
57,5.709760,5.709760,24,24,8.783800,0.230012,-0.383640,0.011881,8.795182,1
57,5.709760,5.709760,25,25,16.501900,0.432119,-0.432267,0.006328,16.513216,1
57,5.709760,5.709760,26,26,135.126007,3.538400,-1.179630,0.000773,135.177460,1
57,5.709760,5.709760,27,27,0.000000,0.000000,0.000000,0.000000,0.000000,0
57,5.709760,5.709760,28,28,0.000000,0.000000,0.000000,0.000000,0.000000,0
57,5.709760,5.709760,29,29,0.000000,0.000000,0.000000,0.000000,0.000000,0
57,5.709760,5.709760,30,30,8.777630,0.383240,-0.383605,0.011882,8.794363,1
57,5.709760,5.709760,31,31,16.489000,0.719926,-0.432192,0.006329,16.510366,1
57,5.709760,5.709760,32,32,134.852005,5.887770,-1.177960,0.000774,134.985611,1
57,5.709760,5.709760,33,33,0.000000,0.000000,0.000000,0.000000,0.000000,0
57,5.709760,5.709760,34,34,0.000000,0.000000,0.000000,0.000000,0.000000,0
57,5.709760,5.709760,35,35,0.000000,0.000000,0.000000,0.000000,0.000000,0
58,5.800200,5.800200,0,0,8.780560,-0.383367,-0.383733,0.011883,8.797297,1
58,5.800200,5.800200,1,1,16.493900,-0.720138,-0.432319,0.006330,16.515272,1
58,5.800200,5.800200,2,2,134.809006,-5.885880,-1.177580,0.000775,134.942581,1
58,5.800200,5.800200,3,3,0.000000,0.000000,0.000000,0.000000,0.000000,0
58,5.800200,5.800200,4,4,0.000000,0.000000,0.000000,0.000000,0.000000,0
58,5.800200,5.800200,5,5,0.000000,0.000000,0.000000,0.000000,0.000000,0
58,5.800200,5.800200,6,6,8.786880,-0.230093,-0.383775,0.011882,8.798265,1
58,5.800200,5.800200,7,7,16.507401,-0.432261,-0.432409,0.006329,16.518721,1
58,5.800200,5.800200,8,8,135.121994,-3.538290,-1.179590,0.000773,135.173462,1
58,5.800200,5.800200,9,9,0.000000,0.000000,0.000000,0.000000,0.000000,0
58,5.800200,5.800200,10,10,0.000000,0.000000,0.000000,0.000000,0.000000,0
58,5.800200,5.800200,11,11,0.000000,0.000000,0.000000,0.000000,0.000000,0
58,5.800200,5.800200,12,12,8.790100,-0.076710,-0.383799,0.011881,8.798809,1
58,5.800200,5.800200,13,13,16.514299,-0.144118,-0.432457,0.006328,16.520590,1
58,5.800200,5.800200,14,14,135.287003,-1.180630,-1.180680,0.000773,135.297302,1
58,5.800200,5.800200,15,15,65.407700,-0.570805,0.570826,0.052064,65.412674,1
58,5.800200,5.800200,16,16,0.000000,0.000000,0.000000,0.000000,0.000000,0
58,5.800200,5.800200,17,17,0.000000,0.000000,0.000000,0.000000,0.000000,0
58,5.800200,5.800200,18,18,8.790170,0.076711,-0.383802,0.011881,8.798879,1
58,5.800200,5.800200,19,19,16.514500,0.144120,-0.432464,0.006328,16.520790,1
58,5.800200,5.800200,20,20,135.304993,1.180790,-1.180830,0.000773,135.315308,1
58,5.800200,5.800200,21,21,65.258797,0.569505,0.569527,0.051703,65.263763,1
58,5.800200,5.800200,22,22,0.000000,0.000000,0.000000,0.000000,0.000000,0
58,5.800200,5.800200,23,23,0.000000,0.000000,0.000000,0.000000,0.000000,0
58,5.800200,5.800200,24,24,8.787110,0.230099,-0.383785,0.011881,8.798497,1
58,5.800200,5.800200,25,25,16.508200,0.432281,-0.432430,0.006328,16.519518,1
58,5.800200,5.800200,26,26,135.175003,3.539670,-1.180050,0.000773,135.226486,1
58,5.800200,5.800200,27,27,0.000000,0.000000,0.000000,0.000000,0.000000,0
58,5.800200,5.800200,28,28,0.000000,0.000000,0.000000,0.000000,0.000000,0
58,5.800200,5.800200,29,29,0.000000,0.000000,0.000000,0.000000,0.000000,0
58,5.800200,5.800200,30,30,8.780930,0.383384,-0.383749,0.011882,8.797668,1
58,5.800200,5.800200,31,31,16.495199,0.720195,-0.432353,0.006329,16.516573,1
58,5.800200,5.800200,32,32,134.897003,5.889720,-1.178350,0.000774,135.030655,1
58,5.800200,5.800200,33,33,0.000000,0.000000,0.000000,0.000000,0.000000,0
58,5.800200,5.800200,34,34,0.000000,0.000000,0.000000,0.000000,0.000000,0
58,5.800200,5.800200,35,35,0.000000,0.000000,0.000000,0.000000,0.000000,0
59,5.909820,5.909820,0,0,8.781860,-0.383424,-0.383790,0.011883,8.798601,1
59,5.909820,5.909820,1,1,16.496401,-0.720249,-0.432385,0.006330,16.517776,1
59,5.909820,5.909820,2,2,134.841995,-5.887330,-1.177870,0.000775,134.975586,1
59,5.909820,5.909820,3,3,0.000000,0.000000,0.000000,0.000000,0.000000,0
59,5.909820,5.909820,4,4,0.000000,0.000000,0.000000,0.000000,0.000000,0
59,5.909820,5.909820,5,5,0.000000,0.000000,0.000000,0.000000,0.000000,0
59,5.909820,5.909820,6,6,8.788170,-0.230126,-0.383831,0.011882,8.799557,1
59,5.909820,5.909820,7,7,16.509800,-0.432325,-0.432474,0.006328,16.521120,1
59,5.909820,5.909820,8,8,135.151001,-3.539040,-1.179850,0.000773,135.202484,1
59,5.909820,5.909820,9,9,0.000000,0.000000,0.000000,0.000000,0.000000,0
59,5.909820,5.909820,10,10,0.000000,0.000000,0.000000,0.000000,0.000000,0
59,5.909820,5.909820,11,11,0.000000,0.000000,0.000000,0.000000,0.000000,0
59,5.909820,5.909820,12,12,8.791350,-0.076721,-0.383854,0.011881,8.800061,1
59,5.909820,5.909820,13,13,16.516701,-0.144139,-0.432521,0.006328,16.522991,1
59,5.909820,5.909820,14,14,135.311996,-1.180850,-1.180890,0.000773,135.322296,1
59,5.909820,5.909820,15,15,64.348000,-0.561557,0.561578,0.073604,64.352898,1
59,5.909820,5.909820,16,16,0.000000,0.000000,0.000000,0.000000,0.000000,0
59,5.909820,5.909820,17,17,0.000000,0.000000,0.000000,0.000000,0.000000,0
59,5.909820,5.909820,18,18,8.791410,0.076721,-0.383856,0.011881,8.800121,1
59,5.909820,5.909820,19,19,16.516899,0.144141,-0.432526,0.006328,16.523190,1
59,5.909820,5.909820,20,20,135.324997,1.180960,-1.181010,0.000773,135.335297,1
59,5.909820,5.909820,21,21,64.227798,0.560508,0.560529,0.089335,64.232689,1
59,5.909820,5.909820,22,22,0.000000,0.000000,0.000000,0.000000,0.000000,0
59,5.909820,5.909820,23,23,0.000000,0.000000,0.000000,0.000000,0.000000,0
59,5.909820,5.909820,24,24,8.788340,0.230131,-0.383839,0.011881,8.799727,1
59,5.909820,5.909820,25,25,16.510401,0.432341,-0.432489,0.006328,16.521721,1
59,5.909820,5.909820,26,26,135.190002,3.540080,-1.180190,0.000773,135.241486,1
59,5.909820,5.909820,27,27,0.000000,0.000000,0.000000,0.000000,0.000000,0
59,5.909820,5.909820,28,28,0.000000,0.000000,0.000000,0.000000,0.000000,0
59,5.909820,5.909820,29,29,0.000000,0.000000,0.000000,0.000000,0.000000,0
59,5.909820,5.909820,30,30,8.782140,0.383437,-0.383802,0.011883,8.798881,1
59,5.909820,5.909820,31,31,16.497400,0.720292,-0.432411,0.006329,16.518778,1
59,5.909820,5.909820,32,32,134.908005,5.890220,-1.178450,0.000774,135.041672,1
59,5.909820,5.909820,33,33,0.000000,0.000000,0.000000,0.000000,0.000000,0
59,5.909820,5.909820,34,34,0.000000,0.000000,0.000000,0.000000,0.000000,0
59,5.909820,5.909820,35,35,0.000000,0.000000,0.000000,0.000000,0.000000,0
60,6.000300,6.000300,0,0,8.784470,-0.383538,-0.383904,0.011883,8.801215,1
60,6.000300,6.000300,1,1,16.501400,-0.720466,-0.432516,0.006330,16.522783,1
60,6.000300,6.000300,2,2,134.891006,-5.889490,-1.178300,0.000775,135.024658,1
60,6.000300,6.000300,3,3,0.000000,0.000000,0.000000,0.000000,0.000000,0
60,6.000300,6.000300,4,4,0.000000,0.000000,0.000000,0.000000,0.000000,0
60,6.000300,6.000300,5,5,0.000000,0.000000,0.000000,0.000000,0.000000,0
60,6.000300,6.000300,6,6,8.790770,-0.230194,-0.383945,0.011882,8.802160,1
60,6.000300,6.000300,7,7,16.514799,-0.432455,-0.432603,0.006328,16.526123,1
60,6.000300,6.000300,8,8,135.197006,-3.540260,-1.180250,0.000773,135.248505,1
60,6.000300,6.000300,9,9,0.000000,0.000000,0.000000,0.000000,0.000000,0
60,6.000300,6.000300,10,10,0.000000,0.000000,0.000000,0.000000,0.000000,0
60,6.000300,6.000300,11,11,0.000000,0.000000,0.000000,0.000000,0.000000,0
60,6.000300,6.000300,12,12,8.793940,-0.076744,-0.383966,0.011881,8.802652,1
60,6.000300,6.000300,13,13,16.521601,-0.144181,-0.432649,0.006328,16.527893,1
60,6.000300,6.000300,14,14,135.354996,-1.181230,-1.181270,0.000773,135.365295,1
60,6.000300,6.000300,15,15,63.469398,-0.553889,0.553910,0.064518,63.474232,1
60,6.000300,6.000300,16,16,0.000000,0.000000,0.000000,0.000000,0.000000,0
60,6.000300,6.000300,17,17,0.000000,0.000000,0.000000,0.000000,0.000000,0
60,6.000300,6.000300,18,18,8.793990,0.076744,-0.383968,0.011881,8.802703,1
60,6.000300,6.000300,19,19,16.521700,0.144183,-0.432652,0.006328,16.527992,1
60,6.000300,6.000300,20,20,135.365005,1.181320,-1.181360,0.000773,135.375320,1
60,6.000300,6.000300,21,21,63.384602,0.553149,0.553170,0.144588,63.389427,1
60,6.000300,6.000300,22,22,0.000000,0.000000,0.000000,0.000000,0.000000,0
60,6.000300,6.000300,23,23,0.000000,0.000000,0.000000,0.000000,0.000000,0
60,6.000300,6.000300,24,24,8.790900,0.230198,-0.383950,0.011881,8.802292,1
60,6.000300,6.000300,25,25,16.515200,0.432467,-0.432615,0.006328,16.526525,1
60,6.000300,6.000300,26,26,135.227997,3.541060,-1.180520,0.000773,135.279510,1
60,6.000300,6.000300,27,27,0.000000,0.000000,0.000000,0.000000,0.000000,0
60,6.000300,6.000300,28,28,0.000000,0.000000,0.000000,0.000000,0.000000,0
60,6.000300,6.000300,29,29,0.000000,0.000000,0.000000,0.000000,0.000000,0
60,6.000300,6.000300,30,30,8.784690,0.383548,-0.383913,0.011883,8.801436,1
60,6.000300,6.000300,31,31,16.502100,0.720499,-0.432535,0.006329,16.523483,1
60,6.000300,6.000300,32,32,134.942001,5.891700,-1.178740,0.000774,135.075699,1
60,6.000300,6.000300,33,33,0.000000,0.000000,0.000000,0.000000,0.000000,0
60,6.000300,6.000300,34,34,0.000000,0.000000,0.000000,0.000000,0.000000,0
60,6.000300,6.000300,35,35,0.000000,0.000000,0.000000,0.000000,0.000000,0
61,6.109830,6.109830,0,0,8.785700,-0.383592,-0.383957,0.011883,8.802447,1
61,6.109830,6.109830,1,1,16.503799,-0.720570,-0.432578,0.006330,16.525185,1
61,6.109830,6.109830,2,2,134.919998,-5.890730,-1.178550,0.000774,135.053680,1
61,6.109830,6.109830,3,3,0.000000,0.000000,0.000000,0.000000,0.000000,0
61,6.109830,6.109830,4,4,0.000000,0.000000,0.000000,0.000000,0.000000,0
61,6.109830,6.109830,5,5,0.000000,0.000000,0.000000,0.000000,0.000000,0
61,6.109830,6.109830,6,6,8.791990,-0.230226,-0.383998,0.011882,8.803383,1
61,6.109830,6.109830,7,7,16.517099,-0.432516,-0.432664,0.006328,16.528425,1
61,6.109830,6.109830,8,8,135.222000,-3.540920,-1.180470,0.000773,135.273514,1
61,6.109830,6.109830,9,9,0.000000,0.000000,0.000000,0.000000,0.000000,0
61,6.109830,6.109830,10,10,0.000000,0.000000,0.000000,0.000000,0.000000,0
61,6.109830,6.109830,11,11,0.000000,0.000000,0.000000,0.000000,0.000000,0
61,6.109830,6.109830,12,12,8.795140,-0.076754,-0.384019,0.011881,8.803854,1
61,6.109830,6.109830,13,13,16.523800,-0.144201,-0.432708,0.006328,16.530092,1
61,6.109830,6.109830,14,14,135.376999,-1.181420,-1.181470,0.000773,135.387314,1
61,6.109830,6.109830,15,15,62.385502,-0.544430,0.544451,0.064515,62.390255,1
61,6.109830,6.109830,16,16,0.000000,0.000000,0.000000,0.000000,0.000000,0
61,6.109830,6.109830,17,17,0.000000,0.000000,0.000000,0.000000,0.000000,0
61,6.109830,6.109830,18,18,8.795180,0.076754,-0.384020,0.011881,8.803894,1
61,6.109830,6.109830,19,19,16.523899,0.144202,-0.432711,0.006328,16.530191,1
61,6.109830,6.109830,20,20,65.590202,0.572397,-0.572419,0.023645,65.595200,1
61,6.109830,6.109830,21,21,62.345699,0.544082,0.544103,0.142646,62.350449,1
61,6.109830,6.109830,22,22,0.000000,0.000000,0.000000,0.000000,0.000000,0
61,6.109830,6.109830,23,23,0.000000,0.000000,0.000000,0.000000,0.000000,0
61,6.109830,6.109830,24,24,8.792080,0.230229,-0.384002,0.011881,8.803473,1
61,6.109830,6.109830,25,25,16.517401,0.432524,-0.432672,0.006328,16.528727,1
61,6.109830,6.109830,26,26,135.242996,3.541470,-1.180650,0.000773,135.294510,1
61,6.109830,6.109830,27,27,0.000000,0.000000,0.000000,0.000000,0.000000,0
61,6.109830,6.109830,28,28,0.000000,0.000000,0.000000,0.000000,0.000000,0
61,6.109830,6.109830,29,29,0.000000,0.000000,0.000000,0.000000,0.000000,0
61,6.109830,6.109830,30,30,8.785850,0.383598,-0.383964,0.011883,8.802598,1
61,6.109830,6.109830,31,31,16.504299,0.720592,-0.432591,0.006329,16.525684,1
61,6.109830,6.109830,32,32,134.953995,5.892240,-1.178850,0.000774,135.087708,1
61,6.109830,6.109830,33,33,0.000000,0.000000,0.000000,0.000000,0.000000,0
61,6.109830,6.109830,34,34,0.000000,0.000000,0.000000,0.000000,0.000000,0
61,6.109830,6.109830,35,35,0.000000,0.000000,0.000000,0.000000,0.000000,0
62,6.200430,6.200430,0,0,8.788340,-0.383707,-0.384073,0.011883,8.805093,1
62,6.200430,6.200430,1,1,16.508801,-0.720788,-0.432709,0.006330,16.530191,1
62,6.200430,6.200430,2,2,134.966995,-5.892790,-1.178960,0.000774,135.100723,1
62,6.200430,6.200430,3,3,0.000000,0.000000,0.000000,0.000000,0.000000,0
62,6.200430,6.200430,4,4,0.000000,0.000000,0.000000,0.000000,0.000000,0
62,6.200430,6.200430,5,5,0.000000,0.000000,0.000000,0.000000,0.000000,0
62,6.200430,6.200430,6,6,8.794620,-0.230295,-0.384113,0.011882,8.806016,1
62,6.200430,6.200430,7,7,16.522100,-0.432646,-0.432794,0.006328,16.533430,1
62,6.200430,6.200430,8,8,135.266998,-3.542100,-1.180870,0.000773,135.318512,1
62,6.200430,6.200430,9,9,0.000000,0.000000,0.000000,0.000000,0.000000,0
62,6.200430,6.200430,10,10,0.000000,0.000000,0.000000,0.000000,0.000000,0
62,6.200430,6.200430,11,11,0.000000,0.000000,0.000000,0.000000,0.000000,0
62,6.200430,6.200430,12,12,8.797770,-0.076777,-0.384133,0.011881,8.806487,1
62,6.200430,6.200430,13,13,16.528799,-0.144245,-0.432838,0.006328,16.535095,1
62,6.200430,6.200430,14,14,64.728699,-0.564879,-0.564900,0.023582,64.733627,1
62,6.200430,6.200430,15,15,61.517200,-0.536853,0.536873,0.107049,61.521889,1
62,6.200430,6.200430,16,16,0.000000,0.000000,0.000000,0.000000,0.000000,0
62,6.200430,6.200430,17,17,0.000000,0.000000,0.000000,0.000000,0.000000,0
62,6.200430,6.200430,18,18,8.797790,0.076777,-0.384135,0.011881,8.806506,1
62,6.200430,6.200430,19,19,16.528900,0.144245,-0.432840,0.006328,16.535196,1
62,6.200430,6.200430,20,20,64.714600,0.564756,-0.564777,0.023645,64.719528,1
62,6.200430,6.200430,21,21,61.472698,0.536464,0.536485,0.142647,61.477379,1
62,6.200430,6.200430,22,22,0.000000,0.000000,0.000000,0.000000,0.000000,0
62,6.200430,6.200430,23,23,0.000000,0.000000,0.000000,0.000000,0.000000,0
62,6.200430,6.200430,24,24,8.794670,0.230297,-0.384115,0.011881,8.806067,1
62,6.200430,6.200430,25,25,16.522301,0.432652,-0.432800,0.006328,16.533630,1
62,6.200430,6.200430,26,26,135.281998,3.542470,-1.180990,0.000773,135.333527,1
62,6.200430,6.200430,27,27,0.000000,0.000000,0.000000,0.000000,0.000000,0
62,6.200430,6.200430,28,28,0.000000,0.000000,0.000000,0.000000,0.000000,0
62,6.200430,6.200430,29,29,0.000000,0.000000,0.000000,0.000000,0.000000,0
62,6.200430,6.200430,30,30,8.788440,0.383711,-0.384077,0.011883,8.805193,1
62,6.200430,6.200430,31,31,16.509100,0.720803,-0.432718,0.006329,16.530493,1
62,6.200430,6.200430,32,32,134.990997,5.893810,-1.179170,0.000774,135.124741,1
62,6.200430,6.200430,33,33,0.000000,0.000000,0.000000,0.000000,0.000000,0
62,6.200430,6.200430,34,34,0.000000,0.000000,0.000000,0.000000,0.000000,0
62,6.200430,6.200430,35,35,0.000000,0.000000,0.000000,0.000000,0.000000,0
63,6.300020,6.300020,0,0,8.789450,-0.383756,-0.384122,0.011883,8.806205,1
63,6.300020,6.300020,1,1,16.510900,-0.720883,-0.432766,0.006330,16.532295,1
63,6.300020,6.300020,2,2,134.990997,-5.893820,-1.179170,0.000774,135.124741,1
63,6.300020,6.300020,3,3,0.000000,0.000000,0.000000,0.000000,0.000000,0
63,6.300020,6.300020,4,4,0.000000,0.000000,0.000000,0.000000,0.000000,0
63,6.300020,6.300020,5,5,0.000000,0.000000,0.000000,0.000000,0.000000,0
63,6.300020,6.300020,6,6,8.795730,-0.230324,-0.384162,0.011881,8.807127,1
63,6.300020,6.300020,7,7,16.524200,-0.432702,-0.432850,0.006328,16.535530,1
63,6.300020,6.300020,8,8,135.289001,-3.542660,-1.181050,0.000773,135.340530,1
63,6.300020,6.300020,9,9,0.000000,0.000000,0.000000,0.000000,0.000000,0
63,6.300020,6.300020,10,10,0.000000,0.000000,0.000000,0.000000,0.000000,0
63,6.300020,6.300020,11,11,0.000000,0.000000,0.000000,0.000000,0.000000,0
63,6.300020,6.300020,12,12,8.798880,-0.076787,-0.384182,0.011881,8.807598,1
63,6.300020,6.300020,13,13,16.530899,-0.144263,-0.432893,0.006328,16.537195,1
63,6.300020,6.300020,14,14,63.758999,-0.556416,-0.556437,0.023582,63.763855,1
63,6.300020,6.300020,15,15,60.536800,-0.528297,0.528317,0.107047,60.541409,1
63,6.300020,6.300020,16,16,0.000000,0.000000,0.000000,0.000000,0.000000,0
63,6.300020,6.300020,17,17,0.000000,0.000000,0.000000,0.000000,0.000000,0
63,6.300020,6.300020,18,18,8.798890,0.076787,-0.384182,0.011881,8.807608,1
63,6.300020,6.300020,19,19,16.530899,0.144263,-0.432894,0.006328,16.537195,1
63,6.300020,6.300020,20,20,63.744701,0.556291,-0.556312,0.023645,63.749557,1
63,6.300020,6.300020,21,21,60.504700,0.528017,0.528037,0.142648,60.509308,1
63,6.300020,6.300020,22,22,0.000000,0.000000,0.000000,0.000000,0.000000,0
63,6.300020,6.300020,23,23,0.000000,0.000000,0.000000,0.000000,0.000000,0
63,6.300020,6.300020,24,24,8.795770,0.230325,-0.384163,0.011881,8.807167,1
63,6.300020,6.300020,25,25,16.524300,0.432705,-0.432853,0.006328,16.535629,1
63,6.300020,6.300020,26,26,135.296997,3.542870,-1.181120,0.000773,135.348526,1
63,6.300020,6.300020,27,27,0.000000,0.000000,0.000000,0.000000,0.000000,0
63,6.300020,6.300020,28,28,0.000000,0.000000,0.000000,0.000000,0.000000,0
63,6.300020,6.300020,29,29,0.000000,0.000000,0.000000,0.000000,0.000000,0
63,6.300020,6.300020,30,30,8.789520,0.383759,-0.384124,0.011883,8.806275,1
63,6.300020,6.300020,31,31,16.511101,0.720891,-0.432771,0.006329,16.532495,1
63,6.300020,6.300020,32,32,135.003998,5.894390,-1.179280,0.000774,135.137756,1
63,6.300020,6.300020,33,33,0.000000,0.000000,0.000000,0.000000,0.000000,0
63,6.300020,6.300020,34,34,0.000000,0.000000,0.000000,0.000000,0.000000,0
63,6.300020,6.300020,35,35,0.000000,0.000000,0.000000,0.000000,0.000000,0
64,6.400640,6.400640,0,0,8.793580,-0.383936,-0.384301,0.011883,8.810343,1
64,6.400640,6.400640,1,1,16.518700,-0.721222,-0.432969,0.006330,16.540106,1
64,6.400640,6.400640,2,2,135.059006,-5.896790,-1.179760,0.000774,135.192825,1
64,6.400640,6.400640,3,3,0.000000,0.000000,0.000000,0.000000,0.000000,0
64,6.400640,6.400640,4,4,0.000000,0.000000,0.000000,0.000000,0.000000,0
64,6.400640,6.400640,5,5,0.000000,0.000000,0.000000,0.000000,0.000000,0
64,6.400640,6.400640,6,6,8.799850,-0.230432,-0.384341,0.011881,8.811254,1
64,6.400640,6.400640,7,7,16.532000,-0.432905,-0.433053,0.006328,16.543335,1
64,6.400640,6.400640,8,8,135.356003,-3.544410,-1.181630,0.000773,135.407562,1
64,6.400640,6.400640,9,9,0.000000,0.000000,0.000000,0.000000,0.000000,0
64,6.400640,6.400640,10,10,0.000000,0.000000,0.000000,0.000000,0.000000,0
64,6.400640,6.400640,11,11,0.000000,0.000000,0.000000,0.000000,0.000000,0
64,6.400640,6.400640,12,12,8.802990,-0.076822,-0.384361,0.011881,8.811712,1
64,6.400640,6.400640,13,13,16.538601,-0.144330,-0.433095,0.006328,16.544901,1
64,6.400640,6.400640,14,14,62.736301,-0.547492,-0.547513,0.021896,62.741081,1
64,6.400640,6.400640,15,15,59.519501,-0.519419,0.519439,0.142656,59.524033,1
64,6.400640,6.400640,16,16,0.000000,0.000000,0.000000,0.000000,0.000000,0
64,6.400640,6.400640,17,17,0.000000,0.000000,0.000000,0.000000,0.000000,0
64,6.400640,6.400640,18,18,8.802990,0.076822,-0.384361,0.011881,8.811712,1
64,6.400640,6.400640,19,19,16.538601,0.144330,-0.433096,0.006328,16.544901,1
64,6.400640,6.400640,20,20,62.723000,0.547376,-0.547396,0.023645,62.727776,1
64,6.400640,6.400640,21,21,59.486801,0.519134,0.519154,0.142649,59.491333,1
64,6.400640,6.400640,22,22,0.000000,0.000000,0.000000,0.000000,0.000000,0
64,6.400640,6.400640,23,23,0.000000,0.000000,0.000000,0.000000,0.000000,0
64,6.400640,6.400640,24,24,8.799860,0.230432,-0.384342,0.011881,8.811263,1
64,6.400640,6.400640,25,25,16.532000,0.432906,-0.433054,0.006328,16.543335,1
64,6.400640,6.400640,26,26,135.358994,3.544490,-1.181660,0.000773,135.410538,1
64,6.400640,6.400640,27,27,0.000000,0.000000,0.000000,0.000000,0.000000,0
64,6.400640,6.400640,28,28,0.000000,0.000000,0.000000,0.000000,0.000000,0
64,6.400640,6.400640,29,29,0.000000,0.000000,0.000000,0.000000,0.000000,0
64,6.400640,6.400640,30,30,8.793590,0.383937,-0.384302,0.011883,8.810352,1
64,6.400640,6.400640,31,31,16.518801,0.721225,-0.432971,0.006329,16.540207,1
64,6.400640,6.400640,32,32,135.063995,5.897020,-1.179810,0.000774,135.197815,1
64,6.400640,6.400640,33,33,0.000000,0.000000,0.000000,0.000000,0.000000,0
64,6.400640,6.400640,34,34,0.000000,0.000000,0.000000,0.000000,0.000000,0
64,6.400640,6.400640,35,35,0.000000,0.000000,0.000000,0.000000,0.000000,0
65,6.500440,6.500440,0,0,8.809070,-0.384613,-0.384979,0.011883,8.825862,1
65,6.500440,6.500440,1,1,16.547600,-0.722484,-0.433727,0.006330,16.569042,1
65,6.500440,6.500440,2,2,135.270004,-5.906020,-1.181610,0.000775,135.404037,1
65,6.500440,6.500440,3,3,0.000000,0.000000,0.000000,0.000000,0.000000,0
65,6.500440,6.500440,4,4,0.000000,0.000000,0.000000,0.000000,0.000000,0
65,6.500440,6.500440,5,5,0.000000,0.000000,0.000000,0.000000,0.000000,0
65,6.500440,6.500440,6,6,8.815360,-0.230838,-0.385019,0.011882,8.826783,1
65,6.500440,6.500440,7,7,16.560900,-0.433662,-0.433811,0.006328,16.572256,1
65,6.500440,6.500440,8,8,135.565994,-3.549920,-1.183470,0.000773,135.617630,1
65,6.500440,6.500440,9,9,0.000000,0.000000,0.000000,0.000000,0.000000,0
65,6.500440,6.500440,10,10,0.000000,0.000000,0.000000,0.000000,0.000000,0
65,6.500440,6.500440,11,11,0.000000,0.000000,0.000000,0.000000,0.000000,0
65,6.500440,6.500440,12,12,8.818490,-0.076958,-0.385038,0.011881,8.827228,1
65,6.500440,6.500440,13,13,16.567499,-0.144583,-0.433853,0.006328,16.573809,1
65,6.500440,6.500440,14,14,58.358101,-0.509283,-0.509302,0.029190,58.362545,1
65,6.500440,6.500440,15,15,58.432499,-0.509933,0.509952,0.216332,58.436947,1
65,6.500440,6.500440,16,16,0.000000,0.000000,0.000000,0.000000,0.000000,0
65,6.500440,6.500440,17,17,0.000000,0.000000,0.000000,0.000000,0.000000,0
65,6.500440,6.500440,18,18,8.818490,0.076958,-0.385038,0.011881,8.827228,1
65,6.500440,6.500440,19,19,16.567499,0.144583,-0.433852,0.006328,16.573809,1
65,6.500440,6.500440,20,20,58.353199,0.509241,-0.509260,0.027151,58.357643,1
65,6.500440,6.500440,21,21,58.400501,0.509654,0.509673,0.216105,58.404949,1
65,6.500440,6.500440,22,22,0.000000,0.000000,0.000000,0.000000,0.000000,0
65,6.500440,6.500440,23,23,0.000000,0.000000,0.000000,0.000000,0.000000,0
65,6.500440,6.500440,24,24,8.815350,0.230838,-0.385018,0.011882,8.826773,1
65,6.500440,6.500440,25,25,16.560900,0.433662,-0.433811,0.006328,16.572256,1
65,6.500440,6.500440,26,26,135.565994,3.549910,-1.183470,0.000773,135.617630,1
65,6.500440,6.500440,27,27,0.000000,0.000000,0.000000,0.000000,0.000000,0
65,6.500440,6.500440,28,28,0.000000,0.000000,0.000000,0.000000,0.000000,0
65,6.500440,6.500440,29,29,0.000000,0.000000,0.000000,0.000000,0.000000,0
65,6.500440,6.500440,30,30,8.809070,0.384613,-0.384979,0.011883,8.825862,1
65,6.500440,6.500440,31,31,16.547600,0.722484,-0.433727,0.006330,16.569042,1
65,6.500440,6.500440,32,32,135.268997,5.905980,-1.181600,0.000775,135.403015,1
65,6.500440,6.500440,33,33,0.000000,0.000000,0.000000,0.000000,0.000000,0
65,6.500440,6.500440,34,34,0.000000,0.000000,0.000000,0.000000,0.000000,0
65,6.500440,6.500440,35,35,0.000000,0.000000,0.000000,0.000000,0.000000,0
66,6.609940,6.609940,0,0,8.790150,-0.383786,-0.384152,0.011888,8.806907,1
66,6.609940,6.609940,1,1,16.506300,-0.720682,-0.432645,0.006334,16.527689,1
66,6.609940,6.609940,2,2,134.222000,-5.860240,-1.172450,0.000779,134.354980,1
66,6.609940,6.609940,3,3,0.000000,0.000000,0.000000,0.000000,0.000000,0
66,6.609940,6.609940,4,4,0.000000,0.000000,0.000000,0.000000,0.000000,0
66,6.609940,6.609940,5,5,0.000000,0.000000,0.000000,0.000000,0.000000,0
66,6.609940,6.609940,6,6,8.796400,-0.230342,-0.384191,0.011886,8.807798,1
66,6.609940,6.609940,7,7,16.519600,-0.432580,-0.432728,0.006333,16.530928,1
66,6.609940,6.609940,8,8,134.513000,-3.522340,-1.174280,0.000778,134.564240,1
66,6.609940,6.609940,9,9,0.000000,0.000000,0.000000,0.000000,0.000000,0
66,6.609940,6.609940,10,10,0.000000,0.000000,0.000000,0.000000,0.000000,0
66,6.609940,6.609940,11,11,0.000000,0.000000,0.000000,0.000000,0.000000,0
66,6.609940,6.609940,12,12,8.799520,-0.076792,-0.384210,0.011886,8.808238,1
66,6.609940,6.609940,13,13,16.526199,-0.144222,-0.432769,0.006333,16.532494,1
66,6.609940,6.609940,14,14,57.340900,-0.500407,-0.500426,0.029683,57.345268,1
66,6.609940,6.609940,15,15,57.408401,-0.500995,0.501014,0.216334,57.412773,1
66,6.609940,6.609940,16,16,0.000000,0.000000,0.000000,0.000000,0.000000,0
66,6.609940,6.609940,17,17,0.000000,0.000000,0.000000,0.000000,0.000000,0
66,6.609940,6.609940,18,18,8.799520,0.076792,-0.384210,0.011886,8.808238,1
66,6.609940,6.609940,19,19,16.526100,0.144221,-0.432769,0.006333,16.532396,1
66,6.609940,6.609940,20,20,57.336498,0.500368,-0.500387,0.027146,57.340866,1
66,6.609940,6.609940,21,21,57.377701,0.500728,0.500746,0.226160,57.382069,1
66,6.609940,6.609940,22,22,0.000000,0.000000,0.000000,0.000000,0.000000,0
66,6.609940,6.609940,23,23,0.000000,0.000000,0.000000,0.000000,0.000000,0
66,6.609940,6.609940,24,24,8.796380,0.230341,-0.384190,0.011886,8.807778,1
66,6.609940,6.609940,25,25,16.519501,0.432579,-0.432727,0.006333,16.530828,1
66,6.609940,6.609940,26,26,134.509003,3.522250,-1.174250,0.000778,134.560242,1
66,6.609940,6.609940,27,27,0.000000,0.000000,0.000000,0.000000,0.000000,0
66,6.609940,6.609940,28,28,0.000000,0.000000,0.000000,0.000000,0.000000,0
66,6.609940,6.609940,29,29,0.000000,0.000000,0.000000,0.000000,0.000000,0
66,6.609940,6.609940,30,30,8.790120,0.383785,-0.384150,0.011888,8.806876,1
66,6.609940,6.609940,31,31,16.506201,0.720679,-0.432643,0.006334,16.527590,1
66,6.609940,6.609940,32,32,134.216003,5.859990,-1.172400,0.000779,134.348984,1
66,6.609940,6.609940,33,33,0.000000,0.000000,0.000000,0.000000,0.000000,0
66,6.609940,6.609940,34,34,0.000000,0.000000,0.000000,0.000000,0.000000,0
66,6.609940,6.609940,35,35,0.000000,0.000000,0.000000,0.000000,0.000000,0
67,6.710030,6.710030,0,0,8.779480,-0.383320,-0.383686,0.011901,8.796216,1
67,6.710030,6.710030,1,1,16.470100,-0.719099,-0.431695,0.006348,16.491444,1
67,6.710030,6.710030,2,2,131.942993,-5.760770,-1.152550,0.000793,132.073715,1
67,6.710030,6.710030,3,3,0.000000,0.000000,0.000000,0.000000,0.000000,0
67,6.710030,6.710030,4,4,0.000000,0.000000,0.000000,0.000000,0.000000,0
67,6.710030,6.710030,5,5,0.000000,0.000000,0.000000,0.000000,0.000000,0
67,6.710030,6.710030,6,6,8.785710,-0.230062,-0.383724,0.011900,8.797095,1
67,6.710030,6.710030,7,7,16.483200,-0.431629,-0.431777,0.006347,16.494503,1
67,6.710030,6.710030,8,8,132.223999,-3.462410,-1.154300,0.000791,132.274353,1
67,6.710030,6.710030,9,9,0.000000,0.000000,0.000000,0.000000,0.000000,0
67,6.710030,6.710030,10,10,0.000000,0.000000,0.000000,0.000000,0.000000,0
67,6.710030,6.710030,11,11,0.000000,0.000000,0.000000,0.000000,0.000000,0
67,6.710030,6.710030,12,12,8.788830,-0.076699,-0.383743,0.011899,8.797538,1
67,6.710030,6.710030,13,13,16.489799,-0.143904,-0.431817,0.006346,16.496080,1
67,6.710030,6.710030,14,14,56.329700,-0.491582,-0.491600,0.027849,56.333992,1
67,6.710030,6.710030,15,15,56.377300,-0.491997,0.492016,0.216342,56.381592,1
67,6.710030,6.710030,16,16,0.000000,0.000000,0.000000,0.000000,0.000000,0
67,6.710030,6.710030,17,17,0.000000,0.000000,0.000000,0.000000,0.000000,0
67,6.710030,6.710030,18,18,8.788820,0.076699,-0.383743,0.011899,8.797528,1
67,6.710030,6.710030,19,19,16.489799,0.143904,-0.431816,0.006346,16.496080,1
67,6.710030,6.710030,20,20,56.325001,0.491541,-0.491559,0.027133,56.329292,1
67,6.710030,6.710030,21,21,56.348202,0.491743,0.491762,0.226170,56.352493,1
67,6.710030,6.710030,22,22,0.000000,0.000000,0.000000,0.000000,0.000000,0
67,6.710030,6.710030,23,23,0.000000,0.000000,0.000000,0.000000,0.000000,0
67,6.710030,6.710030,24,24,8.785700,0.230062,-0.383723,0.011900,8.797084,1
67,6.710030,6.710030,25,25,16.483200,0.431626,-0.431775,0.006347,16.494503,1
67,6.710030,6.710030,26,26,132.218994,3.462280,-1.154250,0.000791,132.269363,1
67,6.710030,6.710030,27,27,0.000000,0.000000,0.000000,0.000000,0.000000,0
67,6.710030,6.710030,28,28,0.000000,0.000000,0.000000,0.000000,0.000000,0
67,6.710030,6.710030,29,29,0.000000,0.000000,0.000000,0.000000,0.000000,0
67,6.710030,6.710030,30,30,8.779440,0.383319,-0.383684,0.011901,8.796176,1
67,6.710030,6.710030,31,31,16.469900,0.719093,-0.431692,0.006348,16.491241,1
67,6.710030,6.710030,32,32,131.934998,5.760410,-1.152480,0.000793,132.065720,1
67,6.710030,6.710030,33,33,0.000000,0.000000,0.000000,0.000000,0.000000,0
67,6.710030,6.710030,34,34,0.000000,0.000000,0.000000,0.000000,0.000000,0
67,6.710030,6.710030,35,35,0.000000,0.000000,0.000000,0.000000,0.000000,0
68,6.800320,6.800320,0,0,8.758860,-0.382420,-0.382784,0.011924,8.775557,1
68,6.800320,6.800320,1,1,16.403799,-0.716207,-0.429959,0.006371,16.425055,1
68,6.800320,6.800320,2,2,128.184998,-5.596660,-1.119720,0.000815,128.312012,1
68,6.800320,6.800320,3,3,0.000000,0.000000,0.000000,0.000000,0.000000,0
68,6.800320,6.800320,4,4,0.000000,0.000000,0.000000,0.000000,0.000000,0
68,6.800320,6.800320,5,5,0.000000,0.000000,0.000000,0.000000,0.000000,0
68,6.800320,6.800320,6,6,8.765070,-0.229521,-0.382823,0.011923,8.776428,1
68,6.800320,6.800320,7,7,16.416901,-0.429891,-0.430038,0.006369,16.428158,1
68,6.800320,6.800320,8,8,128.449005,-3.363570,-1.121350,0.000814,128.497940,1
68,6.800320,6.800320,9,9,0.000000,0.000000,0.000000,0.000000,0.000000,0
68,6.800320,6.800320,10,10,0.000000,0.000000,0.000000,0.000000,0.000000,0
68,6.800320,6.800320,11,11,0.000000,0.000000,0.000000,0.000000,0.000000,0
68,6.800320,6.800320,12,12,8.768170,-0.076519,-0.382841,0.011922,8.776857,1
68,6.800320,6.800320,13,13,16.423401,-0.143325,-0.430078,0.006369,16.429655,1
68,6.800320,6.800320,14,14,55.422699,-0.483666,-0.483685,0.027826,55.426918,1
68,6.800320,6.800320,15,15,55.428200,-0.483715,0.483733,0.216136,55.432419,1
68,6.800320,6.800320,16,16,0.000000,0.000000,0.000000,0.000000,0.000000,0
68,6.800320,6.800320,17,17,0.000000,0.000000,0.000000,0.000000,0.000000,0
68,6.800320,6.800320,18,18,8.768160,0.076519,-0.382841,0.011922,8.776848,1
68,6.800320,6.800320,19,19,16.423401,0.143324,-0.430077,0.006369,16.429655,1
68,6.800320,6.800320,20,20,55.417801,0.483624,-0.483642,0.027110,55.422020,1
68,6.800320,6.800320,21,21,55.400600,0.483474,0.483492,0.226185,55.404819,1
68,6.800320,6.800320,22,22,0.000000,0.000000,0.000000,0.000000,0.000000,0
68,6.800320,6.800320,23,23,0.000000,0.000000,0.000000,0.000000,0.000000,0
68,6.800320,6.800320,24,24,8.765050,0.229521,-0.382821,0.011923,8.776408,1
68,6.800320,6.800320,25,25,16.416800,0.429889,-0.430036,0.006369,16.428057,1
68,6.800320,6.800320,26,26,128.444000,3.363420,-1.121300,0.000814,128.492920,1
68,6.800320,6.800320,27,27,0.000000,0.000000,0.000000,0.000000,0.000000,0
68,6.800320,6.800320,28,28,0.000000,0.000000,0.000000,0.000000,0.000000,0
68,6.800320,6.800320,29,29,0.000000,0.000000,0.000000,0.000000,0.000000,0
68,6.800320,6.800320,30,30,8.758820,0.382418,-0.382783,0.011924,8.775517,1
68,6.800320,6.800320,31,31,16.403700,0.716200,-0.429955,0.006371,16.424955,1
68,6.800320,6.800320,32,32,128.175995,5.596260,-1.119640,0.000816,128.302994,1
68,6.800320,6.800320,33,33,0.000000,0.000000,0.000000,0.000000,0.000000,0
68,6.800320,6.800320,34,34,0.000000,0.000000,0.000000,0.000000,0.000000,0
68,6.800320,6.800320,35,35,0.000000,0.000000,0.000000,0.000000,0.000000,0
69,6.910170,6.910170,0,0,8.713170,-0.380425,-0.380788,0.011971,8.729779,1
69,6.910170,6.910170,1,1,16.262800,-0.710049,-0.426262,0.006417,16.283875,1
69,6.910170,6.910170,2,2,121.064003,-5.285770,-1.057520,0.000862,121.183952,1
69,6.910170,6.910170,3,3,0.000000,0.000000,0.000000,0.000000,0.000000,0
69,6.910170,6.910170,4,4,0.000000,0.000000,0.000000,0.000000,0.000000,0
69,6.910170,6.910170,5,5,0.000000,0.000000,0.000000,0.000000,0.000000,0
69,6.910170,6.910170,6,6,8.719320,-0.228323,-0.380824,0.011970,8.730618,1
69,6.910170,6.910170,7,7,16.275600,-0.426192,-0.426339,0.006416,16.286760,1
69,6.910170,6.910170,8,8,121.300003,-3.176360,-1.058930,0.000861,121.346199,1
69,6.910170,6.910170,9,9,0.000000,0.000000,0.000000,0.000000,0.000000,0
69,6.910170,6.910170,10,10,0.000000,0.000000,0.000000,0.000000,0.000000,0
69,6.910170,6.910170,11,11,0.000000,0.000000,0.000000,0.000000,0.000000,0
69,6.910170,6.910170,12,12,8.722400,-0.076119,-0.380843,0.011969,8.731042,1
69,6.910170,6.910170,13,13,16.282000,-0.142091,-0.426376,0.006416,16.288202,1
69,6.910170,6.910170,14,14,57.621201,-0.502853,-0.502872,0.021808,57.625587,1
69,6.910170,6.910170,15,15,54.261398,-0.473532,0.473550,0.216166,54.265530,1
69,6.910170,6.910170,16,16,0.000000,0.000000,0.000000,0.000000,0.000000,0
69,6.910170,6.910170,17,17,0.000000,0.000000,0.000000,0.000000,0.000000,0
69,6.910170,6.910170,18,18,8.722400,0.076119,-0.380842,0.011969,8.731042,1
69,6.910170,6.910170,19,19,16.282000,0.142091,-0.426376,0.006416,16.288202,1
69,6.910170,6.910170,20,20,57.618401,0.502828,-0.502847,0.031165,57.622791,1
69,6.910170,6.910170,21,21,54.236000,0.473310,0.473328,0.229671,54.240131,1
69,6.910170,6.910170,22,22,0.000000,0.000000,0.000000,0.000000,0.000000,0
69,6.910170,6.910170,23,23,0.000000,0.000000,0.000000,0.000000,0.000000,0
69,6.910170,6.910170,24,24,8.719300,0.228323,-0.380823,0.011970,8.730599,1
69,6.910170,6.910170,25,25,16.275499,0.426190,-0.426336,0.006416,16.286659,1
69,6.910170,6.910170,26,26,121.294998,3.176220,-1.058890,0.000861,121.341194,1
69,6.910170,6.910170,27,27,0.000000,0.000000,0.000000,0.000000,0.000000,0
69,6.910170,6.910170,28,28,0.000000,0.000000,0.000000,0.000000,0.000000,0
69,6.910170,6.910170,29,29,0.000000,0.000000,0.000000,0.000000,0.000000,0
69,6.910170,6.910170,30,30,8.713130,0.380423,-0.380786,0.011971,8.729739,1
69,6.910170,6.910170,31,31,16.262600,0.710042,-0.426258,0.006418,16.283674,1
69,6.910170,6.910170,32,32,121.055000,5.285380,-1.057440,0.000862,121.174942,1
69,6.910170,6.910170,33,33,0.000000,0.000000,0.000000,0.000000,0.000000,0
69,6.910170,6.910170,34,34,0.000000,0.000000,0.000000,0.000000,0.000000,0
69,6.910170,6.910170,35,35,0.000000,0.000000,0.000000,0.000000,0.000000,0
70,7.000570,7.000570,0,0,8.661980,-0.378190,-0.378550,0.012025,8.678492,1
70,7.000570,7.000570,1,1,16.104000,-0.703117,-0.422101,0.006472,16.124868,1
70,7.000570,7.000570,2,2,113.711998,-4.964790,-0.993298,0.000917,113.824669,1
70,7.000570,7.000570,3,3,0.000000,0.000000,0.000000,0.000000,0.000000,0
70,7.000570,7.000570,4,4,0.000000,0.000000,0.000000,0.000000,0.000000,0
70,7.000570,7.000570,5,5,0.000000,0.000000,0.000000,0.000000,0.000000,0
70,7.000570,7.000570,6,6,8.668060,-0.226981,-0.378586,0.012024,8.679293,1
70,7.000570,7.000570,7,7,16.116600,-0.422029,-0.422174,0.006471,16.127651,1
70,7.000570,7.000570,8,8,113.920998,-2.983130,-0.994514,0.000916,113.964394,1
70,7.000570,7.000570,9,9,0.000000,0.000000,0.000000,0.000000,0.000000,0
70,7.000570,7.000570,10,10,0.000000,0.000000,0.000000,0.000000,0.000000,0
70,7.000570,7.000570,11,11,0.000000,0.000000,0.000000,0.000000,0.000000,0
70,7.000570,7.000570,12,12,8.671110,-0.075672,-0.378603,0.012023,8.679702,1
70,7.000570,7.000570,13,13,16.122900,-0.140703,-0.422210,0.006470,16.129042,1
70,7.000570,7.000570,14,14,56.774101,-0.495460,-0.495479,0.022831,56.778423,1
70,7.000570,7.000570,15,15,53.286999,-0.465029,0.465047,0.216201,53.291058,1
70,7.000570,7.000570,16,16,0.000000,0.000000,0.000000,0.000000,0.000000,0
70,7.000570,7.000570,17,17,0.000000,0.000000,0.000000,0.000000,0.000000,0
70,7.000570,7.000570,18,18,8.671090,0.075672,-0.378603,0.012023,8.679682,1
70,7.000570,7.000570,19,19,16.122900,0.140703,-0.422209,0.006470,16.129042,1
70,7.000570,7.000570,20,20,56.743099,0.495190,-0.495208,0.031111,56.747417,1
70,7.000570,7.000570,21,21,53.264198,0.464830,0.464847,0.229707,53.268253,1
70,7.000570,7.000570,22,22,0.000000,0.000000,0.000000,0.000000,0.000000,0
70,7.000570,7.000570,23,23,0.000000,0.000000,0.000000,0.000000,0.000000,0
70,7.000570,7.000570,24,24,8.668030,0.226981,-0.378584,0.012024,8.679262,1
70,7.000570,7.000570,25,25,16.116600,0.422027,-0.422171,0.006471,16.127651,1
70,7.000570,7.000570,26,26,113.916000,2.983000,-0.994473,0.000916,113.959396,1
70,7.000570,7.000570,27,27,0.000000,0.000000,0.000000,0.000000,0.000000,0
70,7.000570,7.000570,28,28,0.000000,0.000000,0.000000,0.000000,0.000000,0
70,7.000570,7.000570,29,29,0.000000,0.000000,0.000000,0.000000,0.000000,0
70,7.000570,7.000570,30,30,8.661930,0.378188,-0.378548,0.012025,8.678442,1
70,7.000570,7.000570,31,31,16.103901,0.703111,-0.422097,0.006472,16.124767,1
70,7.000570,7.000570,32,32,113.704002,4.964440,-0.993229,0.000917,113.816658,1
70,7.000570,7.000570,33,33,0.000000,0.000000,0.000000,0.000000,0.000000,0
70,7.000570,7.000570,34,34,0.000000,0.000000,0.000000,0.000000,0.000000,0
70,7.000570,7.000570,35,35,0.000000,0.000000,0.000000,0.000000,0.000000,0
71,7.100480,7.100480,0,0,8.583820,-0.374778,-0.375135,0.012106,8.600183,1
71,7.100480,7.100480,1,1,15.867500,-0.692788,-0.415900,0.006553,15.888062,1
71,7.100480,7.100480,2,2,104.223999,-4.550500,-0.910412,0.000998,104.327263,1
71,7.100480,7.100480,3,3,0.000000,0.000000,0.000000,0.000000,0.000000,0
71,7.100480,7.100480,4,4,0.000000,0.000000,0.000000,0.000000,0.000000,0
71,7.100480,7.100480,5,5,0.000000,0.000000,0.000000,0.000000,0.000000,0
71,7.100480,7.100480,6,6,8.589820,-0.224932,-0.375168,0.012105,8.600951,1
71,7.100480,7.100480,7,7,15.879700,-0.415825,-0.415968,0.006552,15.890589,1
71,7.100480,7.100480,8,8,104.399002,-2.733790,-0.911392,0.000997,104.438766,1
71,7.100480,7.100480,9,9,0.000000,0.000000,0.000000,0.000000,0.000000,0
71,7.100480,7.100480,10,10,0.000000,0.000000,0.000000,0.000000,0.000000,0
71,7.100480,7.100480,11,11,0.000000,0.000000,0.000000,0.000000,0.000000,0
71,7.100480,7.100480,12,12,8.592810,-0.074988,-0.375184,0.012105,8.601323,1
71,7.100480,7.100480,13,13,15.885900,-0.138634,-0.416002,0.006551,15.891951,1
71,7.100480,7.100480,14,14,104.487000,-0.911842,-0.911877,0.000996,104.494957,1
71,7.100480,7.100480,15,15,52.202900,-0.455568,0.455585,0.256794,52.206875,1
71,7.100480,7.100480,16,16,0.000000,0.000000,0.000000,0.000000,0.000000,0
71,7.100480,7.100480,17,17,0.000000,0.000000,0.000000,0.000000,0.000000,0
71,7.100480,7.100480,18,18,8.592800,0.074988,-0.375184,0.012105,8.601314,1
71,7.100480,7.100480,19,19,15.885800,0.138634,-0.416001,0.006551,15.891851,1
71,7.100480,7.100480,20,20,104.485001,0.911831,-0.911866,0.000996,104.492950,1
71,7.100480,7.100480,21,21,52.183399,0.455398,0.455415,0.261341,52.187374,1
71,7.100480,7.100480,22,22,0.000000,0.000000,0.000000,0.000000,0.000000,0
71,7.100480,7.100480,23,23,0.000000,0.000000,0.000000,0.000000,0.000000,0
71,7.100480,7.100480,24,24,8.589790,0.224932,-0.375167,0.012105,8.600922,1
71,7.100480,7.100480,25,25,15.879600,0.415823,-0.415966,0.006552,15.890489,1
71,7.100480,7.100480,26,26,104.396004,2.733690,-0.911358,0.000997,104.435768,1
71,7.100480,7.100480,27,27,0.000000,0.000000,0.000000,0.000000,0.000000,0
71,7.100480,7.100480,28,28,0.000000,0.000000,0.000000,0.000000,0.000000,0
71,7.100480,7.100480,29,29,0.000000,0.000000,0.000000,0.000000,0.000000,0
71,7.100480,7.100480,30,30,8.583790,0.374776,-0.375133,0.012106,8.600153,1
71,7.100480,7.100480,31,31,15.867300,0.692782,-0.415896,0.006553,15.887861,1
71,7.100480,7.100480,32,32,104.217003,4.550220,-0.910356,0.000998,104.320259,1
71,7.100480,7.100480,33,33,0.000000,0.000000,0.000000,0.000000,0.000000,0
71,7.100480,7.100480,34,34,0.000000,0.000000,0.000000,0.000000,0.000000,0
71,7.100480,7.100480,35,35,0.000000,0.000000,0.000000,0.000000,0.000000,0
72,7.200230,7.200230,0,0,8.490550,-0.370706,-0.371059,0.012206,8.506736,1
72,7.200230,7.200230,1,1,15.587300,-0.680558,-0.408558,0.006653,15.607498,1
72,7.200230,7.200230,2,2,94.515900,-4.126650,-0.825613,0.001097,94.609543,1
72,7.200230,7.200230,3,3,0.000000,0.000000,0.000000,0.000000,0.000000,0
72,7.200230,7.200230,4,4,0.000000,0.000000,0.000000,0.000000,0.000000,0
72,7.200230,7.200230,5,5,0.000000,0.000000,0.000000,0.000000,0.000000,0
72,7.200230,7.200230,6,6,8.496440,-0.222487,-0.371090,0.012205,8.507450,1
72,7.200230,7.200230,7,7,15.599200,-0.408480,-0.408620,0.006652,15.609897,1
72,7.200230,7.200230,8,8,94.660896,-2.478780,-0.826376,0.001096,94.696953,1
72,7.200230,7.200230,9,9,0.000000,0.000000,0.000000,0.000000,0.000000,0
72,7.200230,7.200230,10,10,0.000000,0.000000,0.000000,0.000000,0.000000,0
72,7.200230,7.200230,11,11,0.000000,0.000000,0.000000,0.000000,0.000000,0
72,7.200230,7.200230,12,12,8.499370,-0.074173,-0.371105,0.012204,8.507791,1
72,7.200230,7.200230,13,13,15.605200,-0.136184,-0.408651,0.006651,15.611143,1
72,7.200230,7.200230,14,14,94.733002,-0.826723,-0.826754,0.001096,94.740219,1
72,7.200230,7.200230,15,15,51.113300,-0.446059,0.446076,0.256848,51.117195,1
72,7.200230,7.200230,16,16,0.000000,0.000000,0.000000,0.000000,0.000000,0
72,7.200230,7.200230,17,17,0.000000,0.000000,0.000000,0.000000,0.000000,0
72,7.200230,7.200230,18,18,8.499360,0.074173,-0.371105,0.012204,8.507781,1
72,7.200230,7.200230,19,19,15.605100,0.136184,-0.408650,0.006651,15.611043,1
72,7.200230,7.200230,20,20,94.732101,0.826714,-0.826746,0.001096,94.739319,1
72,7.200230,7.200230,21,21,51.095100,0.445900,0.445917,0.261392,51.098988,1
72,7.200230,7.200230,22,22,0.000000,0.000000,0.000000,0.000000,0.000000,0
72,7.200230,7.200230,23,23,0.000000,0.000000,0.000000,0.000000,0.000000,0
72,7.200230,7.200230,24,24,8.496410,0.222486,-0.371089,0.012205,8.507421,1
72,7.200230,7.200230,25,25,15.599100,0.408478,-0.408618,0.006652,15.609797,1
72,7.200230,7.200230,26,26,94.657997,2.478710,-0.826351,0.001096,94.694046,1
72,7.200230,7.200230,27,27,0.000000,0.000000,0.000000,0.000000,0.000000,0
72,7.200230,7.200230,28,28,0.000000,0.000000,0.000000,0.000000,0.000000,0
72,7.200230,7.200230,29,29,0.000000,0.000000,0.000000,0.000000,0.000000,0
72,7.200230,7.200230,30,30,8.490510,0.370704,-0.371057,0.012206,8.506695,1
72,7.200230,7.200230,31,31,15.587200,0.680553,-0.408555,0.006653,15.607398,1
72,7.200230,7.200230,32,32,94.511002,4.126440,-0.825571,0.001098,94.604637,1
72,7.200230,7.200230,33,33,0.000000,0.000000,0.000000,0.000000,0.000000,0
72,7.200230,7.200230,34,34,0.000000,0.000000,0.000000,0.000000,0.000000,0
72,7.200230,7.200230,35,35,0.000000,0.000000,0.000000,0.000000,0.000000,0
73,7.309670,7.309670,0,0,8.370980,-0.365485,-0.365833,0.012333,8.386938,1
73,7.309670,7.309670,1,1,15.235900,-0.665215,-0.399347,0.006780,15.255643,1
73,7.309670,7.309670,2,2,84.333702,-3.682090,-0.736670,0.001225,84.417259,1
73,7.309670,7.309670,3,3,0.000000,0.000000,0.000000,0.000000,0.000000,0
73,7.309670,7.309670,4,4,0.000000,0.000000,0.000000,0.000000,0.000000,0
73,7.309670,7.309670,5,5,0.000000,0.000000,0.000000,0.000000,0.000000,0
73,7.309670,7.309670,6,6,8.376730,-0.219352,-0.365861,0.012332,8.387585,1
73,7.309670,7.309670,7,7,15.247300,-0.399265,-0.399402,0.006779,15.257755,1
73,7.309670,7.309670,8,8,84.449600,-2.211390,-0.737233,0.001224,84.481766,1
73,7.309670,7.309670,9,9,0.000000,0.000000,0.000000,0.000000,0.000000,0
73,7.309670,7.309670,10,10,0.000000,0.000000,0.000000,0.000000,0.000000,0
73,7.309670,7.309670,11,11,0.000000,0.000000,0.000000,0.000000,0.000000,0
73,7.309670,7.309670,12,12,8.379600,-0.073128,-0.365875,0.012332,8.387902,1
73,7.309670,7.309670,13,13,15.253000,-0.133111,-0.399429,0.006779,15.258810,1
73,7.309670,7.309670,14,14,84.507301,-0.737484,-0.737512,0.001224,84.513741,1
73,7.309670,7.309670,15,15,49.908100,-0.435542,0.435558,0.260134,49.911900,1
73,7.309670,7.309670,16,16,0.000000,0.000000,0.000000,0.000000,0.000000,0
73,7.309670,7.309670,17,17,0.000000,0.000000,0.000000,0.000000,0.000000,0
73,7.309670,7.309670,18,18,8.379590,0.073128,-0.365875,0.012332,8.387893,1
73,7.309670,7.309670,19,19,15.253000,0.133111,-0.399429,0.006779,15.258810,1
73,7.309670,7.309670,20,20,84.506599,0.737478,-0.737506,0.001224,84.513039,1
73,7.309670,7.309670,21,21,49.892399,0.435404,0.435421,0.265325,49.896202,1
73,7.309670,7.309670,22,22,0.000000,0.000000,0.000000,0.000000,0.000000,0
73,7.309670,7.309670,23,23,0.000000,0.000000,0.000000,0.000000,0.000000,0
73,7.309670,7.309670,24,24,8.376710,0.219352,-0.365860,0.012332,8.387565,1
73,7.309670,7.309670,25,25,15.247300,0.399263,-0.399400,0.006779,15.257755,1
73,7.309670,7.309670,26,26,84.447502,2.211340,-0.737215,0.001224,84.479668,1
73,7.309670,7.309670,27,27,0.000000,0.000000,0.000000,0.000000,0.000000,0
73,7.309670,7.309670,28,28,0.000000,0.000000,0.000000,0.000000,0.000000,0
73,7.309670,7.309670,29,29,0.000000,0.000000,0.000000,0.000000,0.000000,0
73,7.309670,7.309670,30,30,8.370950,0.365484,-0.365832,0.012333,8.386907,1
73,7.309670,7.309670,31,31,15.235800,0.665210,-0.399344,0.006780,15.255542,1
73,7.309670,7.309670,32,32,84.330200,3.681940,-0.736639,0.001225,84.413750,1
73,7.309670,7.309670,33,33,0.000000,0.000000,0.000000,0.000000,0.000000,0
73,7.309670,7.309670,34,34,0.000000,0.000000,0.000000,0.000000,0.000000,0
73,7.309670,7.309670,35,35,0.000000,0.000000,0.000000,0.000000,0.000000,0
74,7.410030,7.410030,0,0,8.254000,-0.360377,-0.360721,0.012462,8.269734,1
74,7.410030,7.410030,1,1,14.897200,-0.650426,-0.390469,0.006909,14.916504,1
74,7.410030,7.410030,2,2,76.049301,-3.320380,-0.664304,0.001354,76.124649,1
74,7.410030,7.410030,3,3,0.000000,0.000000,0.000000,0.000000,0.000000,0
74,7.410030,7.410030,4,4,0.000000,0.000000,0.000000,0.000000,0.000000,0
74,7.410030,7.410030,5,5,0.000000,0.000000,0.000000,0.000000,0.000000,0
74,7.410030,7.410030,6,6,8.259600,-0.216285,-0.360746,0.012461,8.270302,1
74,7.410030,7.410030,7,7,14.908100,-0.390383,-0.390517,0.006908,14.918323,1
74,7.410030,7.410030,8,8,76.143997,-1.993900,-0.664726,0.001353,76.172997,1
74,7.410030,7.410030,9,9,0.000000,0.000000,0.000000,0.000000,0.000000,0
74,7.410030,7.410030,10,10,0.000000,0.000000,0.000000,0.000000,0.000000,0
74,7.410030,7.410030,11,11,0.000000,0.000000,0.000000,0.000000,0.000000,0
74,7.410030,7.410030,12,12,8.262400,-0.072105,-0.360758,0.012460,8.270586,1
74,7.410030,7.410030,13,13,14.913600,-0.130149,-0.390541,0.006907,14.919280,1
74,7.410030,7.410030,14,14,76.191101,-0.664910,-0.664935,0.001352,76.196899,1
74,7.410030,7.410030,15,15,48.802700,-0.425895,0.425911,0.288142,48.806419,1
74,7.410030,7.410030,16,16,0.000000,0.000000,0.000000,0.000000,0.000000,0
74,7.410030,7.410030,17,17,0.000000,0.000000,0.000000,0.000000,0.000000,0
74,7.410030,7.410030,18,18,8.262390,0.072105,-0.360758,0.012460,8.270576,1
74,7.410030,7.410030,19,19,14.913600,0.130149,-0.390541,0.006908,14.919280,1
74,7.410030,7.410030,20,20,76.190598,0.664905,-0.664931,0.001352,76.196396,1
74,7.410030,7.410030,21,21,48.789200,0.425777,0.425793,0.288142,48.792919,1
74,7.410030,7.410030,22,22,0.000000,0.000000,0.000000,0.000000,0.000000,0
74,7.410030,7.410030,23,23,0.000000,0.000000,0.000000,0.000000,0.000000,0
74,7.410030,7.410030,24,24,8.259590,0.216285,-0.360745,0.012461,8.270293,1
74,7.410030,7.410030,25,25,14.908100,0.390382,-0.390516,0.006908,14.918323,1
74,7.410030,7.410030,26,26,76.142502,1.993860,-0.664713,0.001353,76.171501,1
74,7.410030,7.410030,27,27,0.000000,0.000000,0.000000,0.000000,0.000000,0
74,7.410030,7.410030,28,28,0.000000,0.000000,0.000000,0.000000,0.000000,0
74,7.410030,7.410030,29,29,0.000000,0.000000,0.000000,0.000000,0.000000,0
74,7.410030,7.410030,30,30,8.253980,0.360376,-0.360720,0.012462,8.269714,1
74,7.410030,7.410030,31,31,14.897100,0.650422,-0.390466,0.006909,14.916404,1
74,7.410030,7.410030,32,32,76.046799,3.320270,-0.664282,0.001354,76.122147,1
74,7.410030,7.410030,33,33,0.000000,0.000000,0.000000,0.000000,0.000000,0
74,7.410030,7.410030,34,34,0.000000,0.000000,0.000000,0.000000,0.000000,0
74,7.410030,7.410030,35,35,0.000000,0.000000,0.000000,0.000000,0.000000,0
75,7.500570,7.500570,0,0,8.144070,-0.355578,-0.355916,0.012585,8.159595,1
75,7.500570,7.500570,1,1,14.584100,-0.636756,-0.382262,0.007032,14.602998,1
75,7.500570,7.500570,2,2,69.462097,-3.032780,-0.606764,0.001477,69.530922,1
75,7.500570,7.500570,3,3,0.000000,0.000000,0.000000,0.000000,0.000000,0
75,7.500570,7.500570,4,4,0.000000,0.000000,0.000000,0.000000,0.000000,0
75,7.500570,7.500570,5,5,0.000000,0.000000,0.000000,0.000000,0.000000,0
75,7.500570,7.500570,6,6,8.149540,-0.213403,-0.355939,0.012584,8.160100,1
75,7.500570,7.500570,7,7,14.594600,-0.382174,-0.382305,0.007031,14.604608,1
75,7.500570,7.500570,8,8,69.541496,-1.821010,-0.607087,0.001476,69.567986,1
75,7.500570,7.500570,9,9,0.000000,0.000000,0.000000,0.000000,0.000000,0
75,7.500570,7.500570,10,10,0.000000,0.000000,0.000000,0.000000,0.000000,0
75,7.500570,7.500570,11,11,0.000000,0.000000,0.000000,0.000000,0.000000,0
75,7.500570,7.500570,12,12,8.152280,-0.071144,-0.355950,0.012583,8.160357,1
75,7.500570,7.500570,13,13,14.599900,-0.127411,-0.382326,0.007031,14.605461,1
75,7.500570,7.500570,14,14,69.581001,-0.607224,-0.607247,0.001476,69.586296,1
75,7.500570,7.500570,15,15,47.805698,-0.417194,0.417210,0.288185,47.809338,1
75,7.500570,7.500570,16,16,0.000000,0.000000,0.000000,0.000000,0.000000,0
75,7.500570,7.500570,17,17,0.000000,0.000000,0.000000,0.000000,0.000000,0
75,7.500570,7.500570,18,18,8.152270,0.071144,-0.355949,0.012583,8.160347,1
75,7.500570,7.500570,19,19,14.599900,0.127411,-0.382326,0.007031,14.605461,1
75,7.500570,7.500570,20,20,69.580597,0.607221,-0.607244,0.001476,69.585892,1
75,7.500570,7.500570,21,21,47.794601,0.417097,0.417113,0.304366,47.798244,1
75,7.500570,7.500570,22,22,0.000000,0.000000,0.000000,0.000000,0.000000,0
75,7.500570,7.500570,23,23,0.000000,0.000000,0.000000,0.000000,0.000000,0
75,7.500570,7.500570,24,24,8.149530,0.213403,-0.355938,0.012584,8.160090,1
75,7.500570,7.500570,25,25,14.594600,0.382173,-0.382304,0.007031,14.604608,1
75,7.500570,7.500570,26,26,68.462502,1.792750,-0.597668,0.001476,68.488579,1
75,7.500570,7.500570,27,27,0.000000,0.000000,0.000000,0.000000,0.000000,0
75,7.500570,7.500570,28,28,0.000000,0.000000,0.000000,0.000000,0.000000,0
75,7.500570,7.500570,29,29,0.000000,0.000000,0.000000,0.000000,0.000000,0
75,7.500570,7.500570,30,30,8.144040,0.355577,-0.355915,0.012585,8.159565,1
75,7.500570,7.500570,31,31,14.584000,0.636753,-0.382260,0.007032,14.602898,1
75,7.500570,7.500570,32,32,69.460297,3.032700,-0.606748,0.001477,69.529121,1
75,7.500570,7.500570,33,33,0.000000,0.000000,0.000000,0.000000,0.000000,0
75,7.500570,7.500570,34,34,0.000000,0.000000,0.000000,0.000000,0.000000,0
75,7.500570,7.500570,35,35,0.000000,0.000000,0.000000,0.000000,0.000000,0
76,7.600100,7.600100,0,0,8.018370,-0.350090,-0.350423,0.012727,8.033655,1
76,7.600100,7.600100,1,1,14.233300,-0.621440,-0.373067,0.007174,14.251743,1
76,7.600100,7.600100,2,2,63.085300,-2.754360,-0.551061,0.001619,63.147804,1
76,7.600100,7.600100,3,3,0.000000,0.000000,0.000000,0.000000,0.000000,0
76,7.600100,7.600100,4,4,0.000000,0.000000,0.000000,0.000000,0.000000,0
76,7.600100,7.600100,5,5,0.000000,0.000000,0.000000,0.000000,0.000000,0
76,7.600100,7.600100,6,6,8.023700,-0.210108,-0.350442,0.012726,8.034097,1
76,7.600100,7.600100,7,7,14.243400,-0.372976,-0.373104,0.007173,14.253166,1
76,7.600100,7.600100,8,8,63.151100,-1.653670,-0.551300,0.001618,63.175156,1
76,7.600100,7.600100,9,9,0.000000,0.000000,0.000000,0.000000,0.000000,0
76,7.600100,7.600100,10,10,0.000000,0.000000,0.000000,0.000000,0.000000,0
76,7.600100,7.600100,11,11,0.000000,0.000000,0.000000,0.000000,0.000000,0
76,7.600100,7.600100,12,12,8.026360,-0.070045,-0.350452,0.012726,8.034312,1
76,7.600100,7.600100,13,13,14.248400,-0.124344,-0.373122,0.007173,14.253826,1
76,7.600100,7.600100,14,14,63.183800,-0.551397,-0.551418,0.001618,63.188610,1
76,7.600100,7.600100,15,15,46.713100,-0.407659,0.407675,0.304399,46.716660,1
76,7.600100,7.600100,16,16,0.000000,0.000000,0.000000,0.000000,0.000000,0
76,7.600100,7.600100,17,17,0.000000,0.000000,0.000000,0.000000,0.000000,0
76,7.600100,7.600100,18,18,8.026350,0.070045,-0.350451,0.012726,8.034303,1
76,7.600100,7.600100,19,19,14.248400,0.124344,-0.373122,0.007173,14.253826,1
76,7.600100,7.600100,20,20,63.183601,0.551395,-0.551416,0.001618,63.188412,1
76,7.600100,7.600100,21,21,46.703701,0.407577,0.407593,0.304399,46.707256,1
76,7.600100,7.600100,22,22,0.000000,0.000000,0.000000,0.000000,0.000000,0
76,7.600100,7.600100,23,23,0.000000,0.000000,0.000000,0.000000,0.000000,0
76,7.600100,7.600100,24,24,8.023680,0.210108,-0.350442,0.012726,8.034077,1
76,7.600100,7.600100,25,25,14.243300,0.372975,-0.373103,0.007173,14.253067,1
76,7.600100,7.600100,26,26,63.150299,1.653650,-0.551293,0.001618,63.174351,1
76,7.600100,7.600100,27,27,0.000000,0.000000,0.000000,0.000000,0.000000,0
76,7.600100,7.600100,28,28,0.000000,0.000000,0.000000,0.000000,0.000000,0
76,7.600100,7.600100,29,29,0.000000,0.000000,0.000000,0.000000,0.000000,0
76,7.600100,7.600100,30,30,8.018350,0.350089,-0.350422,0.012727,8.033634,1
76,7.600100,7.600100,31,31,14.233200,0.621437,-0.373066,0.007174,14.251643,1
76,7.600100,7.600100,32,32,63.084000,2.754310,-0.551051,0.001619,63.146503,1
76,7.600100,7.600100,33,33,0.000000,0.000000,0.000000,0.000000,0.000000,0
76,7.600100,7.600100,34,34,0.000000,0.000000,0.000000,0.000000,0.000000,0
76,7.600100,7.600100,35,35,0.000000,0.000000,0.000000,0.000000,0.000000,0
77,7.700210,7.700210,0,0,7.892800,-0.344607,-0.344935,0.012873,7.907846,1
77,7.700210,7.700210,1,1,13.888200,-0.606373,-0.364023,0.007320,13.906197,1
77,7.700210,7.700210,2,2,57.606998,-2.515180,-0.503208,0.001765,57.664074,1
77,7.700210,7.700210,3,3,0.000000,0.000000,0.000000,0.000000,0.000000,0
77,7.700210,7.700210,4,4,0.000000,0.000000,0.000000,0.000000,0.000000,0
77,7.700210,7.700210,5,5,0.000000,0.000000,0.000000,0.000000,0.000000,0
77,7.700210,7.700210,6,6,7.897980,-0.206816,-0.344951,0.012872,7.908215,1
77,7.700210,7.700210,7,7,13.897900,-0.363928,-0.364053,0.007320,13.907430,1
77,7.700210,7.700210,8,8,57.662102,-1.509940,-0.503382,0.001765,57.684067,1
77,7.700210,7.700210,9,9,0.000000,0.000000,0.000000,0.000000,0.000000,0
77,7.700210,7.700210,10,10,0.000000,0.000000,0.000000,0.000000,0.000000,0
77,7.700210,7.700210,11,11,0.000000,0.000000,0.000000,0.000000,0.000000,0
77,7.700210,7.700210,12,12,7.900580,-0.068947,-0.344960,0.012872,7.908408,1
77,7.700210,7.700210,13,13,13.902700,-0.121327,-0.364068,0.007319,13.907996,1
77,7.700210,7.700210,14,14,57.689602,-0.503450,-0.503469,0.001764,57.693993,1
77,7.700210,7.700210,15,15,45.612999,-0.398059,0.398074,0.304433,45.616474,1
77,7.700210,7.700210,16,16,0.000000,0.000000,0.000000,0.000000,0.000000,0
77,7.700210,7.700210,17,17,0.000000,0.000000,0.000000,0.000000,0.000000,0
77,7.700210,7.700210,18,18,7.900580,0.068947,-0.344960,0.012872,7.908408,1
77,7.700210,7.700210,19,19,13.902700,0.121327,-0.364068,0.007319,13.907996,1
77,7.700210,7.700210,20,20,57.689400,0.503448,-0.503467,0.001764,57.693794,1
77,7.700210,7.700210,21,21,45.603699,0.397977,0.397992,0.304433,45.607174,1
77,7.700210,7.700210,22,22,0.000000,0.000000,0.000000,0.000000,0.000000,0
77,7.700210,7.700210,23,23,0.000000,0.000000,0.000000,0.000000,0.000000,0
77,7.700210,7.700210,24,24,7.897970,0.206816,-0.344951,0.012872,7.908205,1
77,7.700210,7.700210,25,25,13.897800,0.363928,-0.364052,0.007320,13.907331,1
77,7.700210,7.700210,26,26,57.661598,1.509920,-0.503378,0.001765,57.683559,1
77,7.700210,7.700210,27,27,0.000000,0.000000,0.000000,0.000000,0.000000,0
77,7.700210,7.700210,28,28,0.000000,0.000000,0.000000,0.000000,0.000000,0
77,7.700210,7.700210,29,29,0.000000,0.000000,0.000000,0.000000,0.000000,0
77,7.700210,7.700210,30,30,7.892780,0.344606,-0.344935,0.012873,7.907825,1
77,7.700210,7.700210,31,31,13.888200,0.606371,-0.364021,0.007320,13.906197,1
77,7.700210,7.700210,32,32,57.606201,2.515140,-0.503200,0.001765,57.663277,1
77,7.700210,7.700210,33,33,0.000000,0.000000,0.000000,0.000000,0.000000,0
77,7.700210,7.700210,34,34,0.000000,0.000000,0.000000,0.000000,0.000000,0
77,7.700210,7.700210,35,35,0.000000,0.000000,0.000000,0.000000,0.000000,0
78,7.809670,7.809670,0,0,7.754900,-0.338586,-0.338909,0.013036,7.769683,1
78,7.809670,7.809670,1,1,13.516900,-0.590161,-0.354290,0.007484,13.534415,1
78,7.809670,7.809670,2,2,52.459301,-2.290420,-0.458241,0.001929,52.511276,1
78,7.809670,7.809670,3,3,0.000000,0.000000,0.000000,0.000000,0.000000,0
78,7.809670,7.809670,4,4,0.000000,0.000000,0.000000,0.000000,0.000000,0
78,7.809670,7.809670,5,5,0.000000,0.000000,0.000000,0.000000,0.000000,0
78,7.809670,7.809670,6,6,7.759930,-0.203201,-0.338922,0.013036,7.769985,1
78,7.809670,7.809670,7,7,13.526100,-0.354193,-0.354314,0.007483,13.535375,1
78,7.809670,7.809670,8,8,52.505199,-1.374900,-0.458363,0.001928,52.525200,1
78,7.809670,7.809670,9,9,0.000000,0.000000,0.000000,0.000000,0.000000,0
78,7.809670,7.809670,10,10,0.000000,0.000000,0.000000,0.000000,0.000000,0
78,7.809670,7.809670,11,11,0.000000,0.000000,0.000000,0.000000,0.000000,0
78,7.809670,7.809670,12,12,7.762450,-0.067742,-0.338929,0.013036,7.770141,1
78,7.809670,7.809670,13,13,13.530700,-0.118080,-0.354326,0.007483,13.535853,1
78,7.809670,7.809670,14,14,52.528099,-0.458406,-0.458424,0.001928,52.532101,1
78,7.809670,7.809670,15,15,44.403999,-0.387508,0.387522,0.300733,44.407383,1
78,7.809670,7.809670,16,16,0.000000,0.000000,0.000000,0.000000,0.000000,0
78,7.809670,7.809670,17,17,0.000000,0.000000,0.000000,0.000000,0.000000,0
78,7.809670,7.809670,18,18,7.762450,0.067742,-0.338929,0.013036,7.770141,1
78,7.809670,7.809670,19,19,13.530600,0.118080,-0.354326,0.007483,13.535753,1
78,7.809670,7.809670,20,20,52.528000,0.458405,-0.458423,0.001928,52.532001,1
78,7.809670,7.809670,21,21,44.398998,0.387465,0.387479,0.312561,44.402378,1
78,7.809670,7.809670,22,22,0.000000,0.000000,0.000000,0.000000,0.000000,0
78,7.809670,7.809670,23,23,0.000000,0.000000,0.000000,0.000000,0.000000,0
78,7.809670,7.809670,24,24,7.759920,0.203201,-0.338922,0.013036,7.769976,1
78,7.809670,7.809670,25,25,13.526000,0.354192,-0.354313,0.007483,13.535275,1
78,7.809670,7.809670,26,26,52.504902,1.374890,-0.458360,0.001928,52.524902,1
78,7.809670,7.809670,27,27,0.000000,0.000000,0.000000,0.000000,0.000000,0
78,7.809670,7.809670,28,28,0.000000,0.000000,0.000000,0.000000,0.000000,0
78,7.809670,7.809670,29,29,0.000000,0.000000,0.000000,0.000000,0.000000,0
78,7.809670,7.809670,30,30,7.754890,0.338586,-0.338908,0.013036,7.769673,1
78,7.809670,7.809670,31,31,13.516900,0.590159,-0.354289,0.007484,13.534415,1
78,7.809670,7.809670,32,32,52.458698,2.290400,-0.458236,0.001929,52.510674,1
78,7.809670,7.809670,33,33,0.000000,0.000000,0.000000,0.000000,0.000000,0
78,7.809670,7.809670,34,34,0.000000,0.000000,0.000000,0.000000,0.000000,0
78,7.809670,7.809670,35,35,0.000000,0.000000,0.000000,0.000000,0.000000,0
79,7.910130,7.910130,0,0,7.633380,-0.333281,-0.333598,0.013185,7.647931,1
79,7.910130,7.910130,1,1,13.194700,-0.576093,-0.345845,0.007632,13.211798,1
79,7.910130,7.910130,2,2,48.490002,-2.117120,-0.423569,0.002077,48.538044,1
79,7.910130,7.910130,3,3,0.000000,0.000000,0.000000,0.000000,0.000000,0
79,7.910130,7.910130,4,4,0.000000,0.000000,0.000000,0.000000,0.000000,0
79,7.910130,7.910130,5,5,0.000000,0.000000,0.000000,0.000000,0.000000,0
79,7.910130,7.910130,6,6,7.638280,-0.200015,-0.333609,0.013184,7.648178,1
79,7.910130,7.910130,7,7,13.203500,-0.345746,-0.345864,0.007632,13.212554,1
79,7.910130,7.910130,8,8,48.529499,-1.270790,-0.423656,0.002077,48.547985,1
79,7.910130,7.910130,9,9,0.000000,0.000000,0.000000,0.000000,0.000000,0
79,7.910130,7.910130,10,10,0.000000,0.000000,0.000000,0.000000,0.000000,0
79,7.910130,7.910130,11,11,0.000000,0.000000,0.000000,0.000000,0.000000,0
79,7.910130,7.910130,12,12,7.640730,-0.066680,-0.333614,0.013184,7.648300,1
79,7.910130,7.910130,13,13,13.207900,-0.115263,-0.345873,0.007632,13.212931,1
79,7.910130,7.910130,14,14,48.549198,-0.423682,-0.423698,0.002077,48.552895,1
79,7.910130,7.910130,15,15,43.304600,-0.377913,0.377928,0.306731,43.307896,1
79,7.910130,7.910130,16,16,0.000000,0.000000,0.000000,0.000000,0.000000,0
79,7.910130,7.910130,17,17,0.000000,0.000000,0.000000,0.000000,0.000000,0
79,7.910130,7.910130,18,18,7.640730,0.066680,-0.333614,0.013184,7.648300,1
79,7.910130,7.910130,19,19,13.207900,0.115263,-0.345873,0.007632,13.212931,1
79,7.910130,7.910130,20,20,48.549099,0.423682,-0.423698,0.002077,48.552795,1
79,7.910130,7.910130,21,21,43.306702,0.377932,0.377947,0.309610,43.310001,1
79,7.910130,7.910130,22,22,0.000000,0.000000,0.000000,0.000000,0.000000,0
79,7.910130,7.910130,23,23,0.000000,0.000000,0.000000,0.000000,0.000000,0
79,7.910130,7.910130,24,24,7.638270,0.200015,-0.333608,0.013184,7.648168,1
79,7.910130,7.910130,25,25,13.203500,0.345745,-0.345863,0.007632,13.212553,1
79,7.910130,7.910130,26,26,48.529202,1.270780,-0.423653,0.002077,48.547688,1
79,7.910130,7.910130,27,27,0.000000,0.000000,0.000000,0.000000,0.000000,0
79,7.910130,7.910130,28,28,0.000000,0.000000,0.000000,0.000000,0.000000,0
79,7.910130,7.910130,29,29,0.000000,0.000000,0.000000,0.000000,0.000000,0
79,7.910130,7.910130,30,30,7.633370,0.333280,-0.333598,0.013185,7.647921,1
79,7.910130,7.910130,31,31,13.194700,0.576092,-0.345844,0.007632,13.211798,1
79,7.910130,7.910130,32,32,48.489601,2.117100,-0.423566,0.002077,48.537647,1
79,7.910130,7.910130,33,33,0.000000,0.000000,0.000000,0.000000,0.000000,0
79,7.910130,7.910130,34,34,0.000000,0.000000,0.000000,0.000000,0.000000,0
79,7.910130,7.910130,35,35,0.000000,0.000000,0.000000,0.000000,0.000000,0
80,8.009750,8.009750,0,0,7.513220,-0.328035,-0.328347,0.013334,7.527542,1
80,8.009750,8.009750,1,1,12.882000,-0.562438,-0.337647,0.007782,12.898692,1
80,8.009750,8.009750,2,2,45.029099,-1.966010,-0.393337,0.002227,45.073715,1
80,8.009750,8.009750,3,3,0.000000,0.000000,0.000000,0.000000,0.000000,0
80,8.009750,8.009750,4,4,0.000000,0.000000,0.000000,0.000000,0.000000,0
80,8.009750,8.009750,5,5,0.000000,0.000000,0.000000,0.000000,0.000000,0
80,8.009750,8.009750,6,6,7.517980,-0.196865,-0.328355,0.013334,7.527722,1
80,8.009750,8.009750,7,7,12.890400,-0.337546,-0.337662,0.007781,12.899239,1
80,8.009750,8.009750,8,8,45.063202,-1.180020,-0.393396,0.002227,45.080364,1
80,8.009750,8.009750,9,9,0.000000,0.000000,0.000000,0.000000,0.000000,0
80,8.009750,8.009750,10,10,0.000000,0.000000,0.000000,0.000000,0.000000,0
80,8.009750,8.009750,11,11,0.000000,0.000000,0.000000,0.000000,0.000000,0
80,8.009750,8.009750,12,12,7.520370,-0.065629,-0.328359,0.013334,7.527821,1
80,8.009750,8.009750,13,13,12.894600,-0.112529,-0.337669,0.007781,12.899511,1
80,8.009750,8.009750,14,14,45.080299,-0.393410,-0.393425,0.002226,45.083733,1
80,8.009750,8.009750,15,15,42.222698,-0.368472,0.368486,0.309633,42.225914,1
80,8.009750,8.009750,16,16,0.000000,0.000000,0.000000,0.000000,0.000000,0
80,8.009750,8.009750,17,17,0.000000,0.000000,0.000000,0.000000,0.000000,0
80,8.009750,8.009750,18,18,7.520380,0.065629,-0.328359,0.013334,7.527831,1
80,8.009750,8.009750,19,19,12.894600,0.112529,-0.337669,0.007781,12.899511,1
80,8.009750,8.009750,20,20,45.080299,0.393409,-0.393424,0.002226,45.083733,1
80,8.009750,8.009750,21,21,42.213699,0.368394,0.368408,0.309633,42.216915,1
80,8.009750,8.009750,22,22,0.000000,0.000000,0.000000,0.000000,0.000000,0
80,8.009750,8.009750,23,23,0.000000,0.000000,0.000000,0.000000,0.000000,0
80,8.009750,8.009750,24,24,7.517980,0.196865,-0.328355,0.013334,7.527722,1
80,8.009750,8.009750,25,25,12.890300,0.337546,-0.337661,0.007781,12.899139,1
80,8.009750,8.009750,26,26,45.063099,1.180020,-0.393394,0.002227,45.080261,1
80,8.009750,8.009750,27,27,0.000000,0.000000,0.000000,0.000000,0.000000,0
80,8.009750,8.009750,28,28,0.000000,0.000000,0.000000,0.000000,0.000000,0
80,8.009750,8.009750,29,29,0.000000,0.000000,0.000000,0.000000,0.000000,0
80,8.009750,8.009750,30,30,7.513210,0.328034,-0.328347,0.013334,7.527532,1
80,8.009750,8.009750,31,31,12.881900,0.562437,-0.337647,0.007782,12.898592,1
80,8.009750,8.009750,32,32,45.028801,1.966000,-0.393334,0.002227,45.073414,1
80,8.009750,8.009750,33,33,0.000000,0.000000,0.000000,0.000000,0.000000,0
80,8.009750,8.009750,34,34,0.000000,0.000000,0.000000,0.000000,0.000000,0
80,8.009750,8.009750,35,35,0.000000,0.000000,0.000000,0.000000,0.000000,0
81,8.100000,8.100000,0,0,7.409600,-0.323510,-0.323818,0.013466,7.423725,1
81,8.100000,8.100000,1,1,12.616000,-0.550824,-0.330675,0.007914,12.632348,1
81,8.100000,8.100000,2,2,42.336601,-1.848460,-0.369818,0.002359,42.378548,1
81,8.100000,8.100000,3,3,0.000000,0.000000,0.000000,0.000000,0.000000,0
81,8.100000,8.100000,4,4,0.000000,0.000000,0.000000,0.000000,0.000000,0
81,8.100000,8.100000,5,5,0.000000,0.000000,0.000000,0.000000,0.000000,0
81,8.100000,8.100000,6,6,7.414260,-0.194149,-0.323824,0.013466,7.423867,1
81,8.100000,8.100000,7,7,12.624000,-0.330572,-0.330686,0.007913,12.632657,1
81,8.100000,8.100000,8,8,42.367001,-1.109420,-0.369858,0.002359,42.383141,1
81,8.100000,8.100000,9,9,0.000000,0.000000,0.000000,0.000000,0.000000,0
81,8.100000,8.100000,10,10,0.000000,0.000000,0.000000,0.000000,0.000000,0
81,8.100000,8.100000,11,11,0.000000,0.000000,0.000000,0.000000,0.000000,0
81,8.100000,8.100000,12,12,7.416590,-0.064724,-0.323827,0.013466,7.423938,1
81,8.100000,8.100000,13,13,12.628100,-0.110204,-0.330691,0.007913,12.632911,1
81,8.100000,8.100000,14,14,42.382198,-0.369864,-0.369878,0.002359,42.385426,1
81,8.100000,8.100000,15,15,41.239799,-0.359895,0.359908,0.309653,41.242939,1
81,8.100000,8.100000,16,16,42.268299,-0.368870,1.106880,0.033302,42.284401,1
81,8.100000,8.100000,17,17,0.000000,0.000000,0.000000,0.000000,0.000000,0
81,8.100000,8.100000,18,18,7.416580,0.064723,-0.323827,0.013466,7.423928,1
81,8.100000,8.100000,19,19,12.628100,0.110204,-0.330691,0.007913,12.632911,1
81,8.100000,8.100000,20,20,42.382099,0.369863,-0.369877,0.002359,42.385326,1
81,8.100000,8.100000,21,21,41.230900,0.359816,0.359830,0.309653,41.234039,1
81,8.100000,8.100000,22,22,42.286800,0.369031,1.107360,0.033977,42.302906,1
81,8.100000,8.100000,23,23,0.000000,0.000000,0.000000,0.000000,0.000000,0
81,8.100000,8.100000,24,24,7.414250,0.194149,-0.323824,0.013466,7.423857,1
81,8.100000,8.100000,25,25,12.624000,0.330572,-0.330685,0.007913,12.632657,1
81,8.100000,8.100000,26,26,42.366901,1.109420,-0.369857,0.002359,42.383038,1
81,8.100000,8.100000,27,27,0.000000,0.000000,0.000000,0.000000,0.000000,0
81,8.100000,8.100000,28,28,0.000000,0.000000,0.000000,0.000000,0.000000,0
81,8.100000,8.100000,29,29,0.000000,0.000000,0.000000,0.000000,0.000000,0
81,8.100000,8.100000,30,30,7.409600,0.323510,-0.323818,0.013466,7.423725,1
81,8.100000,8.100000,31,31,12.615900,0.550824,-0.330675,0.007914,12.632248,1
81,8.100000,8.100000,32,32,41.662399,1.819020,-0.363929,0.002359,41.703678,1
81,8.100000,8.100000,33,33,0.000000,0.000000,0.000000,0.000000,0.000000,0
81,8.100000,8.100000,34,34,0.000000,0.000000,0.000000,0.000000,0.000000,0
81,8.100000,8.100000,35,35,0.000000,0.000000,0.000000,0.000000,0.000000,0
82,8.209670,8.209670,0,0,7.286420,-0.318132,-0.318435,0.013626,7.300310,1
82,8.209670,8.209670,1,1,12.304900,-0.537242,-0.322521,0.008074,12.320845,1
82,8.209670,8.209670,2,2,39.452702,-1.722540,-0.344627,0.002519,39.491791,1
82,8.209670,8.209670,3,3,0.000000,0.000000,0.000000,0.000000,0.000000,0
82,8.209670,8.209670,4,4,0.000000,0.000000,0.000000,0.000000,0.000000,0
82,8.209670,8.209670,5,5,0.000000,0.000000,0.000000,0.000000,0.000000,0
82,8.209670,8.209670,6,6,7.290940,-0.190920,-0.318438,0.013626,7.300387,1
82,8.209670,8.209670,7,7,12.312600,-0.322417,-0.322527,0.008073,12.321043,1
82,8.209670,8.209670,8,8,39.479198,-1.033800,-0.344648,0.002519,39.494236,1
82,8.209670,8.209670,9,9,0.000000,0.000000,0.000000,0.000000,0.000000,0
82,8.209670,8.209670,10,10,0.000000,0.000000,0.000000,0.000000,0.000000,0
82,8.209670,8.209670,11,11,0.000000,0.000000,0.000000,0.000000,0.000000,0
82,8.209670,8.209670,12,12,7.293210,-0.063647,-0.318440,0.013626,7.300436,1
82,8.209670,8.209670,13,13,12.316500,-0.107484,-0.322530,0.008073,12.321191,1
82,8.209670,8.209670,14,14,39.492500,-0.344645,-0.344659,0.002519,39.495506,1
82,8.209670,8.209670,15,15,40.051498,-0.349524,0.349538,0.312150,40.054550,1
82,8.209670,8.209670,16,16,40.744999,-0.355577,1.066990,0.074127,40.760517,1
82,8.209670,8.209670,17,17,0.000000,0.000000,0.000000,0.000000,0.000000,0
82,8.209670,8.209670,18,18,7.293210,0.063647,-0.318440,0.013626,7.300436,1
82,8.209670,8.209670,19,19,12.316500,0.107484,-0.322530,0.008073,12.321191,1
82,8.209670,8.209670,20,20,39.492401,0.344645,-0.344658,0.002519,39.495407,1
82,8.209670,8.209670,21,21,40.042400,0.349445,0.349458,0.312150,40.045448,1
82,8.209670,8.209670,22,22,40.723801,0.355391,1.066430,0.070312,40.739315,1
82,8.209670,8.209670,23,23,0.000000,0.000000,0.000000,0.000000,0.000000,0
82,8.209670,8.209670,24,24,7.290940,0.190920,-0.318438,0.013626,7.300387,1
82,8.209670,8.209670,25,25,12.312600,0.322417,-0.322527,0.008073,12.321043,1
82,8.209670,8.209670,26,26,39.479099,1.033800,-0.344647,0.002519,39.494137,1
82,8.209670,8.209670,27,27,0.000000,0.000000,0.000000,0.000000,0.000000,0
82,8.209670,8.209670,28,28,0.000000,0.000000,0.000000,0.000000,0.000000,0
82,8.209670,8.209670,29,29,0.000000,0.000000,0.000000,0.000000,0.000000,0
82,8.209670,8.209670,30,30,7.286420,0.318132,-0.318435,0.013626,7.300310,1
82,8.209670,8.209670,31,31,12.304800,0.537241,-0.322521,0.008074,12.320745,1
82,8.209670,8.209670,32,32,38.821301,1.694980,-0.339111,0.002519,38.859764,1
82,8.209670,8.209670,33,33,0.000000,0.000000,0.000000,0.000000,0.000000,0
82,8.209670,8.209670,34,34,0.000000,0.000000,0.000000,0.000000,0.000000,0
82,8.209670,8.209670,35,35,0.000000,0.000000,0.000000,0.000000,0.000000,0
83,8.300230,8.300230,0,0,7.190070,-0.313925,-0.314224,0.013754,7.203776,1
83,8.300230,8.300230,1,1,12.064800,-0.526760,-0.316229,0.008202,12.080434,1
83,8.300230,8.300230,2,2,37.394299,-1.632670,-0.326646,0.002647,37.431351,1
83,8.300230,8.300230,3,3,0.000000,0.000000,0.000000,0.000000,0.000000,0
83,8.300230,8.300230,4,4,0.000000,0.000000,0.000000,0.000000,0.000000,0
83,8.300230,8.300230,5,5,0.000000,0.000000,0.000000,0.000000,0.000000,0
83,8.300230,8.300230,6,6,7.194480,-0.188394,-0.314226,0.013754,7.203803,1
83,8.300230,8.300230,7,7,12.072300,-0.316123,-0.316232,0.008202,12.080578,1
83,8.300230,8.300230,8,8,37.418098,-0.979829,-0.326655,0.002647,37.432350,1
83,8.300230,8.300230,9,9,0.000000,0.000000,0.000000,0.000000,0.000000,0
83,8.300230,8.300230,10,10,0.000000,0.000000,0.000000,0.000000,0.000000,0
83,8.300230,8.300230,11,11,0.000000,0.000000,0.000000,0.000000,0.000000,0
83,8.300230,8.300230,12,12,7.196700,-0.062805,-0.314226,0.013754,7.203831,1
83,8.300230,8.300230,13,13,12.076000,-0.105386,-0.316233,0.008202,12.080601,1
83,8.300230,8.300230,14,14,37.430099,-0.326648,-0.326660,0.002647,37.432949,1
83,8.300230,8.300230,15,15,39.065498,-0.340919,0.340932,0.293939,39.068474,1
83,8.300230,8.300230,16,16,39.542900,-0.345086,1.035510,0.160802,39.557964,1
83,8.300230,8.300230,17,17,0.000000,0.000000,0.000000,0.000000,0.000000,0
83,8.300230,8.300230,18,18,7.196700,0.062805,-0.314226,0.013754,7.203831,1
83,8.300230,8.300230,19,19,12.076000,0.105386,-0.316233,0.008202,12.080601,1
83,8.300230,8.300230,20,20,37.430099,0.326648,-0.326660,0.002647,37.432949,1
83,8.300230,8.300230,21,21,39.053299,0.340813,0.340826,0.293939,39.056274,1
83,8.300230,8.300230,22,22,39.549702,0.345145,1.035680,0.145601,39.564766,1
83,8.300230,8.300230,23,23,0.000000,0.000000,0.000000,0.000000,0.000000,0
83,8.300230,8.300230,24,24,7.194480,0.188394,-0.314226,0.013754,7.203803,1
83,8.300230,8.300230,25,25,12.072300,0.316123,-0.316231,0.008202,12.080578,1
83,8.300230,8.300230,26,26,37.418098,0.979828,-0.326655,0.002647,37.432350,1
83,8.300230,8.300230,27,27,0.000000,0.000000,0.000000,0.000000,0.000000,0
83,8.300230,8.300230,28,28,0.000000,0.000000,0.000000,0.000000,0.000000,0
83,8.300230,8.300230,29,29,0.000000,0.000000,0.000000,0.000000,0.000000,0
83,8.300230,8.300230,30,30,7.190060,0.313925,-0.314224,0.013754,7.203766,1
83,8.300230,8.300230,31,31,12.064800,0.526760,-0.316228,0.008202,12.080434,1
83,8.300230,8.300230,32,32,37.394199,1.632660,-0.326645,0.002647,37.431248,1
83,8.300230,8.300230,33,33,0.000000,0.000000,0.000000,0.000000,0.000000,0
83,8.300230,8.300230,34,34,0.000000,0.000000,0.000000,0.000000,0.000000,0
83,8.300230,8.300230,35,35,0.000000,0.000000,0.000000,0.000000,0.000000,0
84,8.409770,8.409770,0,0,7.077350,-0.309004,-0.309298,0.013907,7.090841,1
84,8.409770,8.409770,1,1,11.787900,-0.514672,-0.308972,0.008354,11.803175,1
84,8.409770,8.409770,2,2,35.185501,-1.536230,-0.307352,0.002800,35.220364,1
84,8.409770,8.409770,3,3,0.000000,0.000000,0.000000,0.000000,0.000000,0
84,8.409770,8.409770,4,4,0.000000,0.000000,0.000000,0.000000,0.000000,0
84,8.409770,8.409770,5,5,0.000000,0.000000,0.000000,0.000000,0.000000,0
84,8.409770,8.409770,6,6,7.081650,-0.185440,-0.309298,0.013907,7.090827,1
84,8.409770,8.409770,7,7,11.795100,-0.308866,-0.308971,0.008354,11.803188,1
84,8.409770,8.409770,8,8,35.206799,-0.921923,-0.307351,0.002800,35.220211,1
84,8.409770,8.409770,9,9,0.000000,0.000000,0.000000,0.000000,0.000000,0
84,8.409770,8.409770,10,10,0.000000,0.000000,0.000000,0.000000,0.000000,0
84,8.409770,8.409770,11,11,0.000000,0.000000,0.000000,0.000000,0.000000,0
84,8.409770,8.409770,12,12,7.083810,-0.061820,-0.309298,0.013907,7.090828,1
84,8.409770,8.409770,13,13,11.798700,-0.102966,-0.308971,0.008354,11.803194,1
84,8.409770,8.409770,14,14,35.217400,-0.307338,-0.307350,0.002800,35.220081,1
84,8.409770,8.409770,15,15,37.878201,-0.330558,0.330571,0.112152,37.881084,1
84,8.409770,8.409770,16,16,38.302700,-0.334263,1.003030,0.144208,38.317287,1
84,8.409770,8.409770,17,17,0.000000,0.000000,0.000000,0.000000,0.000000,0
84,8.409770,8.409770,18,18,7.083810,0.061819,-0.309298,0.013907,7.090828,1
84,8.409770,8.409770,19,19,11.798700,0.102966,-0.308971,0.008354,11.803194,1
84,8.409770,8.409770,20,20,35.217400,0.307338,-0.307350,0.002800,35.220081,1
84,8.409770,8.409770,21,21,37.864498,0.330439,0.330451,0.174666,37.867382,1
84,8.409770,8.409770,22,22,38.285801,0.334115,1.002590,0.145737,38.300385,1
84,8.409770,8.409770,23,23,0.000000,0.000000,0.000000,0.000000,0.000000,0
84,8.409770,8.409770,24,24,7.081650,0.185440,-0.309298,0.013907,7.090827,1
84,8.409770,8.409770,25,25,11.795100,0.308865,-0.308971,0.008354,11.803188,1
84,8.409770,8.409770,26,26,35.206799,0.921922,-0.307350,0.002800,35.220211,1
84,8.409770,8.409770,27,27,0.000000,0.000000,0.000000,0.000000,0.000000,0
84,8.409770,8.409770,28,28,0.000000,0.000000,0.000000,0.000000,0.000000,0
84,8.409770,8.409770,29,29,0.000000,0.000000,0.000000,0.000000,0.000000,0
84,8.409770,8.409770,30,30,7.077350,0.309004,-0.309298,0.013907,7.090841,1
84,8.409770,8.409770,31,31,11.787900,0.514672,-0.308972,0.008354,11.803175,1
84,8.409770,8.409770,32,32,35.185501,1.536230,-0.307352,0.002800,35.220364,1
84,8.409770,8.409770,33,33,0.000000,0.000000,0.000000,0.000000,0.000000,0
84,8.409770,8.409770,34,34,0.000000,0.000000,0.000000,0.000000,0.000000,0
84,8.409770,8.409770,35,35,0.000000,0.000000,0.000000,0.000000,0.000000,0
85,8.500520,8.500520,0,0,6.989380,-0.305163,-0.305453,0.014028,7.002704,1
85,8.500520,8.500520,1,1,11.574600,-0.505358,-0.303380,0.008476,11.589599,1
85,8.500520,8.500520,2,2,33.591301,-1.466630,-0.293426,0.002922,33.624584,1
85,8.500520,8.500520,3,3,0.000000,0.000000,0.000000,0.000000,0.000000,0
85,8.500520,8.500520,4,4,0.000000,0.000000,0.000000,0.000000,0.000000,0
85,8.500520,8.500520,5,5,0.000000,0.000000,0.000000,0.000000,0.000000,0
85,8.500520,8.500520,6,6,6.993590,-0.183133,-0.305451,0.014028,7.002652,1
85,8.500520,8.500520,7,7,11.581500,-0.303273,-0.303377,0.008476,11.589442,1
85,8.500520,8.500520,8,8,33.610802,-0.880129,-0.293417,0.002922,33.623604,1
85,8.500520,8.500520,9,9,0.000000,0.000000,0.000000,0.000000,0.000000,0
85,8.500520,8.500520,10,10,0.000000,0.000000,0.000000,0.000000,0.000000,0
85,8.500520,8.500520,11,11,0.000000,0.000000,0.000000,0.000000,0.000000,0
85,8.500520,8.500520,12,12,6.995690,-0.061050,-0.305450,0.014028,7.002621,1
85,8.500520,8.500520,13,13,11.585000,-0.101101,-0.303375,0.008476,11.589413,1
85,8.500520,8.500520,14,14,33.620499,-0.293402,-0.293413,0.002922,33.623058,1
85,8.500520,8.500520,15,15,36.882000,-0.321864,0.321876,0.276985,36.884811,1
85,8.500520,8.500520,16,16,37.261700,-0.325178,0.975770,0.144314,37.275890,1
85,8.500520,8.500520,17,17,0.000000,0.000000,0.000000,0.000000,0.000000,0
85,8.500520,8.500520,18,18,6.995690,0.061051,-0.305450,0.014028,7.002621,1
85,8.500520,8.500520,19,19,11.585000,0.101101,-0.303375,0.008476,11.589413,1
85,8.500520,8.500520,20,20,33.620499,0.293402,-0.293413,0.002922,33.623058,1
85,8.500520,8.500520,21,21,36.873600,0.321791,0.321803,0.283810,36.876408,1
85,8.500520,8.500520,22,22,37.246399,0.325045,0.975369,0.145844,37.260586,1
85,8.500520,8.500520,23,23,0.000000,0.000000,0.000000,0.000000,0.000000,0
85,8.500520,8.500520,24,24,6.993590,0.183133,-0.305451,0.014028,7.002652,1
85,8.500520,8.500520,25,25,11.581500,0.303273,-0.303377,0.008476,11.589442,1
85,8.500520,8.500520,26,26,33.610699,0.880128,-0.293417,0.002922,33.623501,1
85,8.500520,8.500520,27,27,0.000000,0.000000,0.000000,0.000000,0.000000,0
85,8.500520,8.500520,28,28,0.000000,0.000000,0.000000,0.000000,0.000000,0
85,8.500520,8.500520,29,29,0.000000,0.000000,0.000000,0.000000,0.000000,0
85,8.500520,8.500520,30,30,6.989360,0.305162,-0.305453,0.014028,7.002683,1
85,8.500520,8.500520,31,31,11.574600,0.505358,-0.303380,0.008476,11.589599,1
85,8.500520,8.500520,32,32,33.591301,1.466630,-0.293426,0.002922,33.624584,1
85,8.500520,8.500520,33,33,0.000000,0.000000,0.000000,0.000000,0.000000,0
85,8.500520,8.500520,34,34,0.000000,0.000000,0.000000,0.000000,0.000000,0
85,8.500520,8.500520,35,35,0.000000,0.000000,0.000000,0.000000,0.000000,0
86,8.600340,8.600340,0,0,6.896310,-0.301099,-0.301386,0.014159,6.909456,1
86,8.600340,8.600340,1,1,11.351500,-0.495615,-0.297531,0.008607,11.366209,1
86,8.600340,8.600340,2,2,32.014500,-1.397790,-0.279653,0.003053,32.046223,1
86,8.600340,8.600340,3,3,0.000000,0.000000,0.000000,0.000000,0.000000,0
86,8.600340,8.600340,4,4,0.000000,0.000000,0.000000,0.000000,0.000000,0
86,8.600340,8.600340,5,5,0.000000,0.000000,0.000000,0.000000,0.000000,0
86,8.600340,8.600340,6,6,6.900430,-0.180694,-0.301382,0.014159,6.909372,1
86,8.600340,8.600340,7,7,11.358100,-0.297424,-0.297526,0.008608,11.365888,1
86,8.600340,8.600340,8,8,32.032299,-0.838796,-0.279638,0.003053,32.044502,1
86,8.600340,8.600340,9,9,0.000000,0.000000,0.000000,0.000000,0.000000,0
86,8.600340,8.600340,10,10,0.000000,0.000000,0.000000,0.000000,0.000000,0
86,8.600340,8.600340,11,11,0.000000,0.000000,0.000000,0.000000,0.000000,0
86,8.600340,8.600340,12,12,6.902490,-0.060237,-0.301381,0.014160,6.909329,1
86,8.600340,8.600340,13,13,11.361500,-0.099150,-0.297523,0.008608,11.365827,1
86,8.600340,8.600340,14,14,32.041199,-0.279619,-0.279630,0.003053,32.043640,1
86,8.600340,8.600340,15,15,35.813999,-0.312544,0.312556,0.300812,35.816727,1
86,8.600340,8.600340,16,16,36.125801,-0.315265,0.946024,0.144429,36.139561,1
86,8.600340,8.600340,17,17,0.000000,0.000000,0.000000,0.000000,0.000000,0
86,8.600340,8.600340,18,18,6.902490,0.060237,-0.301381,0.014160,6.909329,1
86,8.600340,8.600340,19,19,11.361500,0.099150,-0.297523,0.008608,11.365827,1
86,8.600340,8.600340,20,20,32.041199,0.279619,-0.279630,0.003053,32.043640,1
86,8.600340,8.600340,21,21,35.807499,0.312488,0.312500,0.312347,35.810226,1
86,8.600340,8.600340,22,22,36.118900,0.315205,0.945843,0.163421,36.132656,1
86,8.600340,8.600340,23,23,0.000000,0.000000,0.000000,0.000000,0.000000,0
86,8.600340,8.600340,24,24,6.900430,0.180694,-0.301382,0.014159,6.909372,1
86,8.600340,8.600340,25,25,11.358100,0.297423,-0.297525,0.008608,11.365888,1
86,8.600340,8.600340,26,26,32.032299,0.838795,-0.279637,0.003053,32.044502,1
86,8.600340,8.600340,27,27,0.000000,0.000000,0.000000,0.000000,0.000000,0
86,8.600340,8.600340,28,28,0.000000,0.000000,0.000000,0.000000,0.000000,0
86,8.600340,8.600340,29,29,0.000000,0.000000,0.000000,0.000000,0.000000,0
86,8.600340,8.600340,30,30,6.896310,0.301099,-0.301386,0.014159,6.909456,1
86,8.600340,8.600340,31,31,11.351500,0.495615,-0.297531,0.008607,11.366209,1
86,8.600340,8.600340,32,32,32.014500,1.397780,-0.279653,0.003053,32.046219,1
86,8.600340,8.600340,33,33,0.000000,0.000000,0.000000,0.000000,0.000000,0
86,8.600340,8.600340,34,34,0.000000,0.000000,0.000000,0.000000,0.000000,0
86,8.600340,8.600340,35,35,0.000000,0.000000,0.000000,0.000000,0.000000,0
87,8.709860,8.709860,0,0,6.799420,-0.296869,-0.297152,0.014299,6.812381,1
87,8.709860,8.709860,1,1,11.121800,-0.485588,-0.291512,0.008747,11.136211,1
87,8.709860,8.709860,2,2,30.480499,-1.330810,-0.266253,0.003193,30.510700,1
87,8.709860,8.709860,3,3,0.000000,0.000000,0.000000,0.000000,0.000000,0
87,8.709860,8.709860,4,4,0.000000,0.000000,0.000000,0.000000,0.000000,0
87,8.709860,8.709860,5,5,0.000000,0.000000,0.000000,0.000000,0.000000,0
87,8.709860,8.709860,6,6,6.803440,-0.178154,-0.297147,0.014299,6.812256,1
87,8.709860,8.709860,7,7,11.128300,-0.291404,-0.291504,0.008747,11.135931,1
87,8.709860,8.709860,8,8,30.496700,-0.798583,-0.266232,0.003193,30.508316,1
87,8.709860,8.709860,9,9,0.000000,0.000000,0.000000,0.000000,0.000000,0
87,8.709860,8.709860,10,10,0.000000,0.000000,0.000000,0.000000,0.000000,0
87,8.709860,8.709860,11,11,0.000000,0.000000,0.000000,0.000000,0.000000,0
87,8.709860,8.709860,12,12,6.805450,-0.059390,-0.297144,0.014299,6.812193,1
87,8.709860,8.709860,13,13,11.131500,-0.097143,-0.291499,0.008748,11.135740,1
87,8.709860,8.709860,14,14,30.504700,-0.266211,-0.266221,0.003193,30.507023,1
87,8.709860,8.709860,15,15,34.662998,-0.302499,0.302511,0.300836,34.665638,1
87,8.709860,8.709860,16,16,34.936001,-0.304882,0.914866,0.227552,34.949306,1
87,8.709860,8.709860,17,17,0.000000,0.000000,0.000000,0.000000,0.000000,0
87,8.709860,8.709860,18,18,6.805450,0.059390,-0.297144,0.014299,6.812193,1
87,8.709860,8.709860,19,19,11.131500,0.097143,-0.291499,0.008748,11.135740,1
87,8.709860,8.709860,20,20,30.504700,0.266211,-0.266221,0.003193,30.507023,1
87,8.709860,8.709860,21,21,34.658901,0.302463,0.302475,0.312373,34.661537,1
87,8.709860,8.709860,22,22,34.931999,0.304847,0.914763,0.230242,34.945305,1
87,8.709860,8.709860,23,23,0.000000,0.000000,0.000000,0.000000,0.000000,0
87,8.709860,8.709860,24,24,6.803440,0.178154,-0.297147,0.014299,6.812256,1
87,8.709860,8.709860,25,25,11.128300,0.291404,-0.291504,0.008747,11.135931,1
87,8.709860,8.709860,26,26,30.496599,0.798583,-0.266231,0.003193,30.508215,1
87,8.709860,8.709860,27,27,0.000000,0.000000,0.000000,0.000000,0.000000,0
87,8.709860,8.709860,28,28,0.000000,0.000000,0.000000,0.000000,0.000000,0
87,8.709860,8.709860,29,29,0.000000,0.000000,0.000000,0.000000,0.000000,0
87,8.709860,8.709860,30,30,6.799420,0.296869,-0.297152,0.014299,6.812381,1
87,8.709860,8.709860,31,31,11.121800,0.485588,-0.291512,0.008747,11.136211,1
87,8.709860,8.709860,32,32,30.480499,1.330810,-0.266253,0.003193,30.510700,1
87,8.709860,8.709860,33,33,0.000000,0.000000,0.000000,0.000000,0.000000,0
87,8.709860,8.709860,34,34,0.000000,0.000000,0.000000,0.000000,0.000000,0
87,8.709860,8.709860,35,35,0.000000,0.000000,0.000000,0.000000,0.000000,0
88,8.800300,8.800300,0,0,6.723770,-0.293566,-0.293846,0.014410,6.736588,1
88,8.800300,8.800300,1,1,10.944600,-0.477852,-0.286868,0.008858,10.958782,1
88,8.800300,8.800300,2,2,29.355900,-1.281710,-0.256429,0.003303,29.384985,1
88,8.800300,8.800300,3,3,0.000000,0.000000,0.000000,0.000000,0.000000,0
88,8.800300,8.800300,4,4,0.000000,0.000000,0.000000,0.000000,0.000000,0
88,8.800300,8.800300,5,5,0.000000,0.000000,0.000000,0.000000,0.000000,0
88,8.800300,8.800300,6,6,6.727720,-0.176171,-0.293839,0.014410,6.736438,1
88,8.800300,8.800300,7,7,10.950900,-0.286759,-0.286857,0.008858,10.958409,1
88,8.800300,8.800300,8,8,29.371000,-0.769106,-0.256405,0.003304,29.382187,1
88,8.800300,8.800300,9,9,0.000000,0.000000,0.000000,0.000000,0.000000,0
88,8.800300,8.800300,10,10,0.000000,0.000000,0.000000,0.000000,0.000000,0
88,8.800300,8.800300,11,11,0.000000,0.000000,0.000000,0.000000,0.000000,0
88,8.800300,8.800300,12,12,6.729690,-0.058729,-0.293836,0.014410,6.736358,1
88,8.800300,8.800300,13,13,10.954000,-0.095594,-0.286852,0.008858,10.958173,1
88,8.800300,8.800300,14,14,29.378500,-0.256382,-0.256392,0.003304,29.380737,1
88,8.800300,8.800300,15,15,33.701199,-0.294106,0.294117,0.269532,33.703766,1
88,8.800300,8.800300,16,16,33.963501,-0.296395,0.889400,0.227625,33.976437,1
88,8.800300,8.800300,17,17,0.000000,0.000000,0.000000,0.000000,0.000000,0
88,8.800300,8.800300,18,18,6.729690,0.058729,-0.293836,0.014410,6.736358,1
88,8.800300,8.800300,19,19,10.954000,0.095594,-0.286852,0.008858,10.958173,1
88,8.800300,8.800300,20,20,29.378500,0.256382,-0.256392,0.003304,29.380737,1
88,8.800300,8.800300,21,21,33.699699,0.294093,0.294104,0.269532,33.702267,1
88,8.800300,8.800300,22,22,33.960800,0.296371,0.889329,0.230318,33.973736,1
88,8.800300,8.800300,23,23,0.000000,0.000000,0.000000,0.000000,0.000000,0
88,8.800300,8.800300,24,24,6.727720,0.176171,-0.293839,0.014410,6.736438,1
88,8.800300,8.800300,25,25,10.950900,0.286759,-0.286857,0.008858,10.958409,1
88,8.800300,8.800300,26,26,29.371000,0.769106,-0.256404,0.003304,29.382187,1
88,8.800300,8.800300,27,27,0.000000,0.000000,0.000000,0.000000,0.000000,0
88,8.800300,8.800300,28,28,0.000000,0.000000,0.000000,0.000000,0.000000,0
88,8.800300,8.800300,29,29,0.000000,0.000000,0.000000,0.000000,0.000000,0
88,8.800300,8.800300,30,30,6.723770,0.293566,-0.293846,0.014410,6.736588,1
88,8.800300,8.800300,31,31,10.944600,0.477852,-0.286868,0.008858,10.958782,1
88,8.800300,8.800300,32,32,29.355900,1.281710,-0.256429,0.003303,29.384985,1
88,8.800300,8.800300,33,33,0.000000,0.000000,0.000000,0.000000,0.000000,0
88,8.800300,8.800300,34,34,0.000000,0.000000,0.000000,0.000000,0.000000,0
88,8.800300,8.800300,35,35,0.000000,0.000000,0.000000,0.000000,0.000000,0
89,8.900260,8.900260,0,0,6.644320,-0.290097,-0.290374,0.014528,6.656986,1
89,8.900260,8.900260,1,1,10.760100,-0.469798,-0.282032,0.008977,10.774044,1
89,8.900260,8.900260,2,2,28.233101,-1.232680,-0.246621,0.003422,28.261074,1
89,8.900260,8.900260,3,3,0.000000,0.000000,0.000000,0.000000,0.000000,0
89,8.900260,8.900260,4,4,0.000000,0.000000,0.000000,0.000000,0.000000,0
89,8.900260,8.900260,5,5,0.000000,0.000000,0.000000,0.000000,0.000000,0
89,8.900260,8.900260,6,6,6.648190,-0.174089,-0.290366,0.014529,6.656805,1
89,8.900260,8.900260,7,7,10.766200,-0.281923,-0.282020,0.008977,10.773582,1
89,8.900260,8.900260,8,8,28.247101,-0.739675,-0.246593,0.003423,28.257858,1
89,8.900260,8.900260,9,9,0.000000,0.000000,0.000000,0.000000,0.000000,0
89,8.900260,8.900260,10,10,0.000000,0.000000,0.000000,0.000000,0.000000,0
89,8.900260,8.900260,11,11,0.000000,0.000000,0.000000,0.000000,0.000000,0
89,8.900260,8.900260,12,12,6.650130,-0.058035,-0.290362,0.014529,6.656719,1
89,8.900260,8.900260,13,13,10.769300,-0.093982,-0.282014,0.008977,10.773402,1
89,8.900260,8.900260,14,14,28.254000,-0.246569,-0.246579,0.003423,28.256151,1
89,8.900260,8.900260,15,15,32.677299,-0.285170,0.285181,0.318089,32.679787,1
89,8.900260,8.900260,16,16,32.904301,-0.287151,0.861662,0.230400,32.916832,1
89,8.900260,8.900260,17,17,0.000000,0.000000,0.000000,0.000000,0.000000,0
89,8.900260,8.900260,18,18,6.650130,0.058035,-0.290362,0.014529,6.656719,1
89,8.900260,8.900260,19,19,10.769300,0.093982,-0.282014,0.008977,10.773402,1
89,8.900260,8.900260,20,20,28.254000,0.246569,-0.246579,0.003423,28.256151,1
89,8.900260,8.900260,21,21,32.675800,0.285157,0.285168,0.318089,32.678288,1
89,8.900260,8.900260,22,22,32.898701,0.287102,0.861515,0.214174,32.911228,1
89,8.900260,8.900260,23,23,0.000000,0.000000,0.000000,0.000000,0.000000,0
89,8.900260,8.900260,24,24,6.648190,0.174089,-0.290366,0.014529,6.656805,1
89,8.900260,8.900260,25,25,10.766200,0.281923,-0.282020,0.008977,10.773582,1
89,8.900260,8.900260,26,26,28.247000,0.739675,-0.246593,0.003423,28.257759,1
89,8.900260,8.900260,27,27,0.000000,0.000000,0.000000,0.000000,0.000000,0
89,8.900260,8.900260,28,28,0.000000,0.000000,0.000000,0.000000,0.000000,0
89,8.900260,8.900260,29,29,0.000000,0.000000,0.000000,0.000000,0.000000,0
89,8.900260,8.900260,30,30,6.644320,0.290097,-0.290374,0.014528,6.656986,1
89,8.900260,8.900260,31,31,10.760100,0.469798,-0.282032,0.008977,10.774044,1
89,8.900260,8.900260,32,32,28.233101,1.232680,-0.246621,0.003422,28.261074,1
89,8.900260,8.900260,33,33,0.000000,0.000000,0.000000,0.000000,0.000000,0
89,8.900260,8.900260,34,34,0.000000,0.000000,0.000000,0.000000,0.000000,0
89,8.900260,8.900260,35,35,0.000000,0.000000,0.000000,0.000000,0.000000,0
90,9.000620,9.000620,0,0,6.568100,-0.286770,-0.287043,0.014644,6.580621,1
90,9.000620,9.000620,1,1,10.585100,-0.462156,-0.277445,0.009092,10.598816,1
90,9.000620,9.000620,2,2,27.213400,-1.188160,-0.237714,0.003538,27.240364,1
90,9.000620,9.000620,3,3,0.000000,0.000000,0.000000,0.000000,0.000000,0
90,9.000620,9.000620,4,4,0.000000,0.000000,0.000000,0.000000,0.000000,0
90,9.000620,9.000620,5,5,0.000000,0.000000,0.000000,0.000000,0.000000,0
90,9.000620,9.000620,6,6,6.571900,-0.172091,-0.287034,0.014644,6.580416,1
90,9.000620,9.000620,7,7,10.591000,-0.277336,-0.277431,0.009092,10.598262,1
90,9.000620,9.000620,8,8,27.226400,-0.712948,-0.237683,0.003538,27.236771,1
90,9.000620,9.000620,9,9,0.000000,0.000000,0.000000,0.000000,0.000000,0
90,9.000620,9.000620,10,10,0.000000,0.000000,0.000000,0.000000,0.000000,0
90,9.000620,9.000620,11,11,0.000000,0.000000,0.000000,0.000000,0.000000,0
90,9.000620,9.000620,12,12,6.573800,-0.057369,-0.287029,0.014644,6.580314,1
90,9.000620,9.000620,13,13,10.594000,-0.092452,-0.277424,0.009093,10.598035,1
90,9.000620,9.000620,14,14,27.232901,-0.237658,-0.237667,0.003538,27.234974,1
90,9.000620,9.000620,15,15,31.649200,-0.276198,0.276209,0.318089,31.651611,1
90,9.000620,9.000620,16,16,31.843500,-0.277894,0.833884,0.305463,31.855629,1
90,9.000620,9.000620,17,17,0.000000,0.000000,0.000000,0.000000,0.000000,0
90,9.000620,9.000620,18,18,6.573800,0.057369,-0.287029,0.014644,6.580314,1
90,9.000620,9.000620,19,19,10.594000,0.092452,-0.277424,0.009093,10.598035,1
90,9.000620,9.000620,20,20,27.232901,0.237658,-0.237667,0.003538,27.234974,1
90,9.000620,9.000620,21,21,31.647699,0.276185,0.276196,0.318089,31.650110,1
90,9.000620,9.000620,22,22,31.844200,0.277900,0.833900,0.265978,31.856329,1
90,9.000620,9.000620,23,23,0.000000,0.000000,0.000000,0.000000,0.000000,0
90,9.000620,9.000620,24,24,6.571900,0.172091,-0.287034,0.014644,6.580416,1
90,9.000620,9.000620,25,25,10.591000,0.277336,-0.277431,0.009092,10.598262,1
90,9.000620,9.000620,26,26,27.226400,0.712948,-0.237683,0.003538,27.236771,1
90,9.000620,9.000620,27,27,32.024200,0.838584,0.279567,0.064258,32.036400,1
90,9.000620,9.000620,28,28,0.000000,0.000000,0.000000,0.000000,0.000000,0
90,9.000620,9.000620,29,29,0.000000,0.000000,0.000000,0.000000,0.000000,0
90,9.000620,9.000620,30,30,6.568100,0.286770,-0.287043,0.014644,6.580621,1
90,9.000620,9.000620,31,31,10.585100,0.462156,-0.277445,0.009092,10.598816,1
90,9.000620,9.000620,32,32,27.213400,1.188160,-0.237714,0.003538,27.240364,1
90,9.000620,9.000620,33,33,0.000000,0.000000,0.000000,0.000000,0.000000,0
90,9.000620,9.000620,34,34,0.000000,0.000000,0.000000,0.000000,0.000000,0
90,9.000620,9.000620,35,35,0.000000,0.000000,0.000000,0.000000,0.000000,0
91,9.100450,9.100450,0,0,6.491490,-0.283424,-0.283694,0.014754,6.503865,1
91,9.100450,9.100450,1,1,10.414000,-0.454685,-0.272960,0.009202,10.427494,1
91,9.100450,9.100450,2,2,26.278299,-1.147340,-0.229546,0.003648,26.304337,1
91,9.100450,9.100450,3,3,0.000000,0.000000,0.000000,0.000000,0.000000,0
91,9.100450,9.100450,4,4,0.000000,0.000000,0.000000,0.000000,0.000000,0
91,9.100450,9.100450,5,5,0.000000,0.000000,0.000000,0.000000,0.000000,0
91,9.100450,9.100450,6,6,6.495210,-0.170083,-0.283684,0.014754,6.503626,1
91,9.100450,9.100450,7,7,10.419800,-0.272851,-0.272944,0.009203,10.426945,1
91,9.100450,9.100450,8,8,26.290501,-0.688442,-0.229513,0.003648,26.300514,1
91,9.100450,9.100450,9,9,0.000000,0.000000,0.000000,0.000000,0.000000,0
91,9.100450,9.100450,10,10,0.000000,0.000000,0.000000,0.000000,0.000000,0
91,9.100450,9.100450,11,11,0.000000,0.000000,0.000000,0.000000,0.000000,0
91,9.100450,9.100450,12,12,6.497070,-0.056699,-0.283679,0.014755,6.503508,1
91,9.100450,9.100450,13,13,10.422600,-0.090957,-0.272937,0.009203,10.426569,1
91,9.100450,9.100450,14,14,26.296600,-0.229487,-0.229496,0.003649,26.298603,1
91,9.100450,9.100450,15,15,30.564899,-0.266736,0.266746,0.274177,30.567228,1
91,9.100450,9.100450,16,16,30.732800,-0.268201,0.804796,0.264299,30.744505,1
91,9.100450,9.100450,17,17,0.000000,0.000000,0.000000,0.000000,0.000000,0
91,9.100450,9.100450,18,18,6.497070,0.056699,-0.283679,0.014755,6.503508,1
91,9.100450,9.100450,19,19,10.422600,0.090957,-0.272937,0.009203,10.426569,1
91,9.100450,9.100450,20,20,26.296600,0.229487,-0.229496,0.003649,26.298603,1
91,9.100450,9.100450,21,21,30.563101,0.266720,0.266730,0.274177,30.565430,1
91,9.100450,9.100450,22,22,30.727699,0.268157,0.804665,0.266038,30.739403,1
91,9.100450,9.100450,23,23,0.000000,0.000000,0.000000,0.000000,0.000000,0
91,9.100450,9.100450,24,24,6.495210,0.170083,-0.283684,0.014754,6.503626,1
91,9.100450,9.100450,25,25,10.419800,0.272851,-0.272944,0.009203,10.426945,1
91,9.100450,9.100450,26,26,26.290501,0.688442,-0.229513,0.003648,26.300514,1
91,9.100450,9.100450,27,27,30.796801,0.806442,0.268851,0.160284,30.808531,1
91,9.100450,9.100450,28,28,0.000000,0.000000,0.000000,0.000000,0.000000,0
91,9.100450,9.100450,29,29,0.000000,0.000000,0.000000,0.000000,0.000000,0
91,9.100450,9.100450,30,30,6.491490,0.283424,-0.283694,0.014754,6.503865,1
91,9.100450,9.100450,31,31,10.414000,0.454685,-0.272960,0.009202,10.427494,1
91,9.100450,9.100450,32,32,26.278299,1.147340,-0.229546,0.003648,26.304337,1
91,9.100450,9.100450,33,33,0.000000,0.000000,0.000000,0.000000,0.000000,0
91,9.100450,9.100450,34,34,0.000000,0.000000,0.000000,0.000000,0.000000,0
91,9.100450,9.100450,35,35,0.000000,0.000000,0.000000,0.000000,0.000000,0
92,9.209990,9.209990,0,0,6.423860,-0.280472,-0.280739,0.014870,6.436106,1
92,9.209990,9.209990,1,1,10.257200,-0.447838,-0.268850,0.009318,10.270492,1
92,9.209990,9.209990,2,2,25.400801,-1.109020,-0.221880,0.003764,25.425968,1
92,9.209990,9.209990,3,3,0.000000,0.000000,0.000000,0.000000,0.000000,0
92,9.209990,9.209990,4,4,0.000000,0.000000,0.000000,0.000000,0.000000,0
92,9.209990,9.209990,5,5,0.000000,0.000000,0.000000,0.000000,0.000000,0
92,9.209990,9.209990,6,6,6.427520,-0.168310,-0.280728,0.014870,6.435849,1
92,9.209990,9.209990,7,7,10.262800,-0.268740,-0.268832,0.009319,10.269837,1
92,9.209990,9.209990,8,8,25.412201,-0.665442,-0.221845,0.003765,25.421881,1
92,9.209990,9.209990,9,9,30.535700,-0.799605,0.266572,0.278860,30.547329,1
92,9.209990,9.209990,10,10,31.954500,-0.836757,0.837043,0.309547,31.976410,1
92,9.209990,9.209990,11,11,0.000000,0.000000,0.000000,0.000000,0.000000,0
92,9.209990,9.209990,12,12,6.429350,-0.056108,-0.280722,0.014871,6.435720,1
92,9.209990,9.209990,13,13,10.265600,-0.089586,-0.268824,0.009319,10.269510,1
92,9.209990,9.209990,14,14,25.417900,-0.221819,-0.221827,0.003765,25.419836,1
92,9.209990,9.209990,15,15,29.591700,-0.258243,0.258253,0.317867,29.593954,1
92,9.209990,9.209990,16,16,29.730700,-0.259455,0.778554,0.308156,29.742023,1
92,9.209990,9.209990,17,17,0.000000,0.000000,0.000000,0.000000,0.000000,0
92,9.209990,9.209990,18,18,6.429350,0.056108,-0.280722,0.014871,6.435720,1
92,9.209990,9.209990,19,19,10.265600,0.089586,-0.268824,0.009319,10.269510,1
92,9.209990,9.209990,20,20,25.417900,0.221819,-0.221827,0.003765,25.419836,1
92,9.209990,9.209990,21,21,29.589100,0.258220,0.258230,0.317867,29.591352,1
92,9.209990,9.209990,22,22,29.727501,0.259428,0.778472,0.308156,29.738823,1
92,9.209990,9.209990,23,23,0.000000,0.000000,0.000000,0.000000,0.000000,0
92,9.209990,9.209990,24,24,6.427520,0.168311,-0.280728,0.014870,6.435849,1
92,9.209990,9.209990,25,25,10.262800,0.268740,-0.268832,0.009319,10.269837,1
92,9.209990,9.209990,26,26,25.412201,0.665442,-0.221845,0.003765,25.421881,1
92,9.209990,9.209990,27,27,29.798700,0.780305,0.260138,0.159848,29.810051,1
92,9.209990,9.209990,28,28,0.000000,0.000000,0.000000,0.000000,0.000000,0
92,9.209990,9.209990,29,29,0.000000,0.000000,0.000000,0.000000,0.000000,0
92,9.209990,9.209990,30,30,6.423860,0.280472,-0.280739,0.014870,6.436106,1
92,9.209990,9.209990,31,31,10.257200,0.447838,-0.268850,0.009318,10.270492,1
92,9.209990,9.209990,32,32,25.400801,1.109020,-0.221880,0.003764,25.425968,1
92,9.209990,9.209990,33,33,0.000000,0.000000,0.000000,0.000000,0.000000,0
92,9.209990,9.209990,34,34,0.000000,0.000000,0.000000,0.000000,0.000000,0
92,9.209990,9.209990,35,35,0.000000,0.000000,0.000000,0.000000,0.000000,0
93,9.300320,9.300320,0,0,6.366480,-0.277966,-0.278231,0.014961,6.378616,1
93,9.300320,9.300320,1,1,10.128600,-0.442225,-0.265480,0.009410,10.141725,1
93,9.300320,9.300320,2,2,24.727501,-1.079620,-0.215999,0.003856,24.752001,1
93,9.300320,9.300320,3,3,0.000000,0.000000,0.000000,0.000000,0.000000,0
93,9.300320,9.300320,4,4,0.000000,0.000000,0.000000,0.000000,0.000000,0
93,9.300320,9.300320,5,5,0.000000,0.000000,0.000000,0.000000,0.000000,0
93,9.300320,9.300320,6,6,6.370080,-0.166806,-0.278219,0.014962,6.378334,1
93,9.300320,9.300320,7,7,10.134100,-0.265370,-0.265461,0.009410,10.141049,1
93,9.300320,9.300320,8,8,24.738300,-0.647796,-0.215962,0.003856,24.747723,1
93,9.300320,9.300320,9,9,28.986000,-0.759025,0.253044,0.144243,28.997040,1
93,9.300320,9.300320,10,10,31.083099,-0.813940,0.814219,0.309537,31.104412,1
93,9.300320,9.300320,11,11,0.000000,0.000000,0.000000,0.000000,0.000000,0
93,9.300320,9.300320,12,12,6.371880,-0.055606,-0.278213,0.014962,6.378194,1
93,9.300320,9.300320,13,13,10.136800,-0.088463,-0.265452,0.009411,10.140660,1
93,9.300320,9.300320,14,14,24.743799,-0.215936,-0.215944,0.003857,24.745684,1
93,9.300320,9.300320,15,15,28.710501,-0.250553,0.250562,0.317867,28.712688,1
93,9.300320,9.300320,16,16,28.842400,-0.251704,0.755294,0.308178,28.853386,1
93,9.300320,9.300320,17,17,0.000000,0.000000,0.000000,0.000000,0.000000,0
93,9.300320,9.300320,18,18,6.371880,0.055607,-0.278213,0.014962,6.378194,1
93,9.300320,9.300320,19,19,10.136800,0.088463,-0.265452,0.009411,10.140660,1
93,9.300320,9.300320,20,20,24.743799,0.215935,-0.215944,0.003857,24.745684,1
93,9.300320,9.300320,21,21,28.707899,0.250530,0.250539,0.317867,28.710085,1
93,9.300320,9.300320,22,22,28.839300,0.251677,0.755213,0.308178,28.850286,1
93,9.300320,9.300320,23,23,0.000000,0.000000,0.000000,0.000000,0.000000,0
93,9.300320,9.300320,24,24,6.370080,0.166806,-0.278219,0.014962,6.378334,1
93,9.300320,9.300320,25,25,10.134100,0.265370,-0.265461,0.009410,10.141049,1
93,9.300320,9.300320,26,26,24.738300,0.647796,-0.215962,0.003856,24.747723,1
93,9.300320,9.300320,27,27,28.877501,0.756184,0.252096,0.263886,28.888500,1
93,9.300320,9.300320,28,28,29.578800,0.774548,0.774814,0.029347,29.599081,1
93,9.300320,9.300320,29,29,0.000000,0.000000,0.000000,0.000000,0.000000,0
93,9.300320,9.300320,30,30,6.366480,0.277966,-0.278231,0.014961,6.378616,1
93,9.300320,9.300320,31,31,10.128600,0.442225,-0.265480,0.009410,10.141725,1
93,9.300320,9.300320,32,32,24.727501,1.079620,-0.215999,0.003856,24.752001,1
93,9.300320,9.300320,33,33,0.000000,0.000000,0.000000,0.000000,0.000000,0
93,9.300320,9.300320,34,34,0.000000,0.000000,0.000000,0.000000,0.000000,0
93,9.300320,9.300320,35,35,0.000000,0.000000,0.000000,0.000000,0.000000,0
94,9.409850,9.409850,0,0,6.300860,-0.275102,-0.275364,0.015069,6.312871,1
94,9.409850,9.409850,1,1,9.982210,-0.435832,-0.261642,0.009517,9.995145,1
94,9.409850,9.409850,2,2,23.979900,-1.046980,-0.209468,0.003963,24.003660,1
94,9.409850,9.409850,3,3,0.000000,0.000000,0.000000,0.000000,0.000000,0
94,9.409850,9.409850,4,4,0.000000,0.000000,0.000000,0.000000,0.000000,0
94,9.409850,9.409850,5,5,0.000000,0.000000,0.000000,0.000000,0.000000,0
94,9.409850,9.409850,6,6,6.304400,-0.165087,-0.275351,0.015069,6.312569,1
94,9.409850,9.409850,7,7,9.987530,-0.261533,-0.261622,0.009518,9.994378,1
94,9.409850,9.409850,8,8,23.990101,-0.628203,-0.209430,0.003964,23.999239,1
94,9.409850,9.409850,9,9,27.877199,-0.729991,0.243364,0.144244,27.887817,1
94,9.409850,9.409850,10,10,30.041599,-0.786667,0.786937,0.265375,30.062199,1
94,9.409850,9.409850,11,11,0.000000,0.000000,0.000000,0.000000,0.000000,0
94,9.409850,9.409850,12,12,6.306170,-0.055033,-0.275344,0.015070,6.312418,1
94,9.409850,9.409850,13,13,9.990200,-0.087183,-0.261612,0.009518,9.994005,1
94,9.409850,9.409850,14,14,23.995199,-0.209403,-0.209411,0.003964,23.997026,1
94,9.409850,9.409850,15,15,27.655100,-0.241342,0.241351,0.317867,27.657206,1
94,9.409850,9.409850,16,16,27.778900,-0.242423,0.727443,0.308204,27.789480,1
94,9.409850,9.409850,17,17,28.510599,-0.248809,1.244850,0.057411,28.538847,1
94,9.409850,9.409850,18,18,6.306170,0.055033,-0.275344,0.015070,6.312418,1
94,9.409850,9.409850,19,19,9.990200,0.087183,-0.261612,0.009518,9.994005,1
94,9.409850,9.409850,20,20,23.995199,0.209403,-0.209411,0.003964,23.997026,1
94,9.409850,9.409850,21,21,27.653299,0.241327,0.241336,0.317695,27.655405,1
94,9.409850,9.409850,22,22,27.775801,0.242395,0.727361,0.308204,27.786381,1
94,9.409850,9.409850,23,23,28.492100,0.248647,1.244040,0.057411,28.520329,1
94,9.409850,9.409850,24,24,6.304400,0.165087,-0.275351,0.015069,6.312569,1
94,9.409850,9.409850,25,25,9.987530,0.261533,-0.261622,0.009518,9.994378,1
94,9.409850,9.409850,26,26,23.990101,0.628203,-0.209430,0.003964,23.999239,1
94,9.409850,9.409850,27,27,27.803499,0.728061,0.242721,0.263893,27.814089,1
94,9.409850,9.409850,28,28,28.047600,0.734453,0.734705,0.053549,28.066832,1
94,9.409850,9.409850,29,29,0.000000,0.000000,0.000000,0.000000,0.000000,0
94,9.409850,9.409850,30,30,6.300860,0.275102,-0.275364,0.015069,6.312871,1
94,9.409850,9.409850,31,31,9.982210,0.435832,-0.261642,0.009517,9.995145,1
94,9.409850,9.409850,32,32,23.979900,1.046980,-0.209468,0.003963,24.003660,1
94,9.409850,9.409850,33,33,0.000000,0.000000,0.000000,0.000000,0.000000,0
94,9.409850,9.409850,34,34,0.000000,0.000000,0.000000,0.000000,0.000000,0
94,9.409850,9.409850,35,35,0.000000,0.000000,0.000000,0.000000,0.000000,0
95,9.500540,9.500540,0,0,6.249140,-0.272843,-0.273103,0.015153,6.261052,1
95,9.500540,9.500540,1,1,9.868120,-0.430851,-0.258652,0.009602,9.880907,1
95,9.500540,9.500540,2,2,23.416800,-1.022400,-0.204550,0.004048,23.440001,1
95,9.500540,9.500540,3,3,0.000000,0.000000,0.000000,0.000000,0.000000,0
95,9.500540,9.500540,4,4,0.000000,0.000000,0.000000,0.000000,0.000000,0
95,9.500540,9.500540,5,5,0.000000,0.000000,0.000000,0.000000,0.000000,0
95,9.500540,9.500540,6,6,6.252630,-0.163731,-0.273089,0.015154,6.260733,1
95,9.500540,9.500540,7,7,9.873340,-0.258543,-0.258631,0.009602,9.880110,1
95,9.500540,9.500540,8,8,23.426600,-0.613448,-0.204511,0.004048,23.435522,1
95,9.500540,9.500540,9,9,26.970800,-0.706255,0.235451,0.159868,26.981073,1
95,9.500540,9.500540,10,10,27.381599,-0.717013,0.717259,0.050796,27.400375,1
95,9.500540,9.500540,11,11,0.000000,0.000000,0.000000,0.000000,0.000000,0
95,9.500540,9.500540,12,12,6.254380,-0.054581,-0.273082,0.015154,6.260577,1
95,9.500540,9.500540,13,13,9.875950,-0.086186,-0.258621,0.009603,9.879712,1
95,9.500540,9.500540,14,14,23.431499,-0.204484,-0.204492,0.004049,23.433283,1
95,9.500540,9.500540,15,15,26.792500,-0.233814,0.233823,0.317691,26.794540,1
95,9.500540,9.500540,16,16,26.909401,-0.234835,0.704674,0.308224,26.919651,1
95,9.500540,9.500540,17,17,27.344000,-0.238627,1.193910,0.318000,27.371092,1
95,9.500540,9.500540,18,18,6.254380,0.054581,-0.273082,0.015154,6.260577,1
95,9.500540,9.500540,19,19,9.875950,0.086186,-0.258621,0.009603,9.879712,1
95,9.500540,9.500540,20,20,23.431499,0.204484,-0.204492,0.004049,23.433283,1
95,9.500540,9.500540,21,21,26.791100,0.233802,0.233811,0.317691,26.793140,1
95,9.500540,9.500540,22,22,26.906200,0.234807,0.704590,0.304715,26.916449,1
95,9.500540,9.500540,23,23,27.341900,0.238609,1.193820,0.317979,27.368990,1
95,9.500540,9.500540,24,24,6.252630,0.163731,-0.273089,0.015154,6.260733,1
95,9.500540,9.500540,25,25,9.873340,0.258543,-0.258631,0.009602,9.880110,1
95,9.500540,9.500540,26,26,23.426600,0.613448,-0.204511,0.004048,23.435522,1
95,9.500540,9.500540,27,27,26.926399,0.705092,0.235063,0.267719,26.936655,1
95,9.500540,9.500540,28,28,27.047600,0.708266,0.708508,0.121432,27.066145,1
95,9.500540,9.500540,29,29,0.000000,0.000000,0.000000,0.000000,0.000000,0
95,9.500540,9.500540,30,30,6.249140,0.272843,-0.273103,0.015153,6.261052,1
95,9.500540,9.500540,31,31,9.868120,0.430852,-0.258652,0.009602,9.880907,1
95,9.500540,9.500540,32,32,23.416800,1.022400,-0.204550,0.004048,23.440001,1
95,9.500540,9.500540,33,33,0.000000,0.000000,0.000000,0.000000,0.000000,0
95,9.500540,9.500540,34,34,0.000000,0.000000,0.000000,0.000000,0.000000,0
95,9.500540,9.500540,35,35,0.000000,0.000000,0.000000,0.000000,0.000000,0
96,9.600210,9.600210,0,0,6.195890,-0.270518,-0.270776,0.015243,6.207701,1
96,9.600210,9.600210,1,1,9.750600,-0.425720,-0.255572,0.009692,9.763234,1
96,9.600210,9.600210,2,2,22.845699,-0.997466,-0.199562,0.004138,22.868334,1
96,9.600210,9.600210,3,3,0.000000,0.000000,0.000000,0.000000,0.000000,0
96,9.600210,9.600210,4,4,0.000000,0.000000,0.000000,0.000000,0.000000,0
96,9.600210,9.600210,5,5,0.000000,0.000000,0.000000,0.000000,0.000000,0
96,9.600210,9.600210,6,6,6.199330,-0.162335,-0.270761,0.015244,6.207363,1
96,9.600210,9.600210,7,7,9.755720,-0.255462,-0.255550,0.009693,9.762409,1
96,9.600210,9.600210,8,8,22.855101,-0.598481,-0.199521,0.004139,22.863806,1
96,9.600210,9.600210,9,9,26.014700,-0.681220,0.227105,0.267723,26.024609,1
96,9.600210,9.600210,10,10,26.237900,-0.687063,0.687299,0.062176,26.255890,1
96,9.600210,9.600210,11,11,0.000000,0.000000,0.000000,0.000000,0.000000,0
96,9.600210,9.600210,12,12,6.201040,-0.054116,-0.270754,0.015244,6.207184,1
96,9.600210,9.600210,13,13,9.758270,-0.085159,-0.255539,0.009693,9.761988,1
96,9.600210,9.600210,14,14,22.859699,-0.199494,-0.199501,0.004139,22.861441,1
96,9.600210,9.600210,15,15,25.860399,-0.225680,0.225689,0.317686,25.862370,1
96,9.600210,9.600210,16,16,25.969299,-0.226631,0.680056,0.304741,25.979191,1
96,9.600210,9.600210,17,17,26.375500,-0.230175,1.151620,0.141990,26.401632,1
96,9.600210,9.600210,18,18,6.201040,0.054116,-0.270754,0.015244,6.207184,1
96,9.600210,9.600210,19,19,9.758270,0.085159,-0.255539,0.009693,9.761988,1
96,9.600210,9.600210,20,20,22.859699,0.199494,-0.199501,0.004139,22.861441,1
96,9.600210,9.600210,21,21,25.858999,0.225668,0.225676,0.317686,25.860968,1
96,9.600210,9.600210,22,22,25.965099,0.226594,0.679947,0.304740,25.974989,1
96,9.600210,9.600210,23,23,26.364201,0.230077,1.151130,0.141990,26.390322,1
96,9.600210,9.600210,24,24,6.199330,0.162335,-0.270761,0.015244,6.207363,1
96,9.600210,9.600210,25,25,9.755710,0.255462,-0.255550,0.009693,9.762400,1
96,9.600210,9.600210,26,26,22.855101,0.598481,-0.199521,0.004139,22.863806,1
96,9.600210,9.600210,27,27,25.978300,0.680266,0.226787,0.267722,25.988195,1
96,9.600210,9.600210,28,28,26.088200,0.683144,0.683378,0.276378,26.106089,1
96,9.600210,9.600210,29,29,0.000000,0.000000,0.000000,0.000000,0.000000,0
96,9.600210,9.600210,30,30,6.195890,0.270518,-0.270776,0.015243,6.207701,1
96,9.600210,9.600210,31,31,9.750600,0.425720,-0.255572,0.009692,9.763234,1
96,9.600210,9.600210,32,32,22.845699,0.997466,-0.199561,0.004138,22.868334,1
96,9.600210,9.600210,33,33,0.000000,0.000000,0.000000,0.000000,0.000000,0
96,9.600210,9.600210,34,34,0.000000,0.000000,0.000000,0.000000,0.000000,0
96,9.600210,9.600210,35,35,0.000000,0.000000,0.000000,0.000000,0.000000,0
97,9.700610,9.700610,0,0,6.145020,-0.268297,-0.268553,0.015329,6.156734,1
97,9.700610,9.700610,1,1,9.639480,-0.420869,-0.252659,0.009778,9.651971,1
97,9.700610,9.700610,2,2,22.321199,-0.974566,-0.194980,0.004224,22.343315,1
97,9.700610,9.700610,3,3,0.000000,0.000000,0.000000,0.000000,0.000000,0
97,9.700610,9.700610,4,4,0.000000,0.000000,0.000000,0.000000,0.000000,0
97,9.700610,9.700610,5,5,0.000000,0.000000,0.000000,0.000000,0.000000,0
97,9.700610,9.700610,6,6,6.148400,-0.161002,-0.268537,0.015330,6.156367,1
97,9.700610,9.700610,7,7,9.644480,-0.252550,-0.252636,0.009779,9.651093,1
97,9.700610,9.700610,8,8,22.330200,-0.584736,-0.194939,0.004225,22.338705,1
97,9.700610,9.700610,9,9,25.077999,-0.656691,0.218928,0.265734,25.087551,1
97,9.700610,9.700610,10,10,25.190300,-0.659632,0.659858,0.210838,25.207573,1
97,9.700610,9.700610,11,11,0.000000,0.000000,0.000000,0.000000,0.000000,0
97,9.700610,9.700610,12,12,6.150100,-0.053671,-0.268529,0.015331,6.156194,1
97,9.700610,9.700610,13,13,9.646990,-0.084188,-0.252625,0.009779,9.650664,1
97,9.700610,9.700610,14,14,22.334700,-0.194912,-0.194919,0.004225,22.336401,1
97,9.700610,9.700610,15,15,24.938499,-0.217635,0.217643,0.313683,24.940399,1
97,9.700610,9.700610,16,16,25.045799,-0.218572,0.655873,0.170339,25.055340,1
97,9.700610,9.700610,17,17,25.364799,-0.221355,1.107490,0.142067,25.389931,1
97,9.700610,9.700610,18,18,6.150100,0.053671,-0.268529,0.015331,6.156194,1
97,9.700610,9.700610,19,19,9.646990,0.084188,-0.252625,0.009779,9.650664,1
97,9.700610,9.700610,20,20,22.334700,0.194911,-0.194919,0.004225,22.336401,1
97,9.700610,9.700610,21,21,24.937099,0.217623,0.217631,0.313683,24.938999,1
97,9.700610,9.700610,22,22,25.042101,0.218540,0.655777,0.209975,25.051638,1
97,9.700610,9.700610,23,23,25.355200,0.221271,1.107070,0.159646,25.380322,1
97,9.700610,9.700610,24,24,6.148400,0.161001,-0.268537,0.015330,6.156367,1
97,9.700610,9.700610,25,25,9.644480,0.252550,-0.252636,0.009779,9.651093,1
97,9.700610,9.700610,26,26,22.330200,0.584736,-0.194939,0.004225,22.338705,1
97,9.700610,9.700610,27,27,25.041599,0.655736,0.218609,0.265733,25.051136,1
97,9.700610,9.700610,28,28,25.146799,0.658492,0.658717,0.271307,25.164042,1
97,9.700610,9.700610,29,29,0.000000,0.000000,0.000000,0.000000,0.000000,0
97,9.700610,9.700610,30,30,6.145020,0.268297,-0.268553,0.015329,6.156734,1
97,9.700610,9.700610,31,31,9.639480,0.420869,-0.252659,0.009778,9.651971,1
97,9.700610,9.700610,32,32,22.321199,0.974566,-0.194980,0.004224,22.343315,1
97,9.700610,9.700610,33,33,0.000000,0.000000,0.000000,0.000000,0.000000,0
97,9.700610,9.700610,34,34,0.000000,0.000000,0.000000,0.000000,0.000000,0
97,9.700610,9.700610,35,35,0.000000,0.000000,0.000000,0.000000,0.000000,0
98,9.809970,9.809970,0,0,6.093350,-0.266041,-0.266295,0.015420,6.104966,1
98,9.809970,9.809970,1,1,9.526620,-0.415941,-0.249701,0.009869,9.538964,1
98,9.809970,9.809970,2,2,21.796499,-0.951656,-0.190396,0.004315,21.818094,1
98,9.809970,9.809970,3,3,0.000000,0.000000,0.000000,0.000000,0.000000,0
98,9.809970,9.809970,4,4,0.000000,0.000000,0.000000,0.000000,0.000000,0
98,9.809970,9.809970,5,5,0.000000,0.000000,0.000000,0.000000,0.000000,0
98,9.809970,9.809970,6,6,6.096690,-0.159648,-0.266279,0.015421,6.104590,1
98,9.809970,9.809970,7,7,9.531520,-0.249591,-0.249677,0.009870,9.538055,1
98,9.809970,9.809970,8,8,21.805099,-0.570986,-0.190355,0.004316,21.813404,1
98,9.809970,9.809970,9,9,24.074800,-0.630421,0.210170,0.265723,24.083971,1
98,9.809970,9.809970,10,10,24.163000,-0.632729,0.632946,0.276417,24.179569,1
98,9.809970,9.809970,11,11,0.000000,0.000000,0.000000,0.000000,0.000000,0
98,9.809970,9.809970,12,12,6.098360,-0.053220,-0.266271,0.015421,6.104402,1
98,9.809970,9.809970,13,13,9.533970,-0.083202,-0.249665,0.009870,9.537601,1
98,9.809970,9.809970,14,14,21.809299,-0.190327,-0.190335,0.004316,21.810961,1
98,9.809970,9.809970,15,15,23.951300,-0.209020,0.209028,0.313668,23.953123,1
98,9.809970,9.809970,16,16,24.032700,-0.209731,0.629344,0.255032,24.041855,1
98,9.809970,9.809970,17,17,24.290501,-0.211980,1.060590,0.159724,24.314568,1
98,9.809970,9.809970,18,18,6.098360,0.053220,-0.266271,0.015421,6.104402,1
98,9.809970,9.809970,19,19,9.533970,0.083202,-0.249665,0.009870,9.537601,1
98,9.809970,9.809970,20,20,21.809299,0.190327,-0.190335,0.004316,21.810961,1
98,9.809970,9.809970,21,21,23.949900,0.209007,0.209015,0.313667,23.951725,1
98,9.809970,9.809970,22,22,24.029800,0.209705,0.629268,0.255029,24.038954,1
98,9.809970,9.809970,23,23,24.287701,0.211955,1.060460,0.159724,24.311764,1
98,9.809970,9.809970,24,24,6.096690,0.159648,-0.266279,0.015421,6.104590,1
98,9.809970,9.809970,25,25,9.531520,0.249592,-0.249677,0.009870,9.538055,1
98,9.809970,9.809970,26,26,21.805099,0.570986,-0.190355,0.004316,21.813404,1
98,9.809970,9.809970,27,27,24.038300,0.629466,0.209851,0.265722,24.047457,1
98,9.809970,9.809970,28,28,24.136999,0.632050,0.632266,0.271328,24.153549,1
98,9.809970,9.809970,29,29,24.590500,0.643924,1.074010,0.057512,24.622364,1
98,9.809970,9.809970,30,30,6.093350,0.266042,-0.266295,0.015420,6.104966,1
98,9.809970,9.809970,31,31,9.526620,0.415941,-0.249701,0.009869,9.538964,1
98,9.809970,9.809970,32,32,21.796499,0.951656,-0.190396,0.004315,21.818094,1
98,9.809970,9.809970,33,33,0.000000,0.000000,0.000000,0.000000,0.000000,0
98,9.809970,9.809970,34,34,0.000000,0.000000,0.000000,0.000000,0.000000,0
98,9.809970,9.809970,35,35,0.000000,0.000000,0.000000,0.000000,0.000000,0
99,9.900550,9.900550,0,0,6.052330,-0.264250,-0.264502,0.015491,6.063868,1
99,9.900550,9.900550,1,1,9.438190,-0.412080,-0.247383,0.009940,9.450420,1
99,9.900550,9.900550,2,2,21.397900,-0.934254,-0.186915,0.004385,21.419102,1
99,9.900550,9.900550,3,3,0.000000,0.000000,0.000000,0.000000,0.000000,0
99,9.900550,9.900550,4,4,0.000000,0.000000,0.000000,0.000000,0.000000,0
99,9.900550,9.900550,5,5,0.000000,0.000000,0.000000,0.000000,0.000000,0
99,9.900550,9.900550,6,6,6.055630,-0.158572,-0.264485,0.015492,6.063478,1
99,9.900550,9.900550,7,7,9.443010,-0.247274,-0.247359,0.009941,9.449485,1
99,9.900550,9.900550,8,8,21.406200,-0.560542,-0.186873,0.004386,21.414352,1
99,9.900550,9.900550,9,9,23.258699,-0.609049,0.203045,0.265715,23.267557,1
99,9.900550,9.900550,10,10,23.341900,-0.611230,0.611439,0.271345,23.357904,1
99,9.900550,9.900550,11,11,24.003201,-0.628547,1.048360,0.021869,24.034304,1
99,9.900550,9.900550,12,12,6.057290,-0.052861,-0.264477,0.015492,6.063292,1
99,9.900550,9.900550,13,13,9.445420,-0.082429,-0.247347,0.009941,9.449018,1
99,9.900550,9.900550,14,14,21.410299,-0.186845,-0.186852,0.004387,21.411930,1
99,9.900550,9.900550,15,15,23.148199,-0.202011,0.202019,0.313656,23.149963,1
99,9.900550,9.900550,16,16,23.246500,-0.202869,0.608753,0.312000,23.255354,1
99,9.900550,9.900550,17,17,23.438999,-0.204549,1.023410,0.227212,23.462223,1
99,9.900550,9.900550,18,18,6.057290,0.052861,-0.264477,0.015492,6.063292,1
99,9.900550,9.900550,19,19,9.445420,0.082429,-0.247347,0.009941,9.449018,1
99,9.900550,9.900550,20,20,21.410299,0.186845,-0.186852,0.004387,21.411930,1
99,9.900550,9.900550,21,21,23.146700,0.201999,0.202006,0.313656,23.148464,1
99,9.900550,9.900550,22,22,23.248501,0.202887,0.608807,0.311608,23.257357,1
99,9.900550,9.900550,23,23,23.436600,0.204528,1.023300,0.227212,23.459820,1
99,9.900550,9.900550,24,24,6.055630,0.158572,-0.264485,0.015492,6.063478,1
99,9.900550,9.900550,25,25,9.443010,0.247274,-0.247359,0.009941,9.449485,1
99,9.900550,9.900550,26,26,21.406200,0.560542,-0.186873,0.004386,21.414352,1
99,9.900550,9.900550,27,27,23.222200,0.608094,0.202726,0.265714,23.231043,1
99,9.900550,9.900550,28,28,23.313999,0.610500,0.610709,0.256033,23.329985,1
99,9.900550,9.900550,29,29,23.567699,0.617143,1.029340,0.097021,23.598240,1
99,9.900550,9.900550,30,30,6.052330,0.264250,-0.264502,0.015491,6.063868,1
99,9.900550,9.900550,31,31,9.438190,0.412080,-0.247383,0.009940,9.450420,1
99,9.900550,9.900550,32,32,21.397900,0.934254,-0.186915,0.004385,21.419102,1
99,9.900550,9.900550,33,33,0.000000,0.000000,0.000000,0.000000,0.000000,0
99,9.900550,9.900550,34,34,0.000000,0.000000,0.000000,0.000000,0.000000,0
99,9.900550,9.900550,35,35,0.000000,0.000000,0.000000,0.000000,0.000000,0
100,10.000100,10.000100,0,0,6.010420,-0.262421,-0.262671,0.015566,6.021877,1
100,10.000100,10.000100,1,1,9.347530,-0.408122,-0.245007,0.010015,9.359643,1
100,10.000100,10.000100,2,2,20.992100,-0.916534,-0.183370,0.004461,21.012897,1
100,10.000100,10.000100,3,3,0.000000,0.000000,0.000000,0.000000,0.000000,0
100,10.000100,10.000100,4,4,0.000000,0.000000,0.000000,0.000000,0.000000,0
100,10.000100,10.000100,5,5,0.000000,0.000000,0.000000,0.000000,0.000000,0
100,10.000100,10.000100,6,6,6.013700,-0.157474,-0.262654,0.015567,6.021493,1
100,10.000100,10.000100,7,7,9.352270,-0.244898,-0.244982,0.010016,9.358683,1
100,10.000100,10.000100,8,8,21.000000,-0.549906,-0.183327,0.004462,21.007998,1
100,10.000100,10.000100,9,9,22.378099,-0.585991,0.195358,0.265705,22.386623,1
100,10.000100,10.000100,10,10,22.456100,-0.588034,0.588235,0.271362,22.471498,1
100,10.000100,10.000100,11,11,22.706499,-0.594592,0.991729,0.041867,22.735922,1
100,10.000100,10.000100,12,12,6.015340,-0.052495,-0.262645,0.015568,6.021300,1
100,10.000100,10.000100,13,13,9.354640,-0.081637,-0.244969,0.010017,9.358204,1
100,10.000100,10.000100,14,14,21.004000,-0.183299,-0.183306,0.004462,21.005600,1
100,10.000100,10.000100,15,15,22.281601,-0.194449,0.194456,0.312619,22.283297,1
100,10.000100,10.000100,16,16,22.372200,-0.195239,0.585859,0.301796,22.380720,1
100,10.000100,10.000100,17,17,22.533600,-0.196648,0.983876,0.227264,22.555925,1
100,10.000100,10.000100,18,18,6.015340,0.052495,-0.262645,0.015568,6.021300,1
100,10.000100,10.000100,19,19,9.354640,0.081637,-0.244969,0.010017,9.358204,1
100,10.000100,10.000100,20,20,21.004000,0.183299,-0.183306,0.004462,21.005600,1
100,10.000100,10.000100,21,21,22.280199,0.194436,0.194444,0.313643,22.281897,1
100,10.000100,10.000100,22,22,22.375900,0.195271,0.585955,0.311623,22.384422,1
100,10.000100,10.000100,23,23,22.531200,0.196627,0.983771,0.227264,22.553524,1
100,10.000100,10.000100,24,24,6.013700,0.157474,-0.262654,0.015567,6.021493,1
100,10.000100,10.000100,25,25,9.352270,0.244898,-0.244982,0.010016,9.358683,1
100,10.000100,10.000100,26,26,21.000000,0.549906,-0.183327,0.004462,21.007998,1
100,10.000100,10.000100,27,27,22.343500,0.585085,0.195056,0.305336,22.352011,1
100,10.000100,10.000100,28,28,22.425200,0.587226,0.587427,0.256048,22.440577,1
100,10.000100,10.000100,29,29,22.624901,0.592455,0.988165,0.209516,22.654217,1
100,10.000100,10.000100,30,30,6.010420,0.262421,-0.262671,0.015566,6.021877,1
100,10.000100,10.000100,31,31,9.347530,0.408122,-0.245007,0.010015,9.359643,1
100,10.000100,10.000100,32,32,20.992100,0.916534,-0.183370,0.004461,21.012897,1
100,10.000100,10.000100,33,33,0.000000,0.000000,0.000000,0.000000,0.000000,0
100,10.000100,10.000100,34,34,0.000000,0.000000,0.000000,0.000000,0.000000,0
100,10.000100,10.000100,35,35,0.000000,0.000000,0.000000,0.000000,0.000000,0
101,10.100400,10.100400,0,0,5.969990,-0.260656,-0.260904,0.015638,5.981370,1
101,10.100400,10.100400,1,1,9.261000,-0.404344,-0.242739,0.010087,9.273000,1
101,10.100400,10.100400,2,2,20.614599,-0.900054,-0.180073,0.004533,20.635025,1
101,10.100400,10.100400,3,3,0.000000,0.000000,0.000000,0.000000,0.000000,0
101,10.100400,10.100400,4,4,0.000000,0.000000,0.000000,0.000000,0.000000,0
101,10.100400,10.100400,5,5,0.000000,0.000000,0.000000,0.000000,0.000000,0
101,10.100400,10.100400,6,6,5.973220,-0.156414,-0.260886,0.015639,5.980960,1
101,10.100400,10.100400,7,7,9.265670,-0.242630,-0.242713,0.010088,9.272023,1
101,10.100400,10.100400,8,8,20.622400,-0.540015,-0.180030,0.004534,20.630255,1
101,10.100400,10.100400,9,9,21.507000,-0.563181,0.187753,0.265697,21.515192,1
101,10.100400,10.100400,10,10,21.580099,-0.565095,0.565288,0.271378,21.594896,1
101,10.100400,10.100400,11,11,21.776400,-0.570234,0.951103,0.152768,21.804617,1
101,10.100400,10.100400,12,12,5.974840,-0.052142,-0.260877,0.015639,5.980760,1
101,10.100400,10.100400,13,13,9.268000,-0.080881,-0.242701,0.010088,9.271530,1
101,10.100400,10.100400,14,14,20.626200,-0.180002,-0.180009,0.004534,20.627771,1
101,10.100400,10.100400,15,15,21.424601,-0.186969,0.186976,0.312606,21.426233,1
101,10.100400,10.100400,16,16,21.506399,-0.187684,0.563187,0.301819,21.514589,1
101,10.100400,10.100400,17,17,21.636600,-0.188820,0.944709,0.210880,21.658039,1
101,10.100400,10.100400,18,18,5.974840,0.052142,-0.260877,0.015639,5.980760,1
101,10.100400,10.100400,19,19,9.268000,0.080881,-0.242701,0.010088,9.271530,1
101,10.100400,10.100400,20,20,20.626200,0.180002,-0.180009,0.004534,20.627771,1
101,10.100400,10.100400,21,21,21.423000,0.186956,0.186963,0.313631,21.424631,1
101,10.100400,10.100400,22,22,21.509199,0.187708,0.563259,0.294703,21.517393,1
101,10.100400,10.100400,23,23,21.630301,0.188765,0.944437,0.210879,21.651731,1
101,10.100400,10.100400,24,24,5.973220,0.156414,-0.260886,0.015639,5.980960,1
101,10.100400,10.100400,25,25,9.265670,0.242630,-0.242713,0.010088,9.272023,1
101,10.100400,10.100400,26,26,20.622400,0.540015,-0.180030,0.004534,20.630255,1
101,10.100400,10.100400,27,27,21.480801,0.562493,0.187524,0.305327,21.488983,1
101,10.100400,10.100400,28,28,21.548700,0.564273,0.564467,0.305700,21.563477,1
101,10.100400,10.100400,29,29,21.717699,0.568697,0.948538,0.209337,21.745840,1
101,10.100400,10.100400,30,30,5.969990,0.260656,-0.260904,0.015638,5.981370,1
101,10.100400,10.100400,31,31,9.261000,0.404344,-0.242739,0.010087,9.273000,1
101,10.100400,10.100400,32,32,20.614700,0.900055,-0.180073,0.004533,20.635126,1
101,10.100400,10.100400,33,33,0.000000,0.000000,0.000000,0.000000,0.000000,0
101,10.100400,10.100400,34,34,0.000000,0.000000,0.000000,0.000000,0.000000,0
101,10.100400,10.100400,35,35,0.000000,0.000000,0.000000,0.000000,0.000000,0
102,10.200500,10.200500,0,0,5.932440,-0.259016,-0.259263,0.015707,5.943749,1
102,10.200500,10.200500,1,1,9.180500,-0.400829,-0.240629,0.010156,9.192396,1
102,10.200500,10.200500,2,2,20.266399,-0.884851,-0.177031,0.004602,20.286480,1
102,10.200500,10.200500,3,3,0.000000,0.000000,0.000000,0.000000,0.000000,0
102,10.200500,10.200500,4,4,0.000000,0.000000,0.000000,0.000000,0.000000,0
102,10.200500,10.200500,5,5,0.000000,0.000000,0.000000,0.000000,0.000000,0
102,10.200500,10.200500,6,6,5.935630,-0.155430,-0.259244,0.015708,5.943321,1
102,10.200500,10.200500,7,7,9.185100,-0.240520,-0.240603,0.010157,9.191398,1
102,10.200500,10.200500,8,8,20.273899,-0.530891,-0.176988,0.004603,20.281620,1
102,10.200500,10.200500,9,9,20.654900,-0.540868,0.180314,0.265688,20.662767,1
102,10.200500,10.200500,10,10,20.721399,-0.542609,0.542794,0.258293,20.735609,1
102,10.200500,10.200500,11,11,20.866199,-0.546402,0.911352,0.243611,20.893238,1
102,10.200500,10.200500,12,12,5.937230,-0.051813,-0.259235,0.015709,5.943113,1
102,10.200500,10.200500,13,13,9.187380,-0.080177,-0.240589,0.010158,9.190880,1
102,10.200500,10.200500,14,14,20.277599,-0.176960,-0.176967,0.004604,20.279142,1
102,10.200500,10.200500,15,15,20.586100,-0.179652,0.179659,0.312593,20.587667,1
102,10.200500,10.200500,16,16,20.659700,-0.180294,0.541014,0.301841,20.667568,1
102,10.200500,10.200500,17,17,20.731701,-0.180923,0.905202,0.314031,20.752243,1
102,10.200500,10.200500,18,18,5.937230,0.051813,-0.259235,0.015709,5.943113,1
102,10.200500,10.200500,19,19,9.187380,0.080177,-0.240589,0.010158,9.190880,1
102,10.200500,10.200500,20,20,20.277599,0.176960,-0.176967,0.004604,20.279142,1
102,10.200500,10.200500,21,21,20.584400,0.179638,0.179645,0.313619,20.585968,1
102,10.200500,10.200500,22,22,20.660801,0.180304,0.541043,0.294730,20.668671,1
102,10.200500,10.200500,23,23,20.755600,0.181132,0.906245,0.263513,20.776165,1
102,10.200500,10.200500,24,24,5.935630,0.155430,-0.259244,0.015708,5.943321,1
102,10.200500,10.200500,25,25,9.185100,0.240520,-0.240603,0.010157,9.191398,1
102,10.200500,10.200500,26,26,20.273899,0.530890,-0.176988,0.004603,20.281620,1
102,10.200500,10.200500,27,27,20.636801,0.540393,0.180156,0.305319,20.644661,1
102,10.200500,10.200500,28,28,20.701200,0.542081,0.542267,0.308114,20.715395,1
102,10.200500,10.200500,29,29,20.833000,0.545531,0.909900,0.251156,20.859995,1
102,10.200500,10.200500,30,30,5.932440,0.259016,-0.259263,0.015707,5.943749,1
102,10.200500,10.200500,31,31,9.180500,0.400829,-0.240629,0.010156,9.192396,1
102,10.200500,10.200500,32,32,20.266399,0.884851,-0.177031,0.004602,20.286480,1
102,10.200500,10.200500,33,33,0.000000,0.000000,0.000000,0.000000,0.000000,0
102,10.200500,10.200500,34,34,0.000000,0.000000,0.000000,0.000000,0.000000,0
102,10.200500,10.200500,35,35,0.000000,0.000000,0.000000,0.000000,0.000000,0
103,10.300400,10.300400,0,0,5.897510,-0.257490,-0.257736,0.015773,5.908752,1
103,10.300400,10.300400,1,1,9.105660,-0.397561,-0.238667,0.010222,9.117460,1
103,10.300400,10.300400,2,2,19.946100,-0.870866,-0.174233,0.004668,19.965864,1
103,10.300400,10.300400,3,3,0.000000,0.000000,0.000000,0.000000,0.000000,0
103,10.300400,10.300400,4,4,0.000000,0.000000,0.000000,0.000000,0.000000,0
103,10.300400,10.300400,5,5,0.000000,0.000000,0.000000,0.000000,0.000000,0
103,10.300400,10.300400,6,6,5.900660,-0.154514,-0.257717,0.015774,5.908306,1
103,10.300400,10.300400,7,7,9.110180,-0.238558,-0.238640,0.010223,9.116426,1
103,10.300400,10.300400,8,8,19.953300,-0.522497,-0.174190,0.004669,19.960899,1
103,10.300400,10.300400,9,9,19.828300,-0.519223,0.173098,0.305311,19.835854,1
103,10.300400,10.300400,10,10,19.886400,-0.520745,0.520924,0.257573,19.900036,1
103,10.300400,10.300400,11,11,20.015100,-0.524115,0.874180,0.243644,20.041037,1
103,10.300400,10.300400,12,12,5.902250,-0.051508,-0.257708,0.015774,5.908098,1
103,10.300400,10.300400,13,13,9.112440,-0.079523,-0.238627,0.010224,9.115911,1
103,10.300400,10.300400,14,14,19.957001,-0.174162,-0.174168,0.004670,19.958521,1
103,10.300400,10.300400,15,15,19.768801,-0.172520,0.172526,0.312581,19.770306,1
103,10.300400,10.300400,16,16,19.836300,-0.173109,0.519452,0.302981,19.843855,1
103,10.300400,10.300400,17,17,19.919500,-0.173835,0.869736,0.261773,19.939236,1
103,10.300400,10.300400,18,18,5.902250,0.051508,-0.257708,0.015774,5.908098,1
103,10.300400,10.300400,19,19,9.112440,0.079523,-0.238627,0.010224,9.115911,1
103,10.300400,10.300400,20,20,19.957001,0.174162,-0.174168,0.004670,19.958521,1
103,10.300400,10.300400,21,21,19.767099,0.172505,0.172511,0.313608,19.768604,1
103,10.300400,10.300400,22,22,19.833300,0.173083,0.519373,0.302981,19.840855,1
103,10.300400,10.300400,23,23,19.914400,0.173790,0.869515,0.271901,19.934132,1
103,10.300400,10.300400,24,24,5.900660,0.154514,-0.257717,0.015774,5.908306,1
103,10.300400,10.300400,25,25,9.110180,0.238558,-0.238640,0.010223,9.116426,1
103,10.300400,10.300400,26,26,19.953300,0.522497,-0.174190,0.004669,19.960899,1
103,10.300400,10.300400,27,27,19.814199,0.518853,0.172975,0.305310,19.821747,1
103,10.300400,10.300400,28,28,19.877001,0.520497,0.520675,0.310823,19.890629,1
103,10.300400,10.300400,29,29,19.981300,0.523230,0.872703,0.256022,20.007193,1
103,10.300400,10.300400,30,30,5.897510,0.257490,-0.257736,0.015773,5.908752,1
103,10.300400,10.300400,31,31,9.105660,0.397562,-0.238667,0.010222,9.117460,1
103,10.300400,10.300400,32,32,19.946100,0.870866,-0.174233,0.004668,19.965864,1
103,10.300400,10.300400,33,33,0.000000,0.000000,0.000000,0.000000,0.000000,0
103,10.300400,10.300400,34,34,0.000000,0.000000,0.000000,0.000000,0.000000,0
103,10.300400,10.300400,35,35,0.000000,0.000000,0.000000,0.000000,0.000000,0
104,10.400200,10.400200,0,0,5.864430,-0.256046,-0.256290,0.015835,5.875609,1
104,10.400200,10.400200,1,1,9.035160,-0.394483,-0.236819,0.010284,9.046867,1
104,10.400200,10.400200,2,2,19.649300,-0.857905,-0.171640,0.004730,19.668768,1
104,10.400200,10.400200,3,3,0.000000,0.000000,0.000000,0.000000,0.000000,0
104,10.400200,10.400200,4,4,0.000000,0.000000,0.000000,0.000000,0.000000,0
104,10.400200,10.400200,5,5,0.000000,0.000000,0.000000,0.000000,0.000000,0
104,10.400200,10.400200,6,6,5.867570,-0.153648,-0.256271,0.015836,5.875173,1
104,10.400200,10.400200,7,7,9.039630,-0.236711,-0.236792,0.010286,9.045829,1
104,10.400200,10.400200,8,8,19.656300,-0.514718,-0.171597,0.004732,19.663786,1
104,10.400200,10.400200,9,9,19.022699,-0.498128,0.166066,0.305303,19.029945,1
104,10.400200,10.400200,10,10,19.079599,-0.499617,0.499789,0.310829,19.092682,1
104,10.400200,10.400200,11,11,19.176600,-0.502156,0.837553,0.215542,19.201448,1
104,10.400200,10.400200,12,12,5.869140,-0.051219,-0.256262,0.015837,5.874956,1
104,10.400200,10.400200,13,13,9.041860,-0.078907,-0.236778,0.010286,9.045303,1
104,10.400200,10.400200,14,14,19.659800,-0.171569,-0.171575,0.004732,19.661297,1
104,10.400200,10.400200,15,15,18.968399,-0.165535,0.165541,0.312569,18.969845,1
104,10.400200,10.400200,16,16,19.028500,-0.166059,0.498298,0.303000,19.035748,1
104,10.400200,10.400200,17,17,19.096800,-0.166655,0.833816,0.270477,19.115721,1
104,10.400200,10.400200,18,18,5.869140,0.051219,-0.256262,0.015837,5.874956,1
104,10.400200,10.400200,19,19,9.041860,0.078907,-0.236778,0.010286,9.045303,1
104,10.400200,10.400200,20,20,19.659800,0.171569,-0.171575,0.004732,19.661297,1
104,10.400200,10.400200,21,21,18.966600,0.165519,0.165526,0.312569,18.968046,1
104,10.400200,10.400200,22,22,19.025499,0.166033,0.498219,0.302999,19.032745,1
104,10.400200,10.400200,23,23,19.093100,0.166623,0.833653,0.271933,19.112017,1
104,10.400200,10.400200,24,24,5.867570,0.153648,-0.256271,0.015836,5.875173,1
104,10.400200,10.400200,25,25,9.039630,0.236711,-0.236792,0.010286,9.045829,1
104,10.400200,10.400200,26,26,19.656300,0.514718,-0.171597,0.004732,19.663786,1
104,10.400200,10.400200,27,27,19.008600,0.497758,0.165943,0.305303,19.015841,1
104,10.400200,10.400200,28,28,19.070499,0.499378,0.499549,0.310828,19.083576,1
104,10.400200,10.400200,29,29,19.152100,0.501517,0.836487,0.256055,19.176918,1
104,10.400200,10.400200,30,30,5.864430,0.256046,-0.256290,0.015835,5.875609,1
104,10.400200,10.400200,31,31,9.035160,0.394483,-0.236819,0.010284,9.046867,1
104,10.400200,10.400200,32,32,19.649300,0.857905,-0.171640,0.004730,19.668768,1
104,10.400200,10.400200,33,33,0.000000,0.000000,0.000000,0.000000,0.000000,0
104,10.400200,10.400200,34,34,0.000000,0.000000,0.000000,0.000000,0.000000,0
104,10.400200,10.400200,35,35,0.000000,0.000000,0.000000,0.000000,0.000000,0
105,10.500600,10.500600,0,0,5.832720,-0.254662,-0.254905,0.015895,5.843838,1
105,10.500600,10.500600,1,1,8.968140,-0.391557,-0.235063,0.010344,8.979760,1
105,10.500600,10.500600,2,2,19.372200,-0.845810,-0.169220,0.004790,19.391394,1
105,10.500600,10.500600,3,3,0.000000,0.000000,0.000000,0.000000,0.000000,0
105,10.500600,10.500600,4,4,0.000000,0.000000,0.000000,0.000000,0.000000,0
105,10.500600,10.500600,5,5,0.000000,0.000000,0.000000,0.000000,0.000000,0
105,10.500600,10.500600,6,6,5.835830,-0.152817,-0.254885,0.015896,5.843392,1
105,10.500600,10.500600,7,7,8.972540,-0.234954,-0.235034,0.010345,8.978693,1
105,10.500600,10.500600,8,8,19.379101,-0.507459,-0.169177,0.004791,19.386482,1
105,10.500600,10.500600,9,9,18.230900,-0.477393,0.159153,0.305296,18.237844,1
105,10.500600,10.500600,10,10,18.287001,-0.478861,0.479026,0.310834,18.299540,1
105,10.500600,10.500600,11,11,18.353500,-0.480603,0.801605,0.254736,18.377283,1
105,10.500600,10.500600,12,12,5.837380,-0.050942,-0.254875,0.015897,5.843163,1
105,10.500600,10.500600,13,13,8.974730,-0.078321,-0.235020,0.010346,8.978148,1
105,10.500600,10.500600,14,14,19.382500,-0.169149,-0.169155,0.004792,19.383976,1
105,10.500600,10.500600,15,15,18.181700,-0.158669,0.158675,0.312558,18.183084,1
105,10.500600,10.500600,16,16,18.234400,-0.159129,0.477502,0.301027,18.241344,1
105,10.500600,10.500600,17,17,18.297701,-0.159682,0.798926,0.307031,18.315830,1
105,10.500600,10.500600,18,18,5.837380,0.050942,-0.254875,0.015897,5.843163,1
105,10.500600,10.500600,19,19,8.974730,0.078321,-0.235020,0.010346,8.978148,1
105,10.500600,10.500600,20,20,19.382500,0.169149,-0.169155,0.004792,19.383976,1
105,10.500600,10.500600,21,21,18.179899,0.158653,0.158659,0.312558,18.181284,1
105,10.500600,10.500600,22,22,18.231199,0.159101,0.477419,0.301027,18.238142,1
105,10.500600,10.500600,23,23,18.294600,0.159654,0.798789,0.307031,18.312725,1
105,10.500600,10.500600,24,24,5.835830,0.152817,-0.254885,0.015896,5.843392,1
105,10.500600,10.500600,25,25,8.972540,0.234954,-0.235034,0.010345,8.978693,1
105,10.500600,10.500600,26,26,19.379101,0.507459,-0.169177,0.004791,19.386482,1
105,10.500600,10.500600,27,27,18.216801,0.477023,0.159030,0.305295,18.223740,1
105,10.500600,10.500600,28,28,18.275299,0.478554,0.478719,0.291570,18.287830,1
105,10.500600,10.500600,29,29,18.339500,0.480236,0.800994,0.283992,18.363266,1
105,10.500600,10.500600,30,30,5.832720,0.254662,-0.254905,0.015895,5.843838,1
105,10.500600,10.500600,31,31,8.968140,0.391557,-0.235063,0.010344,8.979760,1
105,10.500600,10.500600,32,32,18.766600,0.819368,-0.163930,0.081969,18.785194,1
105,10.500600,10.500600,33,33,18.437599,0.805002,0.161056,0.138827,18.455868,1
105,10.500600,10.500600,34,34,18.569599,0.810768,0.486727,0.063982,18.593662,1
105,10.500600,10.500600,35,35,0.000000,0.000000,0.000000,0.000000,0.000000,0
106,10.600400,10.600400,0,0,5.803060,-0.253367,-0.253608,0.015952,5.814122,1
106,10.600400,10.600400,1,1,8.905380,-0.388817,-0.233418,0.010401,8.916920,1
106,10.600400,10.600400,2,2,19.115000,-0.834578,-0.166973,0.004847,19.133940,1
106,10.600400,10.600400,3,3,17.791100,-0.776777,0.155409,0.257913,17.808727,1
106,10.600400,10.600400,4,4,17.887100,-0.780970,0.468838,0.034905,17.910280,1
106,10.600400,10.600400,5,5,19.754299,-0.862492,0.863313,0.311114,19.791956,1
106,10.600400,10.600400,6,6,5.806140,-0.152039,-0.253588,0.015953,5.813664,1
106,10.600400,10.600400,7,7,8.909730,-0.233310,-0.233390,0.010402,8.915839,1
106,10.600400,10.600400,8,8,19.121700,-0.500718,-0.166929,0.004848,19.128984,1
106,10.600400,10.600400,9,9,17.455500,-0.457088,0.152384,0.305289,17.462149,1
106,10.600400,10.600400,10,10,17.498100,-0.458203,0.458360,0.108270,17.510098,1
106,10.600400,10.600400,11,11,17.564301,-0.459938,0.767139,0.284014,17.587061,1
106,10.600400,10.600400,12,12,5.807680,-0.050683,-0.253578,0.015954,5.813434,1
106,10.600400,10.600400,13,13,8.911910,-0.077773,-0.233376,0.010403,8.915305,1
106,10.600400,10.600400,14,14,19.125000,-0.166901,-0.166908,0.004849,19.126457,1
106,10.600400,10.600400,15,15,17.411200,-0.151945,0.151951,0.312547,17.412527,1
106,10.600400,10.600400,16,16,17.441500,-0.152210,0.456740,0.171727,17.448143,1
106,10.600400,10.600400,17,17,17.518700,-0.152883,0.764911,0.307045,17.536057,1
106,10.600400,10.600400,18,18,5.807680,0.050683,-0.253578,0.015954,5.813434,1
106,10.600400,10.600400,19,19,8.911910,0.077773,-0.233376,0.010403,8.915305,1
106,10.600400,10.600400,20,20,19.125000,0.166901,-0.166908,0.004849,19.126457,1
106,10.600400,10.600400,21,21,17.409401,0.151929,0.151935,0.312547,17.410727,1
106,10.600400,10.600400,22,22,17.438299,0.152182,0.456656,0.171727,17.444941,1
106,10.600400,10.600400,23,23,17.515499,0.152856,0.764775,0.307045,17.532854,1
106,10.600400,10.600400,24,24,5.806140,0.152039,-0.253588,0.015953,5.813664,1
106,10.600400,10.600400,25,25,8.909730,0.233310,-0.233390,0.010402,8.915839,1
106,10.600400,10.600400,26,26,19.121700,0.500718,-0.166929,0.004848,19.128984,1
106,10.600400,10.600400,27,27,17.441299,0.456718,0.152261,0.305288,17.447943,1
106,10.600400,10.600400,28,28,17.479900,0.457727,0.457884,0.108270,17.491886,1
106,10.600400,10.600400,29,29,17.550699,0.459581,0.766542,0.284013,17.573441,1
106,10.600400,10.600400,30,30,5.803060,0.253367,-0.253608,0.015952,5.814122,1
106,10.600400,10.600400,31,31,8.905380,0.388817,-0.233418,0.010401,8.916920,1
106,10.600400,10.600400,32,32,17.961100,0.784200,-0.156894,0.106029,17.978895,1
106,10.600400,10.600400,33,33,17.601999,0.768521,0.153757,0.142339,17.619440,1
106,10.600400,10.600400,34,34,17.653500,0.770769,0.462714,0.136830,17.676376,1
106,10.600400,10.600400,35,35,19.769699,0.863163,0.863985,0.310943,19.807386,1
107,10.700100,10.700100,0,0,5.776580,-0.252211,-0.252452,0.016006,5.787591,1
107,10.700100,10.700100,1,1,8.848860,-0.386350,-0.231936,0.010455,8.860327,1
107,10.700100,10.700100,2,2,17.201799,-0.751049,-0.150261,0.105978,17.218843,1
107,10.700100,10.700100,3,3,16.918699,-0.738686,0.147788,0.142334,16.935463,1
107,10.700100,10.700100,4,4,16.938299,-0.739542,0.443968,0.066638,16.960249,1
107,10.700100,10.700100,5,5,19.029400,-0.830842,0.831633,0.311109,19.065676,1
107,10.700100,10.700100,6,6,5.779640,-0.151345,-0.252431,0.016007,5.787129,1
107,10.700100,10.700100,7,7,8.853150,-0.231828,-0.231907,0.010456,8.859221,1
107,10.700100,10.700100,8,8,18.888599,-0.494617,-0.164895,0.004902,18.895794,1
107,10.700100,10.700100,9,9,16.714701,-0.437689,0.145917,0.305282,16.721067,1
107,10.700100,10.700100,10,10,16.725599,-0.437975,0.438126,0.283962,16.737068,1
107,10.700100,10.700100,11,11,16.811001,-0.440210,0.734234,0.284034,16.832785,1
107,10.700100,10.700100,12,12,5.781160,-0.050451,-0.252421,0.016007,5.786888,1
107,10.700100,10.700100,13,13,8.855310,-0.077279,-0.231893,0.010457,8.858684,1
107,10.700100,10.700100,14,14,18.891899,-0.164867,-0.164874,0.004903,18.893337,1
107,10.700100,10.700100,15,15,16.675100,-0.145521,0.145527,0.312537,16.676371,1
107,10.700100,10.700100,16,16,16.681801,-0.145580,0.436845,0.282182,16.688154,1
107,10.700100,10.700100,17,17,16.774401,-0.146388,0.732414,0.303384,16.791021,1
107,10.700100,10.700100,18,18,5.781160,0.050451,-0.252421,0.016007,5.786888,1
107,10.700100,10.700100,19,19,8.855310,0.077279,-0.231893,0.010457,8.858684,1
107,10.700100,10.700100,20,20,18.891899,0.164867,-0.164874,0.004903,18.893337,1
107,10.700100,10.700100,21,21,16.673300,0.145505,0.145511,0.312537,16.674570,1
107,10.700100,10.700100,22,22,16.679399,0.145559,0.436783,0.279772,16.685751,1
107,10.700100,10.700100,23,23,16.770201,0.146351,0.732231,0.303383,16.786816,1
107,10.700100,10.700100,24,24,5.779640,0.151345,-0.252431,0.016007,5.787129,1
107,10.700100,10.700100,25,25,8.853160,0.231828,-0.231907,0.010456,8.859230,1
107,10.700100,10.700100,26,26,18.888599,0.494617,-0.164895,0.004902,18.895794,1
107,10.700100,10.700100,27,27,16.700500,0.437318,0.145793,0.305282,16.706861,1
107,10.700100,10.700100,28,28,16.709900,0.437566,0.437715,0.283962,16.721357,1
107,10.700100,10.700100,29,29,16.801100,0.439953,0.733805,0.301458,16.822872,1
107,10.700100,10.700100,30,30,5.776580,0.252211,-0.252452,0.016006,5.787591,1
107,10.700100,10.700100,31,31,8.848860,0.386350,-0.231936,0.010455,8.860327,1
107,10.700100,10.700100,32,32,17.201799,0.751049,-0.150261,0.105978,17.218843,1
107,10.700100,10.700100,33,33,16.824301,0.734565,0.146963,0.264207,16.840971,1
107,10.700100,10.700100,34,34,16.849001,0.735644,0.441627,0.136869,16.870834,1
107,10.700100,10.700100,35,35,17.104200,0.746784,0.747495,0.031861,17.136806,1
108,10.800600,10.800600,0,0,5.760840,-0.251524,-0.251763,0.016059,5.771821,1
108,10.800600,10.800600,1,1,8.809050,-0.384612,-0.230893,0.010509,8.820465,1
108,10.800600,10.800600,2,2,16.500000,-0.720404,-0.144130,0.202877,16.516348,1
108,10.800600,10.800600,3,3,16.182400,-0.706539,0.141356,0.142327,16.198433,1
108,10.800600,10.800600,4,4,16.198099,-0.707224,0.424566,0.163353,16.219090,1
108,10.800600,10.800600,5,5,16.837099,-0.735124,0.735825,0.012234,16.869196,1
108,10.800600,10.800600,6,6,5.763860,-0.150932,-0.251742,0.016061,5.771329,1
108,10.800600,10.800600,7,7,8.813310,-0.230785,-0.230864,0.010510,8.819353,1
108,10.800600,10.800600,8,8,18.695200,-0.489551,-0.163206,0.004956,18.702320,1
108,10.800600,10.800600,9,9,16.030899,-0.419785,0.139948,0.305276,16.037004,1
108,10.800600,10.800600,10,10,16.027201,-0.419686,0.419830,0.300465,16.038191,1
108,10.800600,10.800600,11,11,16.121000,-0.422144,0.704100,0.301472,16.141890,1
108,10.800600,10.800600,12,12,5.765390,-0.050314,-0.251732,0.016061,5.771102,1
108,10.800600,10.800600,13,13,8.815440,-0.076931,-0.230849,0.010511,8.818798,1
108,10.800600,10.800600,14,14,18.698400,-0.163178,-0.163184,0.004957,18.699825,1
108,10.800600,10.800600,15,15,15.995700,-0.139592,0.139597,0.312527,15.996918,1
108,10.800600,10.800600,16,16,15.987000,-0.139516,0.418649,0.311643,15.993090,1
108,10.800600,10.800600,17,17,16.086599,-0.140386,0.702384,0.303399,16.102539,1
108,10.800600,10.800600,18,18,5.765390,0.050314,-0.251732,0.016061,5.771102,1
108,10.800600,10.800600,19,19,8.815440,0.076931,-0.230849,0.010511,8.818798,1
108,10.800600,10.800600,20,20,18.698400,0.163178,-0.163184,0.004957,18.699825,1
108,10.800600,10.800600,21,21,15.993900,0.139576,0.139582,0.312527,15.995118,1
108,10.800600,10.800600,22,22,15.984700,0.139497,0.418591,0.311642,15.990788,1
108,10.800600,10.800600,23,23,16.082399,0.140349,0.702201,0.303399,16.098333,1
108,10.800600,10.800600,24,24,5.763860,0.150932,-0.251742,0.016061,5.771329,1
108,10.800600,10.800600,25,25,8.813310,0.230785,-0.230864,0.010510,8.819353,1
108,10.800600,10.800600,26,26,18.695200,0.489551,-0.163206,0.004956,18.702320,1
108,10.800600,10.800600,27,27,16.016800,0.419415,0.139824,0.305275,16.022900,1
108,10.800600,10.800600,28,28,16.010799,0.419258,0.419402,0.300464,16.021778,1
108,10.800600,10.800600,29,29,16.111601,0.421898,0.703690,0.301472,16.132479,1
108,10.800600,10.800600,30,30,5.760840,0.251524,-0.251763,0.016059,5.771821,1
108,10.800600,10.800600,31,31,8.809050,0.384612,-0.230893,0.010509,8.820465,1
108,10.800600,10.800600,32,32,16.500000,0.720404,-0.144130,0.202877,16.516348,1
108,10.800600,10.800600,33,33,16.126699,0.704106,0.140869,0.264201,16.142677,1
108,10.800600,10.800600,34,34,16.135599,0.704494,0.422927,0.252026,16.156507,1
108,10.800600,10.800600,35,35,16.255100,0.709713,0.710390,0.111188,16.286087,1
109,10.909900,10.909900,0,0,5.718570,-0.249678,-0.249916,0.016107,5.729472,1
109,10.909900,10.909900,1,1,8.730680,-0.381190,-0.228839,0.010557,8.741994,1
109,10.909900,10.909900,2,2,15.656400,-0.683574,-0.136762,0.202840,15.671912,1
109,10.909900,10.909900,3,3,15.309000,-0.668406,0.133727,0.264197,15.324168,1
109,10.909900,10.909900,4,4,15.313100,-0.668585,0.401370,0.252038,15.332943,1
109,10.909900,10.909900,5,5,15.430400,-0.673707,0.674349,0.111204,15.459815,1
109,10.909900,10.909900,6,6,5.721570,-0.149825,-0.249895,0.016109,5.728984,1
109,10.909900,10.909900,7,7,8.734880,-0.228731,-0.228809,0.010558,8.740870,1
109,10.909900,10.909900,8,8,18.434900,-0.482734,-0.160934,0.005004,18.441921,1
109,10.909900,10.909900,9,9,15.194000,-0.397870,0.132642,0.305270,15.199787,1
109,10.909900,10.909900,10,10,15.185800,-0.397654,0.397790,0.300472,15.196212,1
109,10.909900,10.909900,11,11,15.270900,-0.399883,0.666971,0.297413,15.290689,1
109,10.909900,10.909900,12,12,5.723080,-0.049945,-0.249885,0.016109,5.728751,1
109,10.909900,10.909900,13,13,8.736990,-0.076247,-0.228795,0.010559,8.740317,1
109,10.909900,10.909900,14,14,18.438000,-0.160906,-0.160912,0.005005,18.439404,1
109,10.909900,10.909900,15,15,15.164100,-0.132335,0.132340,0.312518,15.165255,1
109,10.909900,10.909900,16,16,15.150800,-0.132219,0.396752,0.311652,15.156570,1
109,10.909900,10.909900,17,17,15.244700,-0.133038,0.665621,0.303413,15.259805,1
109,10.909900,10.909900,18,18,5.723080,0.049945,-0.249885,0.016109,5.728751,1
109,10.909900,10.909900,19,19,8.736990,0.076247,-0.228795,0.010559,8.740317,1
109,10.909900,10.909900,20,20,18.438000,0.160906,-0.160912,0.005005,18.439404,1
109,10.909900,10.909900,21,21,15.162300,0.132319,0.132324,0.312518,15.163455,1
109,10.909900,10.909900,22,22,15.148400,0.132198,0.396689,0.309520,15.154170,1
109,10.909900,10.909900,23,23,15.240500,0.133001,0.665438,0.303413,15.255601,1
109,10.909900,10.909900,24,24,5.721570,0.149825,-0.249895,0.016109,5.728984,1
109,10.909900,10.909900,25,25,8.734880,0.228731,-0.228809,0.010558,8.740870,1
109,10.909900,10.909900,26,26,18.434900,0.482734,-0.160934,0.005004,18.441921,1
109,10.909900,10.909900,27,27,15.179800,0.397497,0.132517,0.300255,15.185582,1
109,10.909900,10.909900,28,28,15.169000,0.397215,0.397351,0.298581,15.179401,1
109,10.909900,10.909900,29,29,15.267700,0.399798,0.666830,0.304710,15.287484,1
109,10.909900,10.909900,30,30,5.718570,0.249678,-0.249916,0.016107,5.729472,1
109,10.909900,10.909900,31,31,8.730680,0.381190,-0.228839,0.010557,8.741994,1
109,10.909900,10.909900,32,32,15.656400,0.683574,-0.136762,0.202840,15.671912,1
109,10.909900,10.909900,33,33,15.272700,0.666822,0.133410,0.264195,15.287832,1
109,10.909900,10.909900,34,34,15.273700,0.666863,0.400336,0.254704,15.293491,1
109,10.909900,10.909900,35,35,15.366400,0.670910,0.671549,0.272819,15.395692,1
110,11.000500,11.000500,0,0,5.703590,-0.249024,-0.249261,0.016152,5.714462,1
110,11.000500,11.000500,1,1,8.695180,-0.379640,-0.227908,0.010601,8.706448,1
110,11.000500,11.000500,2,2,15.033300,-0.656369,-0.131319,0.202805,15.048195,1
110,11.000500,11.000500,3,3,14.679000,-0.640897,0.128223,0.264192,14.693543,1
110,11.000500,11.000500,4,4,14.677400,-0.640831,0.384708,0.252049,14.696419,1
110,11.000500,11.000500,5,5,14.758400,-0.644366,0.644979,0.147939,14.786533,1
110,11.000500,11.000500,6,6,5.706580,-0.149432,-0.249240,0.016153,5.713975,1
110,11.000500,11.000500,7,7,8.699350,-0.227800,-0.227878,0.010603,8.705316,1
110,11.000500,11.000500,8,8,18.274500,-0.478534,-0.159534,0.005049,18.281460,1
110,11.000500,11.000500,9,9,14.576600,-0.381701,0.127251,0.305264,14.582151,1
110,11.000500,11.000500,10,10,14.564800,-0.381392,0.381523,0.298590,14.574787,1
110,11.000500,11.000500,11,11,14.647200,-0.383550,0.639728,0.297427,14.666180,1
110,11.000500,11.000500,12,12,5.708080,-0.049814,-0.249230,0.016154,5.713735,1
110,11.000500,11.000500,13,13,8.701440,-0.075936,-0.227864,0.010603,8.704755,1
110,11.000500,11.000500,14,14,18.277500,-0.159506,-0.159512,0.005049,18.278893,1
110,11.000500,11.000500,15,15,14.550400,-0.126980,0.126985,0.312510,14.551508,1
110,11.000500,11.000500,16,16,14.533900,-0.126835,0.380597,0.309530,14.539435,1
110,11.000500,11.000500,17,17,14.624900,-0.127630,0.638563,0.252128,14.639390,1
110,11.000500,11.000500,18,18,5.708080,0.049814,-0.249230,0.016154,5.713735,1
110,11.000500,11.000500,19,19,8.701440,0.075936,-0.227864,0.010603,8.704755,1
110,11.000500,11.000500,20,20,18.277500,0.159506,-0.159512,0.005049,18.278893,1
110,11.000500,11.000500,21,21,14.548700,0.126964,0.126969,0.312510,14.549809,1
110,11.000500,11.000500,22,22,14.531200,0.126812,0.380527,0.309530,14.536736,1
110,11.000500,11.000500,23,23,14.622000,0.127604,0.638434,0.252132,14.636487,1
110,11.000500,11.000500,24,24,5.706580,0.149432,-0.249240,0.016153,5.713975,1
110,11.000500,11.000500,25,25,8.699350,0.227800,-0.227878,0.010603,8.705316,1
110,11.000500,11.000500,26,26,18.274500,0.478534,-0.159534,0.005049,18.281460,1
110,11.000500,11.000500,27,27,14.562000,0.381320,0.127124,0.300247,14.567547,1
110,11.000500,11.000500,28,28,14.548000,0.380953,0.381083,0.298589,14.557976,1
110,11.000500,11.000500,29,29,14.642200,0.383419,0.639510,0.310605,14.661173,1
110,11.000500,11.000500,30,30,5.703590,0.249024,-0.249261,0.016152,5.714462,1
110,11.000500,11.000500,31,31,8.695180,0.379640,-0.227908,0.010601,8.706448,1
110,11.000500,11.000500,32,32,15.033300,0.656369,-0.131319,0.202805,15.048195,1
110,11.000500,11.000500,33,33,14.642700,0.639314,0.127907,0.264190,14.657208,1
110,11.000500,11.000500,34,34,14.638700,0.639140,0.383693,0.254714,14.657668,1
110,11.000500,11.000500,35,35,14.732600,0.643240,0.643853,0.267550,14.760685,1
111,11.100200,11.100200,0,0,5.683060,-0.248128,-0.248364,0.016196,5.693894,1
111,11.100200,11.100200,1,1,8.651590,-0.377736,-0.226766,0.010645,8.662801,1
111,11.100200,11.100200,2,2,14.356600,-0.626822,-0.125407,0.202771,14.370824,1
111,11.100200,11.100200,3,3,13.994800,-0.611027,0.122247,0.264187,14.008665,1
111,11.100200,11.100200,4,4,13.964900,-0.609720,0.366032,0.217428,13.982996,1
111,11.100200,11.100200,5,5,14.070400,-0.614326,0.614911,0.267562,14.097222,1
111,11.100200,11.100200,6,6,5.686020,-0.148894,-0.248342,0.016197,5.693388,1
111,11.100200,11.100200,7,7,8.655710,-0.226658,-0.226735,0.010646,8.661646,1
111,11.100200,11.100200,8,8,18.100599,-0.473981,-0.158016,0.005093,18.107492,1
111,11.100200,11.100200,9,9,13.906100,-0.364144,0.121398,0.305259,13.911397,1
111,11.100200,11.100200,10,10,13.872100,-0.363254,0.363378,0.256914,13.881612,1
111,11.100200,11.100200,11,11,13.972100,-0.365872,0.610243,0.304003,13.990206,1
111,11.100200,11.100200,12,12,5.687510,-0.049634,-0.248332,0.016198,5.693145,1
111,11.100200,11.100200,13,13,8.657790,-0.075555,-0.226721,0.010647,8.661087,1
111,11.100200,11.100200,14,14,18.103600,-0.157988,-0.157994,0.005093,18.104979,1
111,11.100200,11.100200,15,15,13.884200,-0.121165,0.121170,0.312502,13.885258,1
111,11.100200,11.100200,16,16,13.850600,-0.120872,0.362704,0.281815,13.855876,1
111,11.100200,11.100200,17,17,13.969100,-0.121907,0.609928,0.311028,13.982941,1
111,11.100200,11.100200,18,18,5.687510,0.049634,-0.248332,0.016198,5.693145,1
111,11.100200,11.100200,19,19,8.657790,0.075555,-0.226721,0.010647,8.661087,1
111,11.100200,11.100200,20,20,18.103600,0.157988,-0.157994,0.005093,18.104979,1
111,11.100200,11.100200,21,21,13.882400,0.121150,0.121154,0.312502,13.883457,1
111,11.100200,11.100200,22,22,13.848700,0.120856,0.362655,0.281815,13.853974,1
111,11.100200,11.100200,23,23,13.969300,0.121909,0.609938,0.310638,13.983141,1
111,11.100200,11.100200,24,24,5.686020,0.148894,-0.248342,0.016197,5.693388,1
111,11.100200,11.100200,25,25,8.655710,0.226658,-0.226735,0.010646,8.661646,1
111,11.100200,11.100200,26,26,18.100599,0.473981,-0.158016,0.005093,18.107492,1
111,11.100200,11.100200,27,27,13.891200,0.363754,0.121268,0.300239,13.896491,1
111,11.100200,11.100200,28,28,13.856300,0.362840,0.362965,0.267295,13.865802,1
111,11.100200,11.100200,29,29,13.972700,0.365888,0.610270,0.307258,13.990807,1
111,11.100200,11.100200,30,30,5.683060,0.248128,-0.248364,0.016196,5.693894,1
111,11.100200,11.100200,31,31,8.651590,0.377736,-0.226766,0.010645,8.662801,1
111,11.100200,11.100200,32,32,16.886400,0.737276,-0.147506,0.105763,16.903131,1
111,11.100200,11.100200,33,33,13.958600,0.609443,0.121930,0.264185,13.972429,1
111,11.100200,11.100200,34,34,13.931700,0.608273,0.365163,0.240088,13.949753,1
111,11.100200,11.100200,35,35,14.042400,0.613105,0.613689,0.251870,14.069169,1
112,11.200200,11.200200,0,0,5.663080,-0.247255,-0.247491,0.016237,5.673875,1
112,11.200200,11.200200,1,1,8.609740,-0.375909,-0.225669,0.010686,8.620896,1
112,11.200200,11.200200,2,2,13.696900,-0.598019,-0.119645,0.202740,13.710471,1
112,11.200200,11.200200,3,3,13.328100,-0.581919,0.116424,0.264182,13.341306,1
112,11.200200,11.200200,4,4,13.288200,-0.580176,0.348296,0.256242,13.305419,1
112,11.200200,11.200200,5,5,13.399400,-0.585028,0.585586,0.267571,13.424942,1
112,11.200200,11.200200,6,6,5.666020,-0.148370,-0.247469,0.016238,5.673362,1
112,11.200200,11.200200,7,7,8.613830,-0.225561,-0.225638,0.010688,8.619736,1
112,11.200200,11.200200,8,8,17.937401,-0.469706,-0.156591,0.005134,17.944231,1
112,11.200200,11.200200,9,9,13.252700,-0.347035,0.115694,0.305253,13.257748,1
112,11.200200,11.200200,10,10,13.210400,-0.345926,0.346045,0.302438,13.219459,1
112,11.200200,11.200200,11,11,13.325400,-0.348938,0.582000,0.307266,13.342669,1
112,11.200200,11.200200,12,12,5.667500,-0.049460,-0.247458,0.016239,5.673115,1
112,11.200200,11.200200,13,13,8.615880,-0.075190,-0.225623,0.010688,8.619162,1
112,11.200200,11.200200,14,14,17.940300,-0.156563,-0.156569,0.005135,17.941666,1
112,11.200200,11.200200,15,15,13.234900,-0.115499,0.115503,0.312494,13.235909,1
112,11.200200,11.200200,16,16,13.194800,-0.115149,0.345531,0.318068,13.199825,1
112,11.200200,11.200200,17,17,13.314800,-0.116197,0.581359,0.311037,13.327992,1
112,11.200200,11.200200,18,18,5.667500,0.049460,-0.247458,0.016239,5.673115,1
112,11.200200,11.200200,19,19,8.615880,0.075190,-0.225623,0.010688,8.619162,1
112,11.200200,11.200200,20,20,17.940300,0.156563,-0.156569,0.005135,17.941666,1
112,11.200200,11.200200,21,21,13.233100,0.115483,0.115488,0.312494,13.234108,1
112,11.200200,11.200200,22,22,13.193300,0.115136,0.345492,0.318067,13.198326,1
112,11.200200,11.200200,23,23,13.314900,0.116197,0.581364,0.310646,13.328093,1
112,11.200200,11.200200,24,24,5.666020,0.148370,-0.247469,0.016238,5.673362,1
112,11.200200,11.200200,25,25,8.613830,0.225561,-0.225638,0.010688,8.619736,1
112,11.200200,11.200200,26,26,17.937401,0.469706,-0.156591,0.005134,17.944231,1
112,11.200200,11.200200,27,27,13.240100,0.346704,0.115584,0.312234,13.245143,1
112,11.200200,11.200200,28,28,13.199800,0.345650,0.345768,0.317816,13.208851,1
112,11.200200,11.200200,29,29,13.316400,0.348703,0.581607,0.307265,13.333655,1
112,11.200200,11.200200,30,30,5.663080,0.247255,-0.247491,0.016237,5.673875,1
112,11.200200,11.200200,31,31,8.609740,0.375909,-0.225669,0.010686,8.620896,1
112,11.200200,11.200200,32,32,16.213900,0.707912,-0.141631,0.105724,16.229963,1
112,11.200200,11.200200,33,33,13.294100,0.580434,0.116127,0.303792,13.307272,1
112,11.200200,11.200200,34,34,13.264600,0.579144,0.347676,0.300661,13.281788,1
112,11.200200,11.200200,35,35,13.367500,0.583638,0.584194,0.251879,13.392982,1
113,11.300300,11.300300,0,0,5.645270,-0.246478,-0.246712,0.016276,5.656031,1
113,11.300300,11.300300,1,1,8.571950,-0.374259,-0.224678,0.010725,8.583057,1
113,11.300300,11.300300,2,2,15.569200,-0.679767,-0.136000,0.202767,15.584625,1
113,11.300300,11.300300,3,3,12.686000,-0.553882,0.110814,0.264177,12.698568,1
113,11.300300,11.300300,4,4,12.646000,-0.552135,0.331462,0.300962,12.662386,1
113,11.300300,11.300300,5,5,12.752100,-0.556769,0.557299,0.256351,12.776409,1
113,11.300300,11.300300,6,6,5.648200,-0.147903,-0.246690,0.016277,5.655519,1
113,11.300300,11.300300,7,7,8.576000,-0.224571,-0.224648,0.010727,8.581881,1
113,11.300300,11.300300,8,8,17.788401,-0.465805,-0.155290,0.005173,17.795176,1
113,11.300300,11.300300,9,9,12.623400,-0.330555,0.110200,0.305249,12.628208,1
113,11.300300,11.300300,10,10,12.579900,-0.329415,0.329528,0.302439,12.588526,1
113,11.300300,11.300300,11,11,12.693400,-0.332387,0.554394,0.307273,12.709848,1
113,11.300300,11.300300,12,12,5.649660,-0.049304,-0.246679,0.016278,5.655258,1
113,11.300300,11.300300,13,13,8.578030,-0.074859,-0.224632,0.010728,8.581297,1
113,11.300300,11.300300,14,14,17.791300,-0.155262,-0.155268,0.005174,17.792654,1
113,11.300300,11.300300,15,15,12.609400,-0.110041,0.110045,0.312487,12.610360,1
113,11.300300,11.300300,16,16,12.569000,-0.109688,0.329144,0.318068,12.573788,1
113,11.300300,11.300300,17,17,12.684600,-0.110697,0.553843,0.300222,12.697168,1
113,11.300300,11.300300,18,18,5.649660,0.049304,-0.246679,0.016278,5.655258,1
113,11.300300,11.300300,19,19,8.578030,0.074859,-0.224632,0.010728,8.581297,1
113,11.300300,11.300300,20,20,17.791300,0.155262,-0.155268,0.005174,17.792654,1
113,11.300300,11.300300,21,21,12.607600,0.110025,0.110029,0.312487,12.608560,1
113,11.300300,11.300300,22,22,12.567500,0.109675,0.329105,0.318068,12.572287,1
113,11.300300,11.300300,23,23,12.684600,0.110697,0.553844,0.310654,12.697168,1
113,11.300300,11.300300,24,24,5.648200,0.147903,-0.246690,0.016277,5.655519,1
113,11.300300,11.300300,25,25,8.576000,0.224571,-0.224648,0.010727,8.581881,1
113,11.300300,11.300300,26,26,17.788401,0.465805,-0.155290,0.005173,17.795176,1
113,11.300300,11.300300,27,27,12.614300,0.330318,0.110121,0.312226,12.619104,1
113,11.300300,11.300300,28,28,12.573800,0.329256,0.329369,0.317816,12.582422,1
113,11.300300,11.300300,29,29,12.684400,0.332152,0.554001,0.307272,12.700836,1
113,11.300300,11.300300,30,30,5.645270,0.246478,-0.246712,0.016276,5.656031,1
113,11.300300,11.300300,31,31,8.571950,0.374259,-0.224678,0.010725,8.583057,1
113,11.300300,11.300300,32,32,15.568700,0.679743,-0.135995,0.202642,15.584126,1
113,11.300300,11.300300,33,33,12.662100,0.552841,0.110606,0.303787,12.674645,1
113,11.300300,11.300300,34,34,12.630500,0.551459,0.331056,0.300961,12.646867,1
113,11.300300,11.300300,35,35,12.723600,0.555526,0.556055,0.303551,12.747855,1
114,11.400600,11.400600,0,0,5.638150,-0.246167,-0.246402,0.016314,5.648898,1
114,11.400600,11.400600,1,1,8.550730,-0.373333,-0.224122,0.010764,8.561810,1
114,11.400600,11.400600,2,2,14.994800,-0.654687,-0.130982,0.202738,15.009656,1
114,11.400600,11.400600,3,3,12.105600,-0.528543,0.105745,0.262591,12.117595,1
114,11.400600,11.400600,4,4,12.073000,-0.527118,0.316444,0.300963,12.088644,1
114,11.400600,11.400600,5,5,12.165800,-0.531172,0.531678,0.254175,12.188993,1
114,11.400600,11.400600,6,6,5.641080,-0.147717,-0.246379,0.016316,5.648390,1
114,11.400600,11.400600,7,7,8.554770,-0.224015,-0.224091,0.010765,8.560637,1
114,11.400600,11.400600,8,8,17.676500,-0.462877,-0.154314,0.005212,17.683233,1
114,11.400600,11.400600,9,9,12.054700,-0.315663,0.105236,0.305244,12.059292,1
114,11.400600,11.400600,10,10,12.010100,-0.314497,0.314605,0.302439,12.018336,1
114,11.400600,11.400600,11,11,12.122400,-0.317435,0.529455,0.307279,12.138108,1
114,11.400600,11.400600,12,12,5.642550,-0.049242,-0.246368,0.016316,5.648141,1
114,11.400600,11.400600,13,13,8.556790,-0.074674,-0.224076,0.010766,8.560049,1
114,11.400600,11.400600,14,14,17.679399,-0.154286,-0.154292,0.005212,17.680746,1
114,11.400600,11.400600,15,15,12.044300,-0.105109,0.105113,0.312480,12.045218,1
114,11.400600,11.400600,16,16,12.003600,-0.104754,0.314338,0.318072,12.008172,1
114,11.400600,11.400600,17,17,12.112500,-0.105705,0.528865,0.300234,12.124501,1
114,11.400600,11.400600,18,18,5.642550,0.049242,-0.246368,0.016316,5.648141,1
114,11.400600,11.400600,19,19,8.556790,0.074674,-0.224076,0.010766,8.560049,1
114,11.400600,11.400600,20,20,17.679399,0.154286,-0.154292,0.005212,17.680746,1
114,11.400600,11.400600,21,21,12.042500,0.105093,0.105097,0.312480,12.043417,1
114,11.400600,11.400600,22,22,12.002100,0.104741,0.314299,0.318068,12.006671,1
114,11.400600,11.400600,23,23,12.114500,0.105721,0.528949,0.292826,12.126502,1
114,11.400600,11.400600,24,24,5.641080,0.147717,-0.246379,0.016316,5.648390,1
114,11.400600,11.400600,25,25,8.554770,0.224015,-0.224091,0.010765,8.560637,1
114,11.400600,11.400600,26,26,17.676500,0.462877,-0.154314,0.005212,17.683233,1
114,11.400600,11.400600,27,27,12.048800,0.315510,0.105185,0.312219,12.053390,1
114,11.400600,11.400600,28,28,12.008100,0.314443,0.314551,0.317816,12.016334,1
114,11.400600,11.400600,29,29,12.113000,0.317189,0.529045,0.292772,12.128696,1
114,11.400600,11.400600,30,30,5.638160,0.246167,-0.246402,0.016314,5.648908,1
114,11.400600,11.400600,31,31,8.550730,0.373333,-0.224122,0.010764,8.561810,1
114,11.400600,11.400600,32,32,15.013500,0.655505,-0.131146,0.016096,15.028376,1
114,11.400600,11.400600,33,33,12.091100,0.527908,0.105618,0.303783,12.103079,1
114,11.400600,11.400600,34,34,12.057500,0.526442,0.316038,0.300963,12.073124,1
114,11.400600,11.400600,35,35,12.150100,0.530483,0.530988,0.306164,12.173262,1
115,11.509900,11.509900,0,0,5.603500,-0.244654,-0.244887,0.016350,5.614182,1
115,11.509900,11.509900,1,1,8.488670,-0.370624,-0.222496,0.010799,8.499670,1
115,11.509900,11.509900,2,2,14.256800,-0.622467,-0.124536,0.202710,14.270926,1
115,11.509900,11.509900,3,3,11.370900,-0.496464,0.099327,0.303779,11.382166,1
115,11.509900,11.509900,4,4,11.336000,-0.494942,0.297128,0.264606,11.350690,1
115,11.509900,11.509900,5,5,11.423100,-0.498744,0.499219,0.309208,11.444877,1
115,11.509900,11.509900,6,6,5.606400,-0.146809,-0.244865,0.016351,5.613665,1
115,11.509900,11.509900,7,7,8.492650,-0.222388,-0.222464,0.010801,8.498473,1
115,11.509900,11.509900,8,8,17.487101,-0.457915,-0.152660,0.005247,17.493761,1
115,11.509900,11.509900,9,9,11.323500,-0.296516,0.098852,0.312213,11.327812,1
115,11.509900,11.509900,10,10,11.282900,-0.295453,0.295554,0.275905,11.290636,1
115,11.509900,11.509900,11,11,11.388100,-0.298207,0.497384,0.310349,11.402856,1
115,11.509900,11.509900,12,12,5.607850,-0.048939,-0.244853,0.016352,5.613407,1
115,11.509900,11.509900,13,13,8.494660,-0.074132,-0.222449,0.010801,8.497896,1
115,11.509900,11.509900,14,14,17.489901,-0.152632,-0.152638,0.005248,17.491232,1
115,11.509900,11.509900,15,15,11.317500,-0.098766,0.098770,0.312473,11.318362,1
115,11.509900,11.509900,16,16,11.277200,-0.098415,0.295316,0.289038,11.281495,1
115,11.509900,11.509900,17,17,11.373400,-0.099254,0.496591,0.301451,11.384668,1
115,11.509900,11.509900,18,18,5.607850,0.048939,-0.244853,0.016352,5.613407,1
115,11.509900,11.509900,19,19,8.494660,0.074132,-0.222449,0.010801,8.497896,1
115,11.509900,11.509900,20,20,17.489901,0.152632,-0.152638,0.005248,17.491232,1
115,11.509900,11.509900,21,21,11.315700,0.098751,0.098754,0.312473,11.316562,1
115,11.509900,11.509900,22,22,11.275700,0.098402,0.295277,0.289038,11.279994,1
115,11.509900,11.509900,23,23,11.370400,0.099228,0.496460,0.301451,11.381666,1
115,11.509900,11.509900,24,24,5.606400,0.146809,-0.244865,0.016351,5.613665,1
115,11.509900,11.509900,25,25,8.492650,0.222388,-0.222464,0.010801,8.498473,1
115,11.509900,11.509900,26,26,17.487101,0.457915,-0.152660,0.005247,17.493761,1
115,11.509900,11.509900,27,27,11.321700,0.296469,0.098837,0.312212,11.326012,1
115,11.509900,11.509900,28,28,11.281300,0.295412,0.295513,0.288806,11.289035,1
115,11.509900,11.509900,29,29,11.381900,0.298046,0.497116,0.301053,11.396649,1
115,11.509900,11.509900,30,30,5.603500,0.244654,-0.244887,0.016350,5.614182,1
115,11.509900,11.509900,31,31,8.488670,0.370624,-0.222496,0.010799,8.499670,1
115,11.509900,11.509900,32,32,17.481400,0.763255,-0.152703,0.005246,17.498720,1
115,11.509900,11.509900,33,33,11.356700,0.495844,0.099203,0.303778,11.367952,1
115,11.509900,11.509900,34,34,11.320800,0.494278,0.296729,0.264605,11.335469,1
115,11.509900,11.509900,35,35,11.413900,0.498343,0.498818,0.309208,11.435658,1
116,11.600600,11.600600,0,0,5.597530,-0.244393,-0.244626,0.016379,5.608200,1
116,11.600600,11.600600,1,1,8.471720,-0.369883,-0.222051,0.010829,8.482697,1
116,11.600600,11.600600,2,2,13.777300,-0.601529,-0.120347,0.202688,13.790950,1
116,11.600600,11.600600,3,3,10.894400,-0.475662,0.095165,0.303775,10.905194,1
116,11.600600,11.600600,4,4,10.864000,-0.474332,0.284755,0.268452,10.878078,1
116,11.600600,11.600600,5,5,10.946700,-0.477942,0.478398,0.309212,10.967567,1
116,11.600600,11.600600,6,6,5.600410,-0.146652,-0.244603,0.016381,5.607667,1
116,11.600600,11.600600,7,7,8.475710,-0.221944,-0.222020,0.010830,8.481522,1
116,11.600600,11.600600,8,8,17.401699,-0.455680,-0.151914,0.005277,17.408327,1
116,11.600600,11.600600,9,9,10.851700,-0.284161,0.094734,0.312207,10.855833,1
116,11.600600,11.600600,10,10,10.816400,-0.283238,0.283335,0.275891,10.823816,1
116,11.600600,11.600600,11,11,10.908600,-0.285651,0.476442,0.289905,10.922735,1
116,11.600600,11.600600,12,12,5.601860,-0.048887,-0.244592,0.016382,5.607410,1
116,11.600600,11.600600,13,13,8.477690,-0.073984,-0.222005,0.010831,8.480919,1
116,11.600600,11.600600,14,14,17.404499,-0.151887,-0.151893,0.005277,17.405825,1
116,11.600600,11.600600,15,15,10.845900,-0.094651,0.094655,0.312468,10.846725,1
116,11.600600,11.600600,16,16,10.810000,-0.094338,0.283081,0.289025,10.814117,1
116,11.600600,11.600600,17,17,10.896300,-0.095091,0.475762,0.301460,10.907097,1
116,11.600600,11.600600,18,18,5.601860,0.048887,-0.244592,0.016382,5.607410,1
116,11.600600,11.600600,19,19,8.477690,0.073984,-0.222005,0.010831,8.480919,1
116,11.600600,11.600600,20,20,17.404499,0.151887,-0.151893,0.005277,17.405825,1
116,11.600600,11.600600,21,21,10.844100,0.094635,0.094639,0.312467,10.844926,1
116,11.600600,11.600600,22,22,10.808500,0.094325,0.283042,0.289025,10.812617,1
116,11.600600,11.600600,23,23,10.893200,0.095063,0.475623,0.299376,10.903993,1
116,11.600600,11.600600,24,24,5.600410,0.146652,-0.244603,0.016381,5.607667,1
116,11.600600,11.600600,25,25,8.475710,0.221944,-0.222020,0.010830,8.481522,1
116,11.600600,11.600600,26,26,17.401699,0.455680,-0.151914,0.005277,17.408327,1
116,11.600600,11.600600,27,27,10.849900,0.284114,0.094718,0.312207,10.854033,1
116,11.600600,11.600600,28,28,10.814600,0.283190,0.283287,0.275890,10.822016,1
116,11.600600,11.600600,29,29,10.904400,0.285541,0.476259,0.301062,10.918530,1
116,11.600600,11.600600,30,30,5.597530,0.244393,-0.244626,0.016379,5.608200,1
116,11.600600,11.600600,31,31,8.471720,0.369883,-0.222051,0.010829,8.482697,1
116,11.600600,11.600600,32,32,17.396099,0.759531,-0.151958,0.005275,17.413336,1
116,11.600600,11.600600,33,33,10.880200,0.475042,0.095041,0.303775,10.890981,1
116,11.600600,11.600600,34,34,10.848800,0.473671,0.284358,0.264591,10.862858,1
116,11.600600,11.600600,35,35,10.937500,0.477542,0.477997,0.309211,10.958349,1
117,11.700100,11.700100,0,0,5.585420,-0.243864,-0.244097,0.016409,5.596067,1
117,11.700100,11.700100,1,1,8.445480,-0.368737,-0.221363,0.010859,8.456424,1
117,11.700100,11.700100,2,2,17.291800,-0.754974,-0.151047,0.005305,17.308931,1
117,11.700100,11.700100,3,3,10.352500,-0.452002,0.090431,0.303771,10.362758,1
117,11.700100,11.700100,4,4,10.326900,-0.450882,0.270677,0.268438,10.340281,1
117,11.700100,11.700100,5,5,10.404800,-0.454282,0.454715,0.309215,10.424635,1
117,11.700100,11.700100,6,6,5.588300,-0.146335,-0.244074,0.016411,5.595541,1
117,11.700100,11.700100,7,7,8.449410,-0.221256,-0.221331,0.010860,8.455205,1
117,11.700100,11.700100,8,8,17.297300,-0.452945,-0.151003,0.005307,17.303888,1
117,11.700100,11.700100,9,9,10.315100,-0.270109,0.090049,0.312201,10.319029,1
117,11.700100,11.700100,10,10,10.291500,-0.269491,0.269584,0.317503,10.298556,1
117,11.700100,11.700100,11,11,10.364200,-0.271396,0.452666,0.301072,10.377629,1
117,11.700100,11.700100,12,12,5.589730,-0.048781,-0.244062,0.016412,5.595268,1
117,11.700100,11.700100,13,13,8.451400,-0.073754,-0.221316,0.010861,8.454618,1
117,11.700100,11.700100,14,14,17.299999,-0.150975,-0.150981,0.005308,17.301317,1
117,11.700100,11.700100,15,15,10.309600,-0.089970,0.089974,0.312462,10.310385,1
117,11.700100,11.700100,16,16,10.284300,-0.089749,0.269313,0.317891,10.288218,1
117,11.700100,11.700100,17,17,10.353300,-0.090351,0.452050,0.299386,10.363558,1
117,11.700100,11.700100,18,18,5.589730,0.048781,-0.244062,0.016412,5.595268,1
117,11.700100,11.700100,19,19,8.451400,0.073754,-0.221316,0.010861,8.454618,1
117,11.700100,11.700100,20,20,17.299999,0.150975,-0.150981,0.005308,17.301317,1
117,11.700100,11.700100,21,21,10.307800,0.089955,0.089958,0.312462,10.308585,1
117,11.700100,11.700100,22,22,10.282900,0.089737,0.269277,0.317890,10.286817,1
117,11.700100,11.700100,23,23,10.350000,0.090323,0.451910,0.299386,10.360255,1
117,11.700100,11.700100,24,24,5.588300,0.146335,-0.244074,0.016411,5.595541,1
117,11.700100,11.700100,25,25,8.449410,0.221256,-0.221331,0.010860,8.455205,1
117,11.700100,11.700100,26,26,17.297300,0.452945,-0.151003,0.005307,17.303888,1
117,11.700100,11.700100,27,27,10.313300,0.270062,0.090033,0.312201,10.317228,1
117,11.700100,11.700100,28,28,10.288900,0.269423,0.269516,0.317503,10.295956,1
117,11.700100,11.700100,29,29,10.361200,0.271317,0.452534,0.301072,10.374626,1
117,11.700100,11.700100,30,30,5.585420,0.243864,-0.244097,0.016409,5.596067,1
117,11.700100,11.700100,31,31,8.445480,0.368737,-0.221363,0.010859,8.456424,1
117,11.700100,11.700100,32,32,17.291800,0.754974,-0.151047,0.005305,17.308931,1
117,11.700100,11.700100,33,33,10.338300,0.451382,0.090307,0.303771,10.348543,1
117,11.700100,11.700100,34,34,10.317900,0.450490,0.270442,0.303689,10.331269,1
117,11.700100,11.700100,35,35,10.392900,0.453763,0.454195,0.288536,10.412712,1
118,11.800500,11.800500,0,0,5.573670,-0.243352,-0.243584,0.016438,5.584295,1
118,11.800500,11.800500,1,1,8.420320,-0.367639,-0.220704,0.010887,8.431231,1
118,11.800500,11.800500,2,2,17.193501,-0.750686,-0.150189,0.005333,17.210535,1
118,11.800500,11.800500,3,3,9.822290,-0.428851,0.085800,0.303768,9.832023,1
118,11.800500,11.800500,4,4,9.802840,-0.428001,0.256941,0.301808,9.815543,1
118,11.800500,11.800500,5,5,9.869540,-0.430914,0.431324,0.068655,9.888354,1
118,11.800500,11.800500,6,6,5.576540,-0.146027,-0.243561,0.016439,5.583766,1
118,11.800500,11.800500,7,7,8.424240,-0.220597,-0.220672,0.010889,8.430017,1
118,11.800500,11.800500,8,8,17.198999,-0.450371,-0.150145,0.005335,17.205549,1
118,11.800500,11.800500,9,9,9.789980,-0.256360,0.085465,0.312196,9.793709,1
118,11.800500,11.800500,10,10,9.766050,-0.255733,0.255821,0.317503,9.772747,1
118,11.800500,11.800500,11,11,9.821080,-0.257174,0.428944,0.077046,9.833806,1
118,11.800500,11.800500,12,12,5.577990,-0.048678,-0.243549,0.016440,5.583517,1
118,11.800500,11.800500,13,13,8.426210,-0.073534,-0.220657,0.010890,8.429420,1
118,11.800500,11.800500,14,14,17.201700,-0.150117,-0.150123,0.005336,17.203011,1
118,11.800500,11.800500,15,15,9.784800,-0.085391,0.085394,0.312457,9.785545,1
118,11.800500,11.800500,16,16,9.759910,-0.085173,0.255582,0.317889,9.763627,1
118,11.800500,11.800500,17,17,9.811130,-0.085621,0.428380,0.167441,9.820850,1
118,11.800500,11.800500,18,18,5.577990,0.048678,-0.243549,0.016440,5.583517,1
118,11.800500,11.800500,19,19,8.426210,0.073534,-0.220657,0.010890,8.429420,1
118,11.800500,11.800500,20,20,17.201700,0.150117,-0.150123,0.005336,17.203011,1
118,11.800500,11.800500,21,21,9.783000,0.085375,0.085378,0.312457,9.783745,1
118,11.800500,11.800500,22,22,9.758500,0.085161,0.255545,0.317889,9.762217,1
118,11.800500,11.800500,23,23,9.807850,0.085592,0.428236,0.167441,9.817567,1
118,11.800500,11.800500,24,24,5.576540,0.146027,-0.243561,0.016439,5.583766,1
118,11.800500,11.800500,25,25,8.424240,0.220597,-0.220672,0.010889,8.430017,1
118,11.800500,11.800500,26,26,17.198999,0.450372,-0.150145,0.005335,17.205549,1
118,11.800500,11.800500,27,27,9.788190,0.256313,0.085450,0.312196,9.791918,1
118,11.800500,11.800500,28,28,9.763450,0.255665,0.255753,0.317503,9.770144,1
118,11.800500,11.800500,29,29,9.817570,0.257082,0.428791,0.167225,9.830292,1
118,11.800500,11.800500,30,30,5.573670,0.243352,-0.243584,0.016438,5.584295,1
118,11.800500,11.800500,31,31,8.420320,0.367639,-0.220704,0.010887,8.431231,1
118,11.800500,11.800500,32,32,17.193501,0.750686,-0.150189,0.005333,17.210535,1
118,11.800500,11.800500,33,33,9.808090,0.428231,0.085675,0.303767,9.817808,1
118,11.800500,11.800500,34,34,9.786880,0.427304,0.256523,0.303689,9.799562,1
118,11.800500,11.800500,35,35,9.851020,0.430105,0.430515,0.068655,9.869799,1
119,11.900100,11.900100,0,0,5.563240,-0.242897,-0.243128,0.016463,5.573845,1
119,11.900100,11.900100,1,1,8.397840,-0.366657,-0.220114,0.010913,8.408722,1
119,11.900100,11.900100,2,2,17.105499,-0.746843,-0.149420,0.005359,17.122448,1
119,11.900100,11.900100,3,3,9.320910,-0.406960,0.081420,0.304101,9.330146,1
119,11.900100,11.900100,4,4,9.300680,-0.406077,0.243779,0.303691,9.312733,1
119,11.900100,11.900100,5,5,9.327450,-0.407245,0.407633,0.280556,9.345231,1
119,11.900100,11.900100,6,6,5.566100,-0.145753,-0.243104,0.016465,5.573313,1
119,11.900100,11.900100,7,7,8.401740,-0.220007,-0.220083,0.010914,8.407501,1
119,11.900100,11.900100,8,8,17.110901,-0.448065,-0.149376,0.005361,17.117418,1
119,11.900100,11.900100,9,9,9.293480,-0.243358,0.081131,0.313161,9.297019,1
119,11.900100,11.900100,10,10,9.269270,-0.242724,0.242808,0.317504,9.275625,1
119,11.900100,11.900100,11,11,9.295570,-0.243413,0.405992,0.279516,9.307616,1
119,11.900100,11.900100,12,12,5.567530,-0.048587,-0.243093,0.016466,5.573047,1
119,11.900100,11.900100,13,13,8.403690,-0.073338,-0.220067,0.010915,8.406891,1
119,11.900100,11.900100,14,14,17.113600,-0.149348,-0.149354,0.005362,17.114904,1
119,11.900100,11.900100,15,15,9.288550,-0.081060,0.081063,0.313423,9.289258,1
119,11.900100,11.900100,16,16,9.264090,-0.080847,0.242598,0.317888,9.267618,1
119,11.900100,11.900100,17,17,9.289040,-0.081064,0.405584,0.279797,9.298243,1
119,11.900100,11.900100,18,18,5.567530,0.048587,-0.243093,0.016466,5.573047,1
119,11.900100,11.900100,19,19,8.403690,0.073338,-0.220067,0.010915,8.406891,1
119,11.900100,11.900100,20,20,17.113600,0.149348,-0.149354,0.005362,17.114904,1
119,11.900100,11.900100,21,21,9.286760,0.081044,0.081047,0.313423,9.287468,1
119,11.900100,11.900100,22,22,9.262680,0.080834,0.242561,0.317888,9.266208,1
119,11.900100,11.900100,23,23,9.286630,0.081043,0.405479,0.277315,9.295831,1
119,11.900100,11.900100,24,24,5.566100,0.145753,-0.243104,0.016465,5.573313,1
119,11.900100,11.900100,25,25,8.401740,0.220007,-0.220083,0.010914,8.407501,1
119,11.900100,11.900100,26,26,17.110901,0.448065,-0.149376,0.005361,17.117418,1
119,11.900100,11.900100,27,27,9.291670,0.243311,0.081115,0.313161,9.295209,1
119,11.900100,11.900100,28,28,9.266670,0.242656,0.242739,0.317504,9.273025,1
119,11.900100,11.900100,29,29,9.293200,0.243351,0.405889,0.279515,9.305242,1
119,11.900100,11.900100,30,30,5.563240,0.242896,-0.243128,0.016463,5.573845,1
119,11.900100,11.900100,31,31,8.397840,0.366657,-0.220114,0.010913,8.408722,1
119,11.900100,11.900100,32,32,17.105499,0.746843,-0.149420,0.005359,17.122448,1
119,11.900100,11.900100,33,33,9.306750,0.406341,0.081296,0.301047,9.315971,1
119,11.900100,11.900100,34,34,9.284770,0.405382,0.243362,0.303690,9.296802,1
119,11.900100,11.900100,35,35,9.311610,0.406554,0.406941,0.280555,9.329361,1
120,12.000400,12.000400,0,0,5.552980,-0.242449,-0.242680,0.016487,5.563565,1
120,12.000400,12.000400,1,1,8.376150,-0.365710,-0.219546,0.010937,8.387004,1
120,12.000400,12.000400,2,2,17.022499,-0.743220,-0.148695,0.005383,17.039366,1
120,12.000400,12.000400,3,3,8.830400,-0.385544,0.077135,0.304099,8.839149,1
120,12.000400,12.000400,4,4,8.809480,-0.384630,0.230904,0.303691,8.820895,1
120,12.000400,12.000400,5,5,8.821020,-0.385134,0.385501,0.297946,8.837835,1
120,12.000400,12.000400,6,6,5.555840,-0.145485,-0.242657,0.016489,5.563039,1
120,12.000400,12.000400,7,7,8.380040,-0.219439,-0.219514,0.010939,8.385787,1
120,12.000400,12.000400,8,8,17.027901,-0.445891,-0.148651,0.005385,17.034386,1
120,12.000400,12.000400,9,9,8.807720,-0.230638,0.076890,0.313157,8.811075,1
120,12.000400,12.000400,10,10,8.783270,-0.229998,0.230077,0.317504,8.789292,1
120,12.000400,12.000400,11,11,8.793620,-0.230269,0.384070,0.310284,8.805015,1
120,12.000400,12.000400,12,12,5.557260,-0.048498,-0.242645,0.016490,5.562766,1
120,12.000400,12.000400,13,13,8.381980,-0.073148,-0.219498,0.010939,8.385173,1
120,12.000400,12.000400,14,14,17.030600,-0.148624,-0.148629,0.005386,17.031897,1
120,12.000400,12.000400,15,15,8.803050,-0.076823,0.076826,0.313419,8.803720,1
120,12.000400,12.000400,16,16,8.779050,-0.076614,0.229896,0.317887,8.782393,1
120,12.000400,12.000400,17,17,8.787800,-0.076690,0.383698,0.310585,8.796507,1
120,12.000400,12.000400,18,18,5.557260,0.048498,-0.242645,0.016490,5.562766,1
120,12.000400,12.000400,19,19,8.381980,0.073148,-0.219498,0.010939,8.385173,1
120,12.000400,12.000400,20,20,17.030600,0.148624,-0.148629,0.005386,17.031897,1
120,12.000400,12.000400,21,21,8.801250,0.076807,0.076810,0.313419,8.801921,1
120,12.000400,12.000400,22,22,8.777640,0.076601,0.229859,0.317887,8.780983,1
120,12.000400,12.000400,23,23,8.785540,0.076670,0.383600,0.310585,8.794244,1
120,12.000400,12.000400,24,24,5.555840,0.145485,-0.242657,0.016489,5.563039,1
120,12.000400,12.000400,25,25,8.380040,0.219439,-0.219514,0.010939,8.385787,1
120,12.000400,12.000400,26,26,17.027901,0.445891,-0.148651,0.005385,17.034386,1
120,12.000400,12.000400,27,27,8.805920,0.230591,0.076875,0.313157,8.809274,1
120,12.000400,12.000400,28,28,8.781270,0.229946,0.230025,0.317659,8.787292,1
120,12.000400,12.000400,29,29,8.791380,0.230211,0.383972,0.310284,8.802772,1
120,12.000400,12.000400,30,30,5.552980,0.242449,-0.242680,0.016487,5.563565,1
120,12.000400,12.000400,31,31,8.376150,0.365710,-0.219546,0.010937,8.387004,1
120,12.000400,12.000400,32,32,17.022499,0.743220,-0.148695,0.005383,17.039366,1
120,12.000400,12.000400,33,33,8.816310,0.384929,0.077012,0.301043,8.825045,1
120,12.000400,12.000400,34,34,8.793550,0.383935,0.230487,0.303690,8.804944,1
120,12.000400,12.000400,35,35,8.804570,0.384416,0.384782,0.297946,8.821354,1
121,12.100300,12.100300,0,0,5.545140,-0.242106,-0.242336,0.016509,5.555710,1
121,12.100300,12.100300,1,1,8.358650,-0.364946,-0.219087,0.010959,8.369481,1
121,12.100300,12.100300,2,2,16.952000,-0.740139,-0.148079,0.005405,16.968796,1
121,12.100300,12.100300,3,3,8.371070,-0.365489,0.073123,0.304096,8.379364,1
121,12.100300,12.100300,4,4,8.349510,-0.364548,0.218848,0.303691,8.360330,1
121,12.100300,12.100300,5,5,8.358190,-0.364926,0.365274,0.295912,8.374123,1
121,12.100300,12.100300,6,6,5.547970,-0.145279,-0.242313,0.016511,5.555159,1
121,12.100300,12.100300,7,7,8.362530,-0.218980,-0.219055,0.010960,8.368264,1
121,12.100300,12.100300,8,8,16.957300,-0.444042,-0.148035,0.005407,16.963758,1
121,12.100300,12.100300,9,9,8.352840,-0.218727,0.072919,0.313154,8.356022,1
121,12.100300,12.100300,10,10,8.328290,-0.218084,0.218159,0.317658,8.334001,1
121,12.100300,12.100300,11,11,8.335540,-0.218274,0.364062,0.310289,8.346341,1
121,12.100300,12.100300,12,12,5.549390,-0.048429,-0.242301,0.016512,5.554888,1
121,12.100300,12.100300,13,13,8.364470,-0.072996,-0.219040,0.010961,8.367655,1
121,12.100300,12.100300,14,14,16.959900,-0.148007,-0.148013,0.005408,16.961191,1
121,12.100300,12.100300,15,15,8.348410,-0.072855,0.072858,0.313415,8.349046,1
121,12.100300,12.100300,16,16,8.324840,-0.072650,0.218002,0.317887,8.328011,1
121,12.100300,12.100300,17,17,8.329910,-0.072694,0.363706,0.308307,8.338163,1
121,12.100300,12.100300,18,18,5.549390,0.048429,-0.242301,0.016512,5.554888,1
121,12.100300,12.100300,19,19,8.364470,0.072996,-0.219040,0.010961,8.367655,1
121,12.100300,12.100300,20,20,16.959900,0.148007,-0.148013,0.005408,16.961191,1
121,12.100300,12.100300,21,21,8.346610,0.072840,0.072843,0.313415,8.347245,1
121,12.100300,12.100300,22,22,8.323440,0.072638,0.217965,0.317887,8.326611,1
121,12.100300,12.100300,23,23,8.327240,0.072671,0.363589,0.308307,8.335490,1
121,12.100300,12.100300,24,24,5.547970,0.145279,-0.242313,0.016511,5.555159,1
121,12.100300,12.100300,25,25,8.362530,0.218980,-0.219055,0.010960,8.368264,1
121,12.100300,12.100300,26,26,16.957300,0.444042,-0.148035,0.005407,16.963758,1
121,12.100300,12.100300,27,27,8.351040,0.218680,0.072903,0.313153,8.354221,1
121,12.100300,12.100300,28,28,8.326890,0.218047,0.218122,0.317658,8.332600,1
121,12.100300,12.100300,29,29,8.333300,0.218215,0.363964,0.310289,8.344098,1
121,12.100300,12.100300,30,30,5.545140,0.242106,-0.242336,0.016509,5.555710,1
121,12.100300,12.100300,31,31,8.358650,0.364947,-0.219087,0.010959,8.369481,1
121,12.100300,12.100300,32,32,16.952000,0.740139,-0.148079,0.005405,16.968796,1
121,12.100300,12.100300,33,33,8.357030,0.364876,0.073000,0.301039,8.365310,1
121,12.100300,12.100300,34,34,8.333600,0.363853,0.218431,0.303691,8.344398,1
121,12.100300,12.100300,35,35,8.341270,0.364188,0.364535,0.295912,8.357171,1
122,12.209800,12.209800,0,0,5.537430,-0.241769,-0.241999,0.016531,5.547986,1
122,12.209800,12.209800,1,1,8.341490,-0.364197,-0.218638,0.010980,8.352299,1
122,12.209800,12.209800,2,2,16.883101,-0.737130,-0.147477,0.005427,16.899830,1
122,12.209800,12.209800,3,3,7.891760,-0.344562,0.068936,0.304093,7.899579,1
122,12.209800,12.209800,4,4,7.869580,-0.343593,0.206268,0.303692,7.879777,1
122,12.209800,12.209800,5,5,7.874790,-0.343821,0.344148,0.295917,7.889802,1
122,12.209800,12.209800,6,6,5.540250,-0.145076,-0.241975,0.016532,5.547429,1
122,12.209800,12.209800,7,7,8.345350,-0.218531,-0.218606,0.010982,8.351073,1
122,12.209800,12.209800,8,8,16.888300,-0.442236,-0.147433,0.005428,16.894732,1
122,12.209800,12.209800,9,9,7.878170,-0.206297,0.068775,0.313150,7.881171,1
122,12.209800,12.209800,10,10,7.854150,-0.205668,0.205739,0.317657,7.859535,1
122,12.209800,12.209800,11,11,7.857570,-0.205758,0.343187,0.310293,7.867752,1
122,12.209800,12.209800,12,12,5.541670,-0.048361,-0.241964,0.016533,5.547161,1
122,12.209800,12.209800,13,13,8.347300,-0.072846,-0.218590,0.010983,8.350479,1
122,12.209800,12.209800,14,14,16.891001,-0.147405,-0.147411,0.005429,16.892286,1
122,12.209800,12.209800,15,15,7.873990,-0.068715,0.068718,0.313411,7.874590,1
122,12.209800,12.209800,16,16,7.850900,-0.068514,0.205591,0.317886,7.853890,1
122,12.209800,12.209800,17,17,7.851680,-0.068521,0.342825,0.308312,7.859459,1
122,12.209800,12.209800,18,18,5.541670,0.048361,-0.241964,0.016533,5.547161,1
122,12.209800,12.209800,19,19,8.347300,0.072846,-0.218590,0.010983,8.350479,1
122,12.209800,12.209800,20,20,16.891001,0.147405,-0.147411,0.005429,16.892286,1
122,12.209800,12.209800,21,21,7.872200,0.068700,0.068702,0.313411,7.872799,1
122,12.209800,12.209800,22,22,7.849500,0.068502,0.205554,0.317886,7.852490,1
122,12.209800,12.209800,23,23,7.849010,0.068497,0.342708,0.308312,7.856787,1
122,12.209800,12.209800,24,24,5.540250,0.145077,-0.241975,0.016532,5.547429,1
122,12.209800,12.209800,25,25,8.345350,0.218531,-0.218606,0.010982,8.351073,1
122,12.209800,12.209800,26,26,16.888300,0.442236,-0.147433,0.005428,16.894732,1
122,12.209800,12.209800,27,27,7.876370,0.206250,0.068760,0.313150,7.879370,1
122,12.209800,12.209800,28,28,7.852750,0.205632,0.205702,0.317657,7.858135,1
122,12.209800,12.209800,29,29,7.855220,0.205696,0.343084,0.307975,7.865399,1
122,12.209800,12.209800,30,30,5.537430,0.241769,-0.241999,0.016531,5.547986,1
122,12.209800,12.209800,31,31,8.341490,0.364197,-0.218638,0.010980,8.352299,1
122,12.209800,12.209800,32,32,16.883101,0.737130,-0.147477,0.005427,16.899830,1
122,12.209800,12.209800,33,33,7.880560,0.344073,0.068838,0.311762,7.888368,1
122,12.209800,12.209800,34,34,7.856780,0.343034,0.205933,0.317066,7.866961,1
122,12.209800,12.209800,35,35,7.860570,0.343200,0.343527,0.309897,7.875555,1
123,12.300300,12.300300,0,0,5.531340,-0.241504,-0.241734,0.016547,5.541884,1
123,12.300300,12.300300,1,1,8.328290,-0.363621,-0.218292,0.010996,8.339082,1
123,12.300300,12.300300,2,2,16.831301,-0.734873,-0.147025,0.005443,16.847977,1
123,12.300300,12.300300,3,3,7.512220,-0.327991,0.065621,0.304092,7.519663,1
123,12.300300,12.300300,4,4,7.489530,-0.327000,0.196307,0.303692,7.499235,1
123,12.300300,12.300300,5,5,7.472530,-0.326258,0.326568,0.252598,7.486775,1
123,12.300300,12.300300,6,6,5.534170,-0.144917,-0.241710,0.016548,5.541341,1
123,12.300300,12.300300,7,7,8.332130,-0.218184,-0.218259,0.010998,8.337844,1
123,12.300300,12.300300,8,8,16.836599,-0.440881,-0.146981,0.005444,16.843012,1
123,12.300300,12.300300,9,9,7.502300,-0.196455,0.065494,0.313147,7.505157,1
123,12.300300,12.300300,10,10,7.478720,-0.195837,0.195904,0.317657,7.483849,1
123,12.300300,12.300300,11,11,7.464630,-0.195468,0.326025,0.264444,7.474303,1
123,12.300300,12.300300,12,12,5.535590,-0.048308,-0.241698,0.016549,5.541075,1
123,12.300300,12.300300,13,13,8.334060,-0.072730,-0.218243,0.010999,8.337234,1
123,12.300300,12.300300,14,14,16.839199,-0.146953,-0.146959,0.005445,16.840483,1
123,12.300300,12.300300,15,15,7.498320,-0.065437,0.065439,0.313409,7.498891,1
123,12.300300,12.300300,16,16,7.475620,-0.065239,0.195764,0.317885,7.478467,1
123,12.300300,12.300300,17,17,7.460230,-0.065104,0.325733,0.279367,7.467621,1
123,12.300300,12.300300,18,18,5.535590,0.048308,-0.241698,0.016549,5.541075,1
123,12.300300,12.300300,19,19,8.334060,0.072730,-0.218243,0.010999,8.337234,1
123,12.300300,12.300300,20,20,16.839199,0.146953,-0.146959,0.005445,16.840483,1
123,12.300300,12.300300,21,21,7.496540,0.065421,0.065424,0.313408,7.497111,1
123,12.300300,12.300300,22,22,7.474220,0.065227,0.195727,0.317885,7.477067,1
123,12.300300,12.300300,23,23,7.458330,0.065088,0.325650,0.279367,7.465720,1
123,12.300300,12.300300,24,24,5.534170,0.144917,-0.241710,0.016548,5.541341,1
123,12.300300,12.300300,25,25,8.332130,0.218185,-0.218259,0.010998,8.337844,1
123,12.300300,12.300300,26,26,16.836599,0.440882,-0.146981,0.005444,16.843012,1
123,12.300300,12.300300,27,27,7.500500,0.196408,0.065478,0.313147,7.503357,1
123,12.300300,12.300300,28,28,7.477310,0.195800,0.195868,0.317657,7.482438,1
123,12.300300,12.300300,29,29,7.463100,0.195428,0.325958,0.264444,7.472771,1
123,12.300300,12.300300,30,30,5.531340,0.241504,-0.241734,0.016547,5.541884,1
123,12.300300,12.300300,31,31,8.328290,0.363621,-0.218292,0.010996,8.339082,1
123,12.300300,12.300300,32,32,16.831301,0.734873,-0.147025,0.005443,16.847977,1
123,12.300300,12.300300,33,33,7.504490,0.327653,0.065553,0.312790,7.511925,1
123,12.300300,12.300300,34,34,7.480470,0.326605,0.196070,0.317067,7.490164,1
123,12.300300,12.300300,35,35,7.467070,0.326019,0.326330,0.264142,7.481305,1
124,12.410000,12.410000,0,0,5.527110,-0.241319,-0.241549,0.016561,5.537646,1
124,12.410000,12.410000,1,1,8.318220,-0.363181,-0.218028,0.011011,8.328999,1
124,12.410000,12.410000,2,2,16.788401,-0.732995,-0.146649,0.005457,16.805035,1
124,12.410000,12.410000,3,3,7.078970,-0.309075,0.061836,0.304090,7.085984,1
124,12.410000,12.410000,4,4,7.055750,-0.308060,0.184937,0.303692,7.064893,1
124,12.410000,12.410000,5,5,7.033000,-0.307067,0.307360,0.317365,7.046407,1
124,12.410000,12.410000,6,6,5.529930,-0.144807,-0.241525,0.016563,5.537096,1
124,12.410000,12.410000,7,7,8.322070,-0.217921,-0.217996,0.011013,8.327777,1
124,12.410000,12.410000,8,8,16.793600,-0.439754,-0.146605,0.005459,16.799995,1
124,12.410000,12.410000,9,9,7.073220,-0.185219,0.061748,0.313145,7.075914,1
124,12.410000,12.410000,10,10,7.050170,-0.184615,0.184678,0.317656,7.055005,1
124,12.410000,12.410000,11,11,7.029510,-0.184074,0.307021,0.317706,7.038619,1
124,12.410000,12.410000,12,12,5.531360,-0.048271,-0.241513,0.016564,5.536841,1
124,12.410000,12.410000,13,13,8.323970,-0.072642,-0.217979,0.011013,8.327141,1
124,12.410000,12.410000,14,14,16.796200,-0.146578,-0.146583,0.005460,16.797480,1
124,12.410000,12.410000,15,15,7.069480,-0.061694,0.061697,0.313406,7.070018,1
124,12.410000,12.410000,16,16,7.047250,-0.061500,0.184546,0.317884,7.049934,1
124,12.410000,12.410000,17,17,7.026050,-0.061315,0.306775,0.317960,7.033011,1
124,12.410000,12.410000,18,18,5.531360,0.048271,-0.241513,0.016564,5.536841,1
124,12.410000,12.410000,19,19,8.323970,0.072642,-0.217979,0.011013,8.327141,1
124,12.410000,12.410000,20,20,16.796200,0.146578,-0.146583,0.005460,16.797480,1
124,12.410000,12.410000,21,21,7.067680,0.061679,0.061681,0.313406,7.068218,1
124,12.410000,12.410000,22,22,7.045850,0.061488,0.184509,0.317884,7.048533,1
124,12.410000,12.410000,23,23,7.024570,0.061303,0.306711,0.317960,7.031530,1
124,12.410000,12.410000,24,24,5.529930,0.144806,-0.241525,0.016563,5.537096,1
124,12.410000,12.410000,25,25,8.322070,0.217921,-0.217996,0.011013,8.327777,1
124,12.410000,12.410000,26,26,16.793600,0.439755,-0.146605,0.005459,16.799995,1
124,12.410000,12.410000,27,27,7.071440,0.185172,0.061733,0.313145,7.074134,1
124,12.410000,12.410000,28,28,7.048760,0.184578,0.184642,0.317656,7.053593,1
124,12.410000,12.410000,29,29,7.028050,0.184036,0.306956,0.317706,7.037157,1
124,12.410000,12.410000,30,30,5.527110,0.241319,-0.241549,0.016561,5.537646,1
124,12.410000,12.410000,31,31,8.318220,0.363181,-0.218028,0.011011,8.328999,1
124,12.410000,12.410000,32,32,16.788401,0.732995,-0.146649,0.005457,16.805035,1
124,12.410000,12.410000,33,33,7.075170,0.308909,0.061803,0.312788,7.082180,1
124,12.410000,12.410000,34,34,7.051680,0.307883,0.184831,0.317331,7.060818,1
124,12.410000,12.410000,35,35,7.031520,0.307003,0.307295,0.317356,7.044924,1
125,12.500400,12.500400,0,0,5.526230,-0.241281,-0.241510,0.016567,5.536764,1
125,12.500400,12.500400,1,1,8.315530,-0.363064,-0.217957,0.011016,8.326305,1
125,12.500400,12.500400,2,2,16.774401,-0.732385,-0.146527,0.005463,16.791021,1
125,12.500400,12.500400,3,3,6.740640,-0.294303,0.058881,0.311755,6.747319,1
125,12.500400,12.500400,4,4,6.717220,-0.293280,0.176064,0.313822,6.725924,1
125,12.500400,12.500400,5,5,6.696790,-0.292388,0.292667,0.317365,6.709557,1
125,12.500400,12.500400,6,6,5.529050,-0.144783,-0.241487,0.016568,5.536214,1
125,12.500400,12.500400,7,7,8.319360,-0.217850,-0.217925,0.011018,8.325065,1
125,12.500400,12.500400,8,8,16.779600,-0.439388,-0.146483,0.005464,16.785992,1
125,12.500400,12.500400,9,9,6.737010,-0.176415,0.058813,0.313144,6.739576,1
125,12.500400,12.500400,10,10,6.714400,-0.175823,0.175883,0.314146,6.719004,1
125,12.500400,12.500400,11,11,6.693460,-0.175274,0.292343,0.317706,6.702133,1
125,12.500400,12.500400,12,12,5.530470,-0.048264,-0.241475,0.016569,5.535949,1
125,12.500400,12.500400,13,13,8.321280,-0.072619,-0.217909,0.011019,8.324449,1
125,12.500400,12.500400,14,14,16.782200,-0.146456,-0.146461,0.005465,16.783478,1
125,12.500400,12.500400,15,15,6.733440,-0.058762,0.058764,0.313405,6.733953,1
125,12.500400,12.500400,16,16,6.711590,-0.058571,0.175756,0.317884,6.714146,1
125,12.500400,12.500400,17,17,6.690150,-0.058384,0.292109,0.317960,6.696778,1
125,12.500400,12.500400,18,18,5.530470,0.048264,-0.241475,0.016569,5.535949,1
125,12.500400,12.500400,19,19,8.321280,0.072619,-0.217909,0.011019,8.324449,1
125,12.500400,12.500400,20,20,16.782200,0.146456,-0.146461,0.005465,16.783478,1
125,12.500400,12.500400,21,21,6.731640,0.058746,0.058748,0.313405,6.732153,1
125,12.500400,12.500400,22,22,6.710190,0.058559,0.175719,0.317884,6.712746,1
125,12.500400,12.500400,23,23,6.688680,0.058371,0.292045,0.317960,6.695307,1
125,12.500400,12.500400,24,24,5.529050,0.144783,-0.241487,0.016568,5.536214,1
125,12.500400,12.500400,25,25,8.319360,0.217850,-0.217925,0.011018,8.325065,1
125,12.500400,12.500400,26,26,16.779600,0.439389,-0.146483,0.005464,16.785992,1
125,12.500400,12.500400,27,27,6.735210,0.176368,0.058797,0.313144,6.737775,1
125,12.500400,12.500400,28,28,6.712960,0.175785,0.175846,0.314145,6.717563,1
125,12.500400,12.500400,29,29,6.691980,0.175236,0.292278,0.317706,6.700652,1
125,12.500400,12.500400,30,30,5.526230,0.241280,-0.241510,0.016567,5.536764,1
125,12.500400,12.500400,31,31,8.315530,0.363064,-0.217957,0.011016,8.326305,1
125,12.500400,12.500400,32,32,16.774401,0.732385,-0.146527,0.005463,16.791021,1
125,12.500400,12.500400,33,33,6.738780,0.294221,0.058865,0.312787,6.745457,1
125,12.500400,12.500400,34,34,6.715790,0.293218,0.176027,0.313822,6.724492,1
125,12.500400,12.500400,35,35,6.695300,0.292323,0.292602,0.317365,6.708063,1
126,12.600100,12.600100,0,0,5.530770,-0.241479,-0.241709,0.016563,5.541313,1
126,12.600100,12.600100,1,1,8.323320,-0.363404,-0.218161,0.011013,8.334105,1
126,12.600100,12.600100,2,2,16.796000,-0.733328,-0.146716,0.005459,16.812641,1
126,12.600100,12.600100,3,3,6.389710,-0.278981,0.055815,0.311756,6.396041,1
126,12.600100,12.600100,4,4,6.367530,-0.278013,0.166899,0.313823,6.375781,1
126,12.600100,12.600100,5,5,6.346160,-0.277079,0.277343,0.317365,6.358258,1
126,12.600100,12.600100,6,6,5.533620,-0.144903,-0.241686,0.016565,5.540791,1
126,12.600100,12.600100,7,7,8.327150,-0.218054,-0.218129,0.011014,8.332860,1
126,12.600100,12.600100,8,8,16.801201,-0.439954,-0.146672,0.005461,16.807602,1
126,12.600100,12.600100,9,9,6.386310,-0.167231,0.055752,0.313144,6.388742,1
126,12.600100,12.600100,10,10,6.364870,-0.166670,0.166727,0.314146,6.369235,1
126,12.600100,12.600100,11,11,6.343000,-0.166097,0.277036,0.317717,6.351219,1
126,12.600100,12.600100,12,12,5.535030,-0.048303,-0.241673,0.016565,5.540514,1
126,12.600100,12.600100,13,13,8.329070,-0.072687,-0.218113,0.011015,8.332243,1
126,12.600100,12.600100,14,14,16.803801,-0.146644,-0.146650,0.005461,16.805080,1
126,12.600100,12.600100,15,15,6.382920,-0.055703,0.055705,0.313406,6.383406,1
126,12.600100,12.600100,16,16,6.362200,-0.055522,0.166606,0.314374,6.364623,1
126,12.600100,12.600100,17,17,6.339860,-0.055327,0.276815,0.317960,6.346141,1
126,12.600100,12.600100,18,18,5.535030,0.048303,-0.241673,0.016565,5.540514,1
126,12.600100,12.600100,19,19,8.329070,0.072687,-0.218113,0.011015,8.332243,1
126,12.600100,12.600100,20,20,16.803801,0.146644,-0.146650,0.005461,16.805080,1
126,12.600100,12.600100,21,21,6.381120,0.055687,0.055689,0.313406,6.381606,1
126,12.600100,12.600100,22,22,6.360760,0.055510,0.166569,0.314374,6.363183,1
126,12.600100,12.600100,23,23,6.338380,0.055314,0.276750,0.317960,6.344660,1
126,12.600100,12.600100,24,24,5.533620,0.144903,-0.241686,0.016565,5.540791,1
126,12.600100,12.600100,25,25,8.327150,0.218054,-0.218129,0.011014,8.332860,1
126,12.600100,12.600100,26,26,16.801201,0.439954,-0.146672,0.005461,16.807602,1
126,12.600100,12.600100,27,27,6.384510,0.167184,0.055736,0.313144,6.386941,1
126,12.600100,12.600100,28,28,6.363450,0.166633,0.166690,0.314146,6.367814,1
126,12.600100,12.600100,29,29,6.341520,0.166058,0.276972,0.317717,6.349737,1
126,12.600100,12.600100,30,30,5.530770,0.241479,-0.241709,0.016563,5.541313,1
126,12.600100,12.600100,31,31,8.323320,0.363404,-0.218161,0.011013,8.334105,1
126,12.600100,12.600100,32,32,16.796000,0.733328,-0.146716,0.005459,16.812641,1
126,12.600100,12.600100,33,33,6.387900,0.278902,0.055799,0.312788,6.394229,1
126,12.600100,12.600100,34,34,6.366120,0.277950,0.166861,0.313823,6.374369,1
126,12.600100,12.600100,35,35,6.344680,0.277015,0.277279,0.317365,6.356775,1
127,12.700200,12.700200,0,0,5.540700,-0.241912,-0.242143,0.016547,5.551262,1
127,12.700200,12.700200,1,1,8.342330,-0.364234,-0.218660,0.010997,8.353140,1
127,12.700200,12.700200,2,2,16.859400,-0.736098,-0.147270,0.005443,16.876104,1
127,12.700200,12.700200,3,3,6.056900,-0.264450,0.052908,0.312791,6.062901,1
127,12.700200,12.700200,4,4,6.035890,-0.263533,0.158206,0.313826,6.043711,1
127,12.700200,12.700200,5,5,6.013670,-0.262563,0.262813,0.317365,6.025134,1
127,12.700200,12.700200,6,6,5.543530,-0.145162,-0.242119,0.016548,5.550714,1
127,12.700200,12.700200,7,7,8.346170,-0.218552,-0.218627,0.010998,8.351893,1
127,12.700200,12.700200,8,8,16.864700,-0.441616,-0.147226,0.005445,16.871124,1
127,12.700200,12.700200,9,9,6.053680,-0.158521,0.052848,0.313147,6.055985,1
127,12.700200,12.700200,10,10,6.033360,-0.157989,0.158043,0.314149,6.037497,1
127,12.700200,12.700200,11,11,6.010680,-0.157395,0.262522,0.317716,6.018469,1
127,12.700200,12.700200,12,12,5.544950,-0.048390,-0.242107,0.016549,5.550444,1
127,12.700200,12.700200,13,13,8.348110,-0.072853,-0.218611,0.010999,8.351290,1
127,12.700200,12.700200,14,14,16.867300,-0.147198,-0.147204,0.005445,16.868584,1
127,12.700200,12.700200,15,15,6.050480,-0.052802,0.052804,0.313409,6.050941,1
127,12.700200,12.700200,16,16,6.030830,-0.052630,0.157929,0.314377,6.033127,1
127,12.700200,12.700200,17,17,6.007690,-0.052428,0.262311,0.317971,6.013642,1
127,12.700200,12.700200,18,18,5.544950,0.048390,-0.242107,0.016549,5.550444,1
127,12.700200,12.700200,19,19,8.348110,0.072853,-0.218611,0.010999,8.351290,1
127,12.700200,12.700200,20,20,16.867300,0.147199,-0.147204,0.005445,16.868584,1
127,12.700200,12.700200,21,21,6.048690,0.052786,0.052788,0.313408,6.049150,1
127,12.700200,12.700200,22,22,6.029400,0.052618,0.157891,0.314376,6.031696,1
127,12.700200,12.700200,23,23,6.006200,0.052415,0.262246,0.317971,6.012151,1
127,12.700200,12.700200,24,24,5.543530,0.145162,-0.242119,0.016548,5.550714,1
127,12.700200,12.700200,25,25,8.346170,0.218552,-0.218627,0.010998,8.351893,1
127,12.700200,12.700200,26,26,16.864700,0.441616,-0.147226,0.005445,16.871124,1
127,12.700200,12.700200,27,27,6.051900,0.158474,0.052832,0.313147,6.054205,1
127,12.700200,12.700200,28,28,6.031940,0.157952,0.158006,0.314149,6.036076,1
127,12.700200,12.700200,29,29,6.009190,0.157356,0.262457,0.317716,6.016977,1
127,12.700200,12.700200,30,30,5.540700,0.241912,-0.242143,0.016547,5.551262,1
127,12.700200,12.700200,31,31,8.342330,0.364234,-0.218660,0.010997,8.353140,1
127,12.700200,12.700200,32,32,16.859400,0.736098,-0.147270,0.005443,16.876104,1
127,12.700200,12.700200,33,33,6.055100,0.264371,0.052892,0.312790,6.061099,1
127,12.700200,12.700200,34,34,6.034470,0.263471,0.158169,0.313825,6.042289,1
127,12.700200,12.700200,35,35,6.012190,0.262498,0.262748,0.317364,6.023651,1
128,12.809900,12.809900,0,0,5.560000,-0.242755,-0.242986,0.016513,5.570599,1
128,12.809900,12.809900,1,1,8.380110,-0.365884,-0.219650,0.010963,8.390969,1
128,12.809900,12.809900,2,2,16.989700,-0.741786,-0.148408,0.005409,17.006533,1
128,12.809900,12.809900,3,3,5.716350,-0.249581,0.049933,0.312796,5.722014,1
128,12.809900,12.809900,4,4,5.696530,-0.248716,0.149311,0.313831,5.703911,1
128,12.809900,12.809900,5,5,5.677640,-0.247891,0.248128,0.278202,5.688463,1
128,12.809900,12.809900,6,6,5.562840,-0.145668,-0.242962,0.016514,5.570048,1
128,12.809900,12.809900,7,7,8.384000,-0.219543,-0.219618,0.010964,8.389749,1
128,12.809900,12.809900,8,8,16.995001,-0.445030,-0.148364,0.005410,17.001474,1
128,12.809900,12.809900,9,9,5.713310,-0.149609,0.049876,0.313153,5.715486,1
128,12.809900,12.809900,10,10,5.694130,-0.149106,0.149157,0.314154,5.698034,1
128,12.809900,12.809900,11,11,5.674470,-0.148591,0.247838,0.291016,5.681823,1
128,12.809900,12.809900,12,12,5.564270,-0.048559,-0.242951,0.016515,5.569783,1
128,12.809900,12.809900,13,13,8.385940,-0.073183,-0.219602,0.010965,8.389133,1
128,12.809900,12.809900,14,14,16.997700,-0.148336,-0.148342,0.005411,16.998993,1
128,12.809900,12.809900,15,15,5.710290,-0.049833,0.049835,0.313414,5.710725,1
128,12.809900,12.809900,16,16,5.691740,-0.049671,0.149049,0.314382,5.693908,1
128,12.809900,12.809900,17,17,5.671700,-0.049496,0.247641,0.291248,5.677320,1
128,12.809900,12.809900,18,18,5.564270,0.048559,-0.242951,0.016515,5.569783,1
128,12.809900,12.809900,19,19,8.385940,0.073183,-0.219602,0.010965,8.389133,1
128,12.809900,12.809900,20,20,16.997700,0.148336,-0.148342,0.005411,16.998993,1
128,12.809900,12.809900,21,21,5.708490,0.049817,0.049819,0.313414,5.708925,1
128,12.809900,12.809900,22,22,5.690320,0.049659,0.149012,0.314382,5.692487,1
128,12.809900,12.809900,23,23,5.670200,0.049483,0.247576,0.291247,5.675818,1
128,12.809900,12.809900,24,24,5.562840,0.145668,-0.242962,0.016514,5.570048,1
128,12.809900,12.809900,25,25,8.384000,0.219543,-0.219618,0.010964,8.389749,1
128,12.809900,12.809900,26,26,16.995001,0.445030,-0.148364,0.005410,17.001474,1
128,12.809900,12.809900,27,27,5.711530,0.149561,0.049861,0.313153,5.713706,1
128,12.809900,12.809900,28,28,5.692720,0.149069,0.149120,0.314154,5.696623,1
128,12.809900,12.809900,29,29,5.672990,0.148552,0.247773,0.291016,5.680341,1
128,12.809900,12.809900,30,30,5.560000,0.242755,-0.242986,0.016513,5.570599,1
128,12.809900,12.809900,31,31,8.380110,0.365884,-0.219650,0.010963,8.390969,1
128,12.809900,12.809900,32,32,16.989700,0.741786,-0.148408,0.005409,17.006533,1
128,12.809900,12.809900,33,33,5.714550,0.249503,0.049918,0.312796,5.720212,1
128,12.809900,12.809900,34,34,5.695090,0.248653,0.149273,0.313831,5.702469,1
128,12.809900,12.809900,35,35,5.675800,0.247811,0.248047,0.278202,5.686619,1
129,12.900600,12.900600,0,0,5.581520,-0.243695,-0.243927,0.016472,5.592160,1
129,12.900600,12.900600,1,1,8.423180,-0.367764,-0.220779,0.010922,8.434095,1
129,12.900600,12.900600,2,2,5.682720,-0.248113,-0.049640,0.020274,5.688351,1
129,12.900600,12.900600,3,3,5.449780,-0.237942,0.047605,0.312803,5.455180,1
129,12.900600,12.900600,4,4,5.430880,-0.237117,0.142348,0.313837,5.437918,1
129,12.900600,12.900600,5,5,5.416150,-0.236474,0.236699,0.278222,5.426475,1
129,12.900600,12.900600,6,6,5.584390,-0.146232,-0.243903,0.016474,5.591626,1
129,12.900600,12.900600,7,7,8.427100,-0.220671,-0.220747,0.010923,8.432878,1
129,12.900600,12.900600,8,8,5.675140,-0.148609,-0.049543,0.020313,5.677301,1
129,12.900600,12.900600,9,9,5.446880,-0.142632,0.047550,0.313160,5.448955,1
129,12.900600,12.900600,10,10,5.428600,-0.142153,0.142202,0.314160,5.432323,1
129,12.900600,12.900600,11,11,5.412880,-0.141741,0.236413,0.278559,5.419894,1
129,12.900600,12.900600,12,12,5.585820,-0.048747,-0.243892,0.016474,5.591355,1
129,12.900600,12.900600,13,13,8.429050,-0.073559,-0.220731,0.010924,8.432261,1
129,12.900600,12.900600,14,14,5.669630,-0.049478,-0.049480,0.022662,5.670062,1
129,12.900600,12.900600,15,15,5.443990,-0.047509,0.047511,0.313421,5.444405,1
129,12.900600,12.900600,16,16,5.426320,-0.047355,0.142099,0.314388,5.428387,1
129,12.900600,12.900600,17,17,5.409620,-0.047209,0.236198,0.291264,5.414979,1
129,12.900600,12.900600,18,18,5.585820,0.048747,-0.243892,0.016474,5.591355,1
129,12.900600,12.900600,19,19,8.429050,0.073559,-0.220731,0.010924,8.432261,1
129,12.900600,12.900600,20,20,5.670540,0.049486,-0.049488,0.022664,5.670972,1
129,12.900600,12.900600,21,21,5.442210,0.047493,0.047495,0.313421,5.442625,1
129,12.900600,12.900600,22,22,5.424900,0.047342,0.142061,0.314388,5.426966,1
129,12.900600,12.900600,23,23,5.408120,0.047196,0.236133,0.291264,5.413478,1
129,12.900600,12.900600,24,24,5.584390,0.146232,-0.243903,0.016474,5.591626,1
129,12.900600,12.900600,25,25,8.427100,0.220671,-0.220747,0.010923,8.432878,1
129,12.900600,12.900600,26,26,5.669000,0.148448,-0.049490,0.022999,5.671159,1
129,12.900600,12.900600,27,27,5.445090,0.142585,0.047535,0.313160,5.447164,1
129,12.900600,12.900600,28,28,5.427170,0.142116,0.142164,0.314160,5.430891,1
129,12.900600,12.900600,29,29,5.411050,0.141693,0.236332,0.278559,5.418062,1
129,12.900600,12.900600,30,30,5.581520,0.243695,-0.243927,0.016472,5.592160,1
129,12.900600,12.900600,31,31,8.423180,0.367764,-0.220779,0.010922,8.434095,1
129,12.900600,12.900600,32,32,5.666810,0.247418,-0.049500,0.022994,5.672424,1
129,12.900600,12.900600,33,33,5.447980,0.237864,0.047589,0.312803,5.453378,1
129,12.900600,12.900600,34,34,5.429460,0.237055,0.142311,0.313837,5.436495,1
129,12.900600,12.900600,35,35,5.414300,0.236394,0.236619,0.278221,5.424621,1
130,13.000600,13.000600,0,0,5.612430,-0.245044,-0.245278,0.016413,5.623129,1
130,13.000600,13.000600,1,1,8.485280,-0.370475,-0.222407,0.010863,8.496275,1
130,13.000600,13.000600,2,2,5.307790,-0.231743,-0.046364,0.020333,5.313049,1
130,13.000600,13.000600,3,3,5.172390,-0.225831,0.045182,0.312813,5.177515,1
130,13.000600,13.000600,4,4,5.154470,-0.225049,0.135103,0.313846,5.161150,1
130,13.000600,13.000600,5,5,5.147690,-0.224753,0.224967,0.316951,5.157503,1
130,13.000600,13.000600,6,6,5.615310,-0.147042,-0.245254,0.016415,5.622587,1
130,13.000600,13.000600,7,7,8.489240,-0.222299,-0.222375,0.010864,8.495061,1
130,13.000600,13.000600,8,8,5.304640,-0.138907,-0.046309,0.022720,5.306660,1
130,13.000600,13.000600,9,9,5.169640,-0.135372,0.045130,0.313170,5.171609,1
130,13.000600,13.000600,10,10,5.152310,-0.134918,0.134964,0.314169,5.155843,1
130,13.000600,13.000600,11,11,5.143720,-0.134693,0.224657,0.317389,5.150385,1
130,13.000600,13.000600,12,12,5.616780,-0.049017,-0.245243,0.016415,5.622345,1
130,13.000600,13.000600,13,13,8.491240,-0.074102,-0.222359,0.010865,8.494474,1
130,13.000600,13.000600,14,14,5.305860,-0.046304,-0.046305,0.022721,5.306264,1
130,13.000600,13.000600,15,15,5.166910,-0.045091,0.045093,0.313431,5.167304,1
130,13.000600,13.000600,16,16,5.150140,-0.044945,0.134866,0.314397,5.152101,1
130,13.000600,13.000600,17,17,5.141520,-0.044870,0.224493,0.318063,5.146615,1
130,13.000600,13.000600,18,18,5.616780,0.049017,-0.245243,0.016415,5.622345,1
130,13.000600,13.000600,19,19,8.491240,0.074102,-0.222359,0.010865,8.494474,1
130,13.000600,13.000600,20,20,5.306770,0.046311,-0.046313,0.022722,5.307174,1
130,13.000600,13.000600,21,21,5.165110,0.045075,0.045077,0.313431,5.165504,1
130,13.000600,13.000600,22,22,5.148710,0.044932,0.134829,0.314397,5.150671,1
130,13.000600,13.000600,23,23,5.140120,0.044857,0.224431,0.318063,5.145213,1
130,13.000600,13.000600,24,24,5.615310,0.147042,-0.245254,0.016415,5.622587,1
130,13.000600,13.000600,25,25,8.489240,0.222299,-0.222375,0.010864,8.495061,1
130,13.000600,13.000600,26,26,5.305540,0.138930,-0.046317,0.022721,5.307561,1
130,13.000600,13.000600,27,27,5.167860,0.135325,0.045115,0.313170,5.169828,1
130,13.000600,13.000600,28,28,5.150870,0.134880,0.134927,0.314169,5.154402,1
130,13.000600,13.000600,29,29,5.142260,0.134655,0.224593,0.317835,5.148923,1
130,13.000600,13.000600,30,30,5.612430,0.245044,-0.245278,0.016413,5.623129,1
130,13.000600,13.000600,31,31,8.485280,0.370475,-0.222407,0.010863,8.496275,1
130,13.000600,13.000600,32,32,5.304510,0.231600,-0.046336,0.022711,5.309766,1
130,13.000600,13.000600,33,33,5.170590,0.225753,0.045166,0.312813,5.175713,1
130,13.000600,13.000600,34,34,5.153040,0.224986,0.135066,0.313846,5.159717,1
130,13.000600,13.000600,35,35,5.145080,0.224639,0.224853,0.316951,5.154888,1
131,13.110400,13.110400,0,0,5.653600,-0.246842,-0.247077,0.016335,5.664378,1
131,13.110400,13.110400,1,1,8.568480,-0.374108,-0.224587,0.010785,8.579582,1
131,13.110400,13.110400,2,2,4.927980,-0.215160,-0.043047,0.229425,4.932863,1
131,13.110400,13.110400,3,3,4.887310,-0.213384,0.042691,0.311860,4.892152,1
131,13.110400,13.110400,4,4,4.870400,-0.212646,0.127657,0.313858,4.876711,1
131,13.110400,13.110400,5,5,4.862920,-0.212320,0.212522,0.316949,4.872190,1
131,13.110400,13.110400,6,6,5.656530,-0.148121,-0.247054,0.016337,5.663859,1
131,13.110400,13.110400,7,7,8.572520,-0.224479,-0.224556,0.010786,8.578399,1
131,13.110400,13.110400,8,8,4.926880,-0.129015,-0.043011,0.022798,4.928757,1
131,13.110400,13.110400,9,9,4.884710,-0.127911,0.042643,0.312215,4.886570,1
131,13.110400,13.110400,10,10,4.868360,-0.127482,0.127526,0.314181,4.871698,1
131,13.110400,13.110400,11,11,4.859680,-0.127255,0.212251,0.317837,4.865977,1
131,13.110400,13.110400,12,12,5.658000,-0.049377,-0.247043,0.016338,5.663606,1
131,13.110400,13.110400,13,13,8.574540,-0.074829,-0.224541,0.010787,8.577806,1
131,13.110400,13.110400,14,14,4.928010,-0.043006,-0.043008,0.022799,4.928385,1
131,13.110400,13.110400,15,15,4.882120,-0.042606,0.042607,0.312476,4.882492,1
131,13.110400,13.110400,16,16,4.866310,-0.042468,0.127434,0.314409,4.868164,1
131,13.110400,13.110400,17,17,4.857680,-0.042392,0.212099,0.318065,4.862493,1
131,13.110400,13.110400,18,18,5.658000,0.049377,-0.247043,0.016338,5.663606,1
131,13.110400,13.110400,19,19,8.574540,0.074829,-0.224541,0.010787,8.577806,1
131,13.110400,13.110400,20,20,4.928920,0.043014,-0.043016,0.022800,4.929295,1
131,13.110400,13.110400,21,21,4.880330,0.042590,0.042592,0.312476,4.880702,1
131,13.110400,13.110400,22,22,4.864880,0.042455,0.127396,0.314409,4.866733,1
131,13.110400,13.110400,23,23,4.856270,0.042380,0.212038,0.318065,4.861082,1
131,13.110400,13.110400,24,24,5.656530,0.148121,-0.247054,0.016337,5.663859,1
131,13.110400,13.110400,25,25,8.572520,0.224479,-0.224556,0.010786,8.578399,1
131,13.110400,13.110400,26,26,4.927780,0.129039,-0.043019,0.022799,4.929657,1
131,13.110400,13.110400,27,27,4.882910,0.127864,0.042627,0.312215,4.884770,1
131,13.110400,13.110400,28,28,4.866920,0.127445,0.127489,0.314181,4.870257,1
131,13.110400,13.110400,29,29,4.858270,0.127219,0.212190,0.317836,4.864565,1
131,13.110400,13.110400,30,30,5.653600,0.246842,-0.247077,0.016335,5.664378,1
131,13.110400,13.110400,31,31,8.568480,0.374108,-0.224587,0.010785,8.579582,1
131,13.110400,13.110400,32,32,4.926830,0.215110,-0.043037,0.022789,4.931711,1
131,13.110400,13.110400,33,33,4.885510,0.213306,0.042676,0.311860,4.890351,1
131,13.110400,13.110400,34,34,4.868970,0.212584,0.127620,0.313858,4.875279,1
131,13.110400,13.110400,35,35,4.860320,0.212206,0.212408,0.316949,4.869585,1
132,13.209800,13.209800,0,0,5.693940,-0.248603,-0.248840,0.016257,5.704794,1
132,13.209800,13.209800,1,1,8.650970,-0.377709,-0.226749,0.010707,8.662180,1
132,13.209800,13.209800,2,2,4.679710,-0.204321,-0.040878,0.229479,4.684347,1
132,13.209800,13.209800,3,3,4.644190,-0.202770,0.040568,0.311874,4.648791,1
132,13.209800,13.209800,4,4,4.628160,-0.202070,0.121308,0.313870,4.634157,1
132,13.209800,13.209800,5,5,4.620110,-0.201718,0.201911,0.316947,4.628917,1
132,13.209800,13.209800,6,6,5.696900,-0.149179,-0.248818,0.016259,5.704282,1
132,13.209800,13.209800,7,7,8.655070,-0.226641,-0.226719,0.010708,8.661005,1
132,13.209800,13.209800,8,8,4.677790,-0.122492,-0.040836,0.229713,4.679572,1
132,13.209800,13.209800,9,9,4.641730,-0.121548,0.040522,0.312230,4.643498,1
132,13.209800,13.209800,10,10,4.626220,-0.121142,0.121183,0.314193,4.629392,1
132,13.209800,13.209800,11,11,4.617550,-0.120915,0.201675,0.317838,4.623533,1
132,13.209800,13.209800,12,12,5.698380,-0.049729,-0.248806,0.016260,5.704026,1
132,13.209800,13.209800,13,13,8.657130,-0.075550,-0.226703,0.010709,8.660428,1
132,13.209800,13.209800,14,14,4.675880,-0.040806,-0.040807,0.229877,4.676236,1
132,13.209800,13.209800,15,15,4.639260,-0.040486,0.040488,0.312490,4.639613,1
132,13.209800,13.209800,16,16,4.624280,-0.040355,0.121096,0.314421,4.626041,1
132,13.209800,13.209800,17,17,4.615640,-0.040280,0.201531,0.318066,4.620214,1
132,13.209800,13.209800,18,18,5.698380,0.049729,-0.248806,0.016260,5.704026,1
132,13.209800,13.209800,19,19,8.657130,0.075550,-0.226703,0.010709,8.660428,1
132,13.209800,13.209800,20,20,4.674510,0.040794,-0.040796,0.229877,4.674866,1
132,13.209800,13.209800,21,21,4.637480,0.040471,0.040472,0.312490,4.637833,1
132,13.209800,13.209800,22,22,4.622850,0.040343,0.121058,0.314421,4.624610,1
132,13.209800,13.209800,23,23,4.614240,0.040268,0.201470,0.318066,4.618812,1
132,13.209800,13.209800,24,24,5.696900,0.149179,-0.248818,0.016259,5.704282,1
132,13.209800,13.209800,25,25,8.655070,0.226641,-0.226719,0.010708,8.661005,1
132,13.209800,13.209800,26,26,4.676410,0.122456,-0.040824,0.229713,4.678192,1
132,13.209800,13.209800,27,27,4.639930,0.121501,0.040506,0.312230,4.641697,1
132,13.209800,13.209800,28,28,4.624790,0.121104,0.121146,0.314193,4.627962,1
132,13.209800,13.209800,29,29,4.616150,0.120878,0.201614,0.317838,4.622131,1
132,13.209800,13.209800,30,30,5.693940,0.248603,-0.248840,0.016257,5.704794,1
132,13.209800,13.209800,31,31,8.650970,0.377709,-0.226749,0.010707,8.662180,1
132,13.209800,13.209800,32,32,4.678340,0.204261,-0.040866,0.229479,4.682975,1
132,13.209800,13.209800,33,33,4.642390,0.202691,0.040552,0.311874,4.646989,1
132,13.209800,13.209800,34,34,4.626740,0.202008,0.121271,0.313870,4.632736,1
132,13.209800,13.209800,35,35,4.618050,0.201628,0.201820,0.317513,4.626853,1
133,13.300400,13.300400,0,0,5.733720,-0.250340,-0.250578,0.016181,5.744650,1
133,13.300400,13.300400,1,1,8.732750,-0.381280,-0.228893,0.010631,8.744066,1
133,13.300400,13.300400,2,2,4.465800,-0.194981,-0.039010,0.242067,4.470224,1
133,13.300400,13.300400,3,3,4.434760,-0.193626,0.038738,0.311888,4.439154,1
133,13.300400,13.300400,4,4,4.419510,-0.192960,0.115839,0.313881,4.425237,1
133,13.300400,13.300400,5,5,4.410970,-0.192587,0.192771,0.316944,4.419379,1
133,13.300400,13.300400,6,6,5.736710,-0.150221,-0.250556,0.016183,5.744144,1
133,13.300400,13.300400,7,7,8.736920,-0.228784,-0.228863,0.010632,8.742911,1
133,13.300400,13.300400,8,8,4.463950,-0.116892,-0.038970,0.229766,4.465651,1
133,13.300400,13.300400,9,9,4.432410,-0.116067,0.038694,0.312244,4.434098,1
133,13.300400,13.300400,10,10,4.417650,-0.115680,0.115720,0.314205,4.420680,1
133,13.300400,13.300400,11,11,4.408980,-0.115453,0.192566,0.317840,4.414693,1
133,13.300400,13.300400,12,12,5.738220,-0.050077,-0.250546,0.016183,5.743906,1
133,13.300400,13.300400,13,13,8.739010,-0.076264,-0.228848,0.010633,8.742338,1
133,13.300400,13.300400,14,14,4.462120,-0.038940,-0.038942,0.229930,4.462460,1
133,13.300400,13.300400,15,15,4.430080,-0.038661,0.038662,0.312505,4.430418,1
133,13.300400,13.300400,16,16,4.415790,-0.038536,0.115636,0.314432,4.417472,1
133,13.300400,13.300400,17,17,4.407160,-0.038461,0.192428,0.318068,4.411527,1
133,13.300400,13.300400,18,18,5.738220,0.050077,-0.250546,0.016183,5.743906,1
133,13.300400,13.300400,19,19,8.739010,0.076264,-0.228848,0.010633,8.742338,1
133,13.300400,13.300400,20,20,4.460750,0.038928,-0.038930,0.229930,4.461090,1
133,13.300400,13.300400,21,21,4.428290,0.038645,0.038647,0.313539,4.428627,1
133,13.300400,13.300400,22,22,4.414370,0.038524,0.115599,0.314432,4.416051,1
133,13.300400,13.300400,23,23,4.405760,0.038449,0.192367,0.318068,4.410125,1
133,13.300400,13.300400,24,24,5.736710,0.150221,-0.250556,0.016183,5.744144,1
133,13.300400,13.300400,25,25,8.736920,0.228784,-0.228863,0.010632,8.742911,1
133,13.300400,13.300400,26,26,4.462580,0.116857,-0.038958,0.229766,4.464280,1
133,13.300400,13.300400,27,27,4.430630,0.116020,0.038679,0.312244,4.432318,1
133,13.300400,13.300400,28,28,4.416210,0.115643,0.115682,0.314204,4.419238,1
133,13.300400,13.300400,29,29,4.407590,0.115417,0.192505,0.317840,4.413301,1
133,13.300400,13.300400,30,30,5.733720,0.250340,-0.250578,0.016181,5.744650,1
133,13.300400,13.300400,31,31,8.732750,0.381280,-0.228893,0.010631,8.744066,1
133,13.300400,13.300400,32,32,4.464410,0.194920,-0.038997,0.229532,4.468833,1
133,13.300400,13.300400,33,33,4.432980,0.193548,0.038723,0.311888,4.437372,1
133,13.300400,13.300400,34,34,4.418080,0.192897,0.115802,0.313881,4.423805,1
133,13.300400,13.300400,35,35,4.409400,0.192519,0.192702,0.317515,4.417806,1
134,13.409700,13.409700,0,0,5.785120,-0.252584,-0.252825,0.016084,5.796148,1
134,13.409700,13.409700,1,1,8.839010,-0.385919,-0.231678,0.010533,8.850464,1
134,13.409700,13.409700,2,2,4.223730,-0.184412,-0.036895,0.242130,4.227915,1
134,13.409700,13.409700,3,3,4.197390,-0.183262,0.036665,0.311907,4.201549,1
134,13.409700,13.409700,4,4,4.183000,-0.182634,0.109640,0.313896,4.188420,1
134,13.409700,13.409700,5,5,4.174310,-0.182255,0.182428,0.317517,4.182268,1
134,13.409700,13.409700,6,6,5.788160,-0.151568,-0.252803,0.016085,5.795660,1
134,13.409700,13.409700,7,7,8.843260,-0.231569,-0.231648,0.010535,8.849324,1
134,13.409700,13.409700,8,8,4.221460,-0.110543,-0.036853,0.229834,4.223068,1
134,13.409700,13.409700,9,9,4.195180,-0.109854,0.036623,0.312262,4.196778,1
134,13.409700,13.409700,10,10,4.181240,-0.109490,0.109527,0.314219,4.184107,1
134,13.409700,13.409700,11,11,4.172610,-0.109263,0.182242,0.317842,4.178017,1
134,13.409700,13.409700,12,12,5.789690,-0.050526,-0.252793,0.016086,5.795426,1
134,13.409700,13.409700,13,13,8.845400,-0.077193,-0.231634,0.010535,8.848769,1
134,13.409700,13.409700,14,14,4.219730,-0.036825,-0.036826,0.229997,4.220051,1
134,13.409700,13.409700,15,15,4.192950,-0.036591,0.036593,0.312523,4.193269,1
134,13.409700,13.409700,16,16,4.179490,-0.036474,0.109448,0.314447,4.181082,1
134,13.409700,13.409700,17,17,4.170870,-0.036399,0.182111,0.318070,4.175003,1
134,13.409700,13.409700,18,18,5.789690,0.050526,-0.252793,0.016086,5.795426,1
134,13.409700,13.409700,19,19,8.845400,0.077193,-0.231634,0.010535,8.848769,1
134,13.409700,13.409700,20,20,4.218360,0.036813,-0.036815,0.229997,4.218681,1
134,13.409700,13.409700,21,21,4.191210,0.036576,0.036578,0.313556,4.191529,1
134,13.409700,13.409700,22,22,4.178060,0.036461,0.109410,0.314447,4.179651,1
134,13.409700,13.409700,23,23,4.169480,0.036386,0.182050,0.318070,4.173611,1
134,13.409700,13.409700,24,24,5.788160,0.151568,-0.252803,0.016085,5.795660,1
134,13.409700,13.409700,25,25,8.843260,0.231569,-0.231648,0.010535,8.849324,1
134,13.409700,13.409700,26,26,4.220080,0.110507,-0.036841,0.229833,4.221687,1
134,13.409700,13.409700,27,27,4.193380,0.109807,0.036608,0.312262,4.194977,1
134,13.409700,13.409700,28,28,4.179810,0.109452,0.109490,0.314219,4.182676,1
134,13.409700,13.409700,29,29,4.171200,0.109227,0.182181,0.317842,4.176605,1
134,13.409700,13.409700,30,30,5.785120,0.252584,-0.252825,0.016084,5.796148,1
134,13.409700,13.409700,31,31,8.839010,0.385919,-0.231678,0.010533,8.850464,1
134,13.409700,13.409700,32,32,4.221820,0.184329,-0.036878,0.229599,4.226003,1
134,13.409700,13.409700,33,33,4.195600,0.183184,0.036649,0.311906,4.199757,1
134,13.409700,13.409700,34,34,4.181560,0.182571,0.109603,0.313896,4.186979,1
134,13.409700,13.409700,35,35,4.172930,0.182194,0.182367,0.317517,4.180885,1
135,13.510000,13.510000,0,0,5.833060,-0.254677,-0.254920,0.015993,5.844179,1
135,13.510000,13.510000,1,1,8.939030,-0.390286,-0.234300,0.010443,8.950612,1
135,13.510000,13.510000,2,2,4.014520,-0.175278,-0.035068,0.242189,4.018498,1
135,13.510000,13.510000,3,3,3.992230,-0.174305,0.034873,0.311923,3.996185,1
135,13.510000,13.510000,4,4,3.978590,-0.173709,0.104282,0.313910,3.983746,1
135,13.510000,13.510000,5,5,3.969930,-0.173331,0.173496,0.317519,3.977498,1
135,13.510000,13.510000,6,6,5.836150,-0.152825,-0.254899,0.015995,5.843712,1
135,13.510000,13.510000,7,7,8.943360,-0.234190,-0.234271,0.010444,8.949493,1
135,13.510000,13.510000,8,8,4.012060,-0.105059,-0.035025,0.242485,4.013588,1
135,13.510000,13.510000,9,9,3.990130,-0.104485,0.034833,0.312279,3.991650,1
135,13.510000,13.510000,10,10,3.976930,-0.104139,0.104175,0.314233,3.979657,1
135,13.510000,13.510000,11,11,3.968300,-0.103913,0.173319,0.317844,3.973442,1
135,13.510000,13.510000,12,12,5.837690,-0.050945,-0.254889,0.015995,5.843474,1
135,13.510000,13.510000,13,13,8.945540,-0.078067,-0.234256,0.010445,8.948948,1
135,13.510000,13.510000,14,14,4.010260,-0.034997,-0.034998,0.230060,4.010565,1
135,13.510000,13.510000,15,15,3.988010,-0.034803,0.034804,0.312540,3.988314,1
135,13.510000,13.510000,16,16,3.975250,-0.034692,0.104100,0.314461,3.976764,1
135,13.510000,13.510000,17,17,3.966660,-0.034617,0.173195,0.318072,3.970590,1
135,13.510000,13.510000,18,18,5.837690,0.050945,-0.254889,0.015995,5.843474,1
135,13.510000,13.510000,19,19,8.945540,0.078067,-0.234256,0.010445,8.948948,1
135,13.510000,13.510000,20,20,4.008890,0.034985,-0.034986,0.230060,4.009195,1
135,13.510000,13.510000,21,21,3.986310,0.034788,0.034789,0.313571,3.986614,1
135,13.510000,13.510000,22,22,3.973830,0.034679,0.104062,0.314461,3.975343,1
135,13.510000,13.510000,23,23,3.965250,0.034604,0.173133,0.318072,3.969179,1
135,13.510000,13.510000,24,24,5.836150,0.152825,-0.254899,0.015995,5.843712,1
135,13.510000,13.510000,25,25,8.943360,0.234190,-0.234271,0.010444,8.949493,1
135,13.510000,13.510000,26,26,4.010520,0.105019,-0.035011,0.229896,4.012047,1
135,13.510000,13.510000,27,27,3.988330,0.104438,0.034817,0.312279,3.989849,1
135,13.510000,13.510000,28,28,3.975490,0.104102,0.104138,0.314233,3.978216,1
135,13.510000,13.510000,29,29,3.966900,0.103877,0.173258,0.317844,3.972041,1
135,13.510000,13.510000,30,30,5.833060,0.254677,-0.254920,0.015993,5.844179,1
135,13.510000,13.510000,31,31,8.939030,0.390287,-0.234300,0.010443,8.950612,1
135,13.510000,13.510000,32,32,4.012460,0.175188,-0.035050,0.242188,4.016436,1
135,13.510000,13.510000,33,33,3.990450,0.174226,0.034857,0.311923,3.994404,1
135,13.510000,13.510000,34,34,3.977170,0.173647,0.104245,0.313910,3.982324,1
135,13.510000,13.510000,35,35,3.968530,0.173270,0.173435,0.317519,3.976095,1
136,13.609700,13.609700,0,0,5.883020,-0.256858,-0.257103,0.015900,5.894235,1
136,13.609700,13.609700,1,1,9.043970,-0.394868,-0.237050,0.010349,9.055689,1
136,13.609700,13.609700,2,2,3.819440,-0.166761,-0.033364,0.242249,3.823224,1
136,13.609700,13.609700,3,3,3.800990,-0.165955,0.033202,0.311941,3.804756,1
136,13.609700,13.609700,4,4,3.788040,-0.165389,0.099288,0.313924,3.792948,1
136,13.609700,13.609700,5,5,3.779410,-0.165013,0.165170,0.317521,3.786614,1
136,13.609700,13.609700,6,6,5.886150,-0.154134,-0.257083,0.015901,5.893777,1
136,13.609700,13.609700,7,7,9.048400,-0.236941,-0.237022,0.010350,9.054605,1
136,13.609700,13.609700,8,8,3.817090,-0.099954,-0.033323,0.242546,3.818544,1
136,13.609700,13.609700,9,9,3.798970,-0.099480,0.033165,0.312296,3.800417,1
136,13.609700,13.609700,10,10,3.786450,-0.099152,0.099186,0.314247,3.789046,1
136,13.609700,13.609700,11,11,3.777840,-0.098926,0.165001,0.317846,3.782735,1
136,13.609700,13.609700,12,12,5.887720,-0.051381,-0.257073,0.015902,5.893554,1
136,13.609700,13.609700,13,13,9.050620,-0.078984,-0.237008,0.010351,9.054068,1
136,13.609700,13.609700,14,14,3.814910,-0.033292,-0.033294,0.230125,3.815200,1
136,13.609700,13.609700,15,15,3.796960,-0.033136,0.033137,0.312557,3.797249,1
136,13.609700,13.609700,16,16,3.784850,-0.033030,0.099114,0.314475,3.786292,1
136,13.609700,13.609700,17,17,3.776290,-0.032955,0.164883,0.318074,3.780031,1
136,13.609700,13.609700,18,18,5.887720,0.051381,-0.257073,0.015902,5.893554,1
136,13.609700,13.609700,19,19,9.050620,0.078984,-0.237008,0.010351,9.054068,1
136,13.609700,13.609700,20,20,3.813540,0.033280,-0.033282,0.230125,3.813830,1
136,13.609700,13.609700,21,21,3.795310,0.033121,0.033122,0.313587,3.795599,1
136,13.609700,13.609700,22,22,3.783430,0.033018,0.099076,0.314475,3.784871,1
136,13.609700,13.609700,23,23,3.774880,0.032943,0.164821,0.318074,3.778620,1
136,13.609700,13.609700,24,24,5.886150,0.154134,-0.257083,0.015901,5.893777,1
136,13.609700,13.609700,25,25,9.048400,0.236941,-0.237022,0.010350,9.054605,1
136,13.609700,13.609700,26,26,3.815100,0.099902,-0.033305,0.229961,3.816553,1
136,13.609700,13.609700,27,27,3.797170,0.099433,0.033149,0.312296,3.798616,1
136,13.609700,13.609700,28,28,3.785020,0.099114,0.099148,0.314247,3.787616,1
136,13.609700,13.609700,29,29,3.776440,0.098890,0.164940,0.317846,3.781333,1
136,13.609700,13.609700,30,30,5.883020,0.256858,-0.257103,0.015900,5.894235,1
136,13.609700,13.609700,31,31,9.043970,0.394868,-0.237050,0.010349,9.055689,1
136,13.609700,13.609700,32,32,3.817380,0.166670,-0.033345,0.242249,3.821162,1
136,13.609700,13.609700,33,33,3.799190,0.165876,0.033187,0.311941,3.802954,1
136,13.609700,13.609700,34,34,3.786600,0.165327,0.099250,0.313924,3.791507,1
136,13.609700,13.609700,35,35,3.778010,0.164951,0.165108,0.317521,3.785212,1
137,13.700300,13.700300,0,0,5.945450,-0.259584,-0.259832,0.015783,5.956783,1
137,13.700300,13.700300,1,1,9.176490,-0.400654,-0.240524,0.010232,9.188380,1
137,13.700300,13.700300,2,2,3.648410,-0.159293,-0.031870,0.242325,3.652025,1
137,13.700300,13.700300,3,3,3.633660,-0.158649,0.031741,0.311963,3.637260,1
137,13.700300,13.700300,4,4,3.621330,-0.158111,0.094918,0.313942,3.626022,1
137,13.700300,13.700300,5,5,3.612790,-0.157738,0.157888,0.317524,3.619677,1
137,13.700300,13.700300,6,6,5.948640,-0.155771,-0.259813,0.015784,5.956348,1
137,13.700300,13.700300,7,7,9.181040,-0.240414,-0.240496,0.010233,9.187335,1
137,13.700300,13.700300,8,8,3.646170,-0.095478,-0.031831,0.242622,3.647559,1
137,13.700300,13.700300,9,9,3.631730,-0.095100,0.031705,0.312318,3.633113,1
137,13.700300,13.700300,10,10,3.619820,-0.094788,0.094821,0.314265,3.622302,1
137,13.700300,13.700300,11,11,3.611310,-0.094565,0.157727,0.317848,3.615989,1
137,13.700300,13.700300,12,12,5.950230,-0.051927,-0.259803,0.015784,5.956126,1
137,13.700300,13.700300,13,13,9.183330,-0.080142,-0.240483,0.010234,9.186828,1
137,13.700300,13.700300,14,14,3.643940,-0.031800,-0.031801,0.242844,3.644217,1
137,13.700300,13.700300,15,15,3.629810,-0.031677,0.031678,0.312579,3.630086,1
137,13.700300,13.700300,16,16,3.618300,-0.031576,0.094752,0.314493,3.619678,1
137,13.700300,13.700300,17,17,3.609820,-0.031502,0.157614,0.318076,3.613397,1
137,13.700300,13.700300,18,18,5.950230,0.051927,-0.259803,0.015784,5.956126,1
137,13.700300,13.700300,19,19,9.183330,0.080142,-0.240483,0.010234,9.186828,1
137,13.700300,13.700300,20,20,3.642220,0.031785,-0.031786,0.230206,3.642497,1
137,13.700300,13.700300,21,21,3.628200,0.031663,0.031664,0.313606,3.628476,1
137,13.700300,13.700300,22,22,3.616860,0.031564,0.094715,0.314493,3.618237,1
137,13.700300,13.700300,23,23,3.608410,0.031490,0.157553,0.318076,3.611985,1
137,13.700300,13.700300,24,24,5.948640,0.155771,-0.259813,0.015784,5.956348,1
137,13.700300,13.700300,25,25,9.181040,0.240414,-0.240496,0.010233,9.187335,1
137,13.700300,13.700300,26,26,3.644110,0.095424,-0.031813,0.242622,3.645498,1
137,13.700300,13.700300,27,27,3.629930,0.095053,0.031689,0.312318,3.631313,1
137,13.700300,13.700300,28,28,3.618390,0.094751,0.094783,0.314265,3.620871,1
137,13.700300,13.700300,29,29,3.609910,0.094529,0.157666,0.317848,3.614588,1
137,13.700300,13.700300,30,30,5.945450,0.259584,-0.259832,0.015783,5.956783,1
137,13.700300,13.700300,31,31,9.176490,0.400654,-0.240524,0.010232,9.188380,1
137,13.700300,13.700300,32,32,3.646340,0.159203,-0.031852,0.242325,3.649953,1
137,13.700300,13.700300,33,33,3.631860,0.158570,0.031725,0.311962,3.635458,1
137,13.700300,13.700300,34,34,3.619900,0.158048,0.094881,0.313942,3.624591,1
137,13.700300,13.700300,35,35,3.611400,0.157677,0.157827,0.317523,3.618284,1
138,13.800100,13.800100,0,0,6.034480,-0.263471,-0.263722,0.015618,6.045983,1
138,13.800100,13.800100,1,1,9.367510,-0.408994,-0.245530,0.010067,9.379648,1
138,13.800100,13.800100,2,2,3.466820,-0.151365,-0.030283,0.310859,3.470255,1
138,13.800100,13.800100,3,3,3.455290,-0.150861,0.030183,0.311993,3.458714,1
138,13.800100,13.800100,4,4,3.443660,-0.150353,0.090261,0.313967,3.448122,1
138,13.800100,13.800100,5,5,3.435290,-0.149988,0.150131,0.317527,3.441839,1
138,13.800100,13.800100,6,6,6.037740,-0.158104,-0.263704,0.015619,6.045564,1
138,13.800100,13.800100,7,7,9.372240,-0.245421,-0.245505,0.010068,9.378667,1
138,13.800100,13.800100,8,8,3.464810,-0.090729,-0.030247,0.311229,3.466130,1
138,13.800100,13.800100,9,9,3.453460,-0.090432,0.030148,0.312349,3.454775,1
138,13.800100,13.800100,10,10,3.442210,-0.090137,0.090168,0.314290,3.444570,1
138,13.800100,13.800100,11,11,3.433870,-0.089919,0.149978,0.317852,3.438320,1
138,13.800100,13.800100,12,12,6.039380,-0.052705,-0.263695,0.015620,6.045364,1
138,13.800100,13.800100,13,13,9.374610,-0.081811,-0.245492,0.010069,9.378181,1
138,13.800100,13.800100,14,14,3.462810,-0.030219,-0.030220,0.311504,3.463074,1
138,13.800100,13.800100,15,15,3.451630,-0.030122,0.030123,0.312609,3.451893,1
138,13.800100,13.800100,16,16,3.440760,-0.030027,0.090103,0.314518,3.442070,1
138,13.800100,13.800100,17,17,3.432450,-0.029955,0.149870,0.318080,3.435851,1
138,13.800100,13.800100,18,18,6.039380,0.052705,-0.263695,0.015620,6.045364,1
138,13.800100,13.800100,19,19,9.374610,0.081811,-0.245492,0.010069,9.378181,1
138,13.800100,13.800100,20,20,3.460890,0.030203,-0.030204,0.312587,3.461154,1
138,13.800100,13.800100,21,21,3.450070,0.030108,0.030110,0.313634,3.450333,1
138,13.800100,13.800100,22,22,3.439320,0.030015,0.090065,0.314518,3.440630,1
138,13.800100,13.800100,23,23,3.431050,0.029942,0.149809,0.318080,3.434449,1
138,13.800100,13.800100,24,24,6.037740,0.158104,-0.263704,0.015619,6.045564,1
138,13.800100,13.800100,25,25,9.372240,0.245421,-0.245505,0.010068,9.378667,1
138,13.800100,13.800100,26,26,3.462850,0.090678,-0.030230,0.311229,3.464169,1
138,13.800100,13.800100,27,27,3.451660,0.090385,0.030133,0.312348,3.452975,1
138,13.800100,13.800100,28,28,3.440770,0.090100,0.090131,0.314290,3.443129,1
138,13.800100,13.800100,29,29,3.432470,0.089882,0.149916,0.317851,3.436918,1
138,13.800100,13.800100,30,30,6.034480,0.263471,-0.263722,0.015618,6.045983,1
138,13.800100,13.800100,31,31,9.367510,0.408994,-0.245530,0.010067,9.379648,1
138,13.800100,13.800100,32,32,3.464850,0.151279,-0.030266,0.310859,3.468283,1
138,13.800100,13.800100,33,33,3.453490,0.150783,0.030167,0.311993,3.456912,1
138,13.800100,13.800100,34,34,3.442220,0.150291,0.090224,0.313967,3.446681,1
138,13.800100,13.800100,35,35,3.433880,0.149927,0.150070,0.317527,3.440426,1
139,13.900200,13.900200,0,0,6.136450,-0.267923,-0.268178,0.015433,6.148148,1
139,13.900200,13.900200,1,1,9.589350,-0.418680,-0.251345,0.009882,9.601775,1
139,13.900200,13.900200,2,2,3.290450,-0.143664,-0.028743,0.310897,3.293710,1
139,13.900200,13.900200,3,3,3.279580,-0.143189,0.028648,0.312027,3.282830,1
139,13.900200,13.900200,4,4,3.268620,-0.142711,0.085673,0.313995,3.272856,1
139,13.900200,13.900200,5,5,3.260450,-0.142354,0.142490,0.317530,3.266665,1
139,13.900200,13.900200,6,6,6.139820,-0.160777,-0.268162,0.015434,6.147776,1
139,13.900200,13.900200,7,7,9.594280,-0.251235,-0.251321,0.009883,9.600860,1
139,13.900200,13.900200,8,8,3.288540,-0.086113,-0.028708,0.311267,3.289792,1
139,13.900200,13.900200,9,9,3.277840,-0.085833,0.028615,0.312383,3.279088,1
139,13.900200,13.900200,10,10,3.267240,-0.085556,0.085585,0.314318,3.269480,1
139,13.900200,13.900200,11,11,3.259110,-0.085343,0.142344,0.317855,3.263333,1
139,13.900200,13.900200,12,12,6.141500,-0.053596,-0.268154,0.015435,6.147585,1
139,13.900200,13.900200,13,13,9.596750,-0.083750,-0.251309,0.009883,9.600406,1
139,13.900200,13.900200,14,14,3.286630,-0.028682,-0.028683,0.311542,3.286880,1
139,13.900200,13.900200,15,15,3.276110,-0.028590,0.028591,0.312643,3.276359,1
139,13.900200,13.900200,16,16,3.265870,-0.028501,0.085523,0.314546,3.267114,1
139,13.900200,13.900200,17,17,3.257770,-0.028430,0.142242,0.318083,3.260998,1
139,13.900200,13.900200,18,18,6.141500,0.053596,-0.268154,0.015435,6.147585,1
139,13.900200,13.900200,19,19,9.596750,0.083750,-0.251309,0.009883,9.600406,1
139,13.900200,13.900200,20,20,3.284880,0.028667,-0.028668,0.312787,3.285130,1
139,13.900200,13.900200,21,21,3.274650,0.028577,0.028578,0.313798,3.274899,1
139,13.900200,13.900200,22,22,3.264500,0.028489,0.085487,0.314678,3.265743,1
139,13.900200,13.900200,23,23,3.256410,0.028418,0.142183,0.318215,3.259636,1
139,13.900200,13.900200,24,24,6.139820,0.160777,-0.268162,0.015434,6.147776,1
139,13.900200,13.900200,25,25,9.594280,0.251235,-0.251321,0.009883,9.600860,1
139,13.900200,13.900200,26,26,3.286570,0.086062,-0.028691,0.311267,3.287822,1
139,13.900200,13.900200,27,27,3.276050,0.085786,0.028599,0.312383,3.277298,1
139,13.900200,13.900200,28,28,3.265810,0.085518,0.085548,0.314318,3.268049,1
139,13.900200,13.900200,29,29,3.257700,0.085306,0.142283,0.317855,3.261921,1
139,13.900200,13.900200,30,30,6.136450,0.267923,-0.268178,0.015433,6.148148,1
139,13.900200,13.900200,31,31,9.589350,0.418680,-0.251345,0.009882,9.601775,1
139,13.900200,13.900200,32,32,3.288480,0.143578,-0.028725,0.310897,3.291738,1
139,13.900200,13.900200,33,33,3.277780,0.143111,0.028632,0.312027,3.281028,1
139,13.900200,13.900200,34,34,3.267180,0.142648,0.085636,0.313994,3.271414,1
139,13.900200,13.900200,35,35,3.259050,0.142293,0.142429,0.317530,3.265263,1
140,14.000400,14.000400,0,0,6.244550,-0.272643,-0.272903,0.015241,6.256454,1
140,14.000400,14.000400,1,1,3.257080,-0.142207,-0.085371,0.018337,3.261301,1
140,14.000400,14.000400,2,2,3.116180,-0.136056,-0.027221,0.310935,3.119267,1
140,14.000400,14.000400,3,3,3.105970,-0.135610,0.027131,0.312062,3.109047,1
140,14.000400,14.000400,4,4,3.095680,-0.135160,0.081140,0.314023,3.099692,1
140,14.000400,14.000400,5,5,3.087700,-0.134812,0.134940,0.317534,3.093586,1
140,14.000400,14.000400,6,6,6.248010,-0.163610,-0.272888,0.015242,6.256106,1
140,14.000400,14.000400,7,7,3.257270,-0.085295,-0.085324,0.018347,3.259504,1
140,14.000400,14.000400,8,8,3.114380,-0.081553,-0.027188,0.311305,3.115566,1
140,14.000400,14.000400,9,9,3.104330,-0.081290,0.027100,0.312418,3.105513,1
140,14.000400,14.000400,10,10,3.094380,-0.081029,0.081057,0.314346,3.096502,1
140,14.000400,14.000400,11,11,3.086430,-0.080821,0.134803,0.317859,3.090430,1
140,14.000400,14.000400,12,12,6.249750,-0.054541,-0.272880,0.015243,6.255942,1
140,14.000400,14.000400,13,13,3.257910,-0.028431,-0.085314,0.018349,3.259151,1
140,14.000400,14.000400,14,14,3.112670,-0.027164,-0.027165,0.312656,3.112907,1
140,14.000400,14.000400,15,15,3.102690,-0.027077,0.027078,0.312679,3.102926,1
140,14.000400,14.000400,16,16,3.093070,-0.026993,0.080998,0.314574,3.094248,1
140,14.000400,14.000400,17,17,3.085150,-0.026924,0.134706,0.318087,3.088207,1
140,14.000400,14.000400,18,18,6.249750,0.054541,-0.272880,0.015243,6.255942,1
140,14.000400,14.000400,19,19,3.258990,0.028441,-0.085343,0.018343,3.260231,1
140,14.000400,14.000400,20,20,3.111020,0.027149,-0.027151,0.312822,3.111257,1
140,14.000400,14.000400,21,21,3.101360,0.027065,0.027066,0.313830,3.101596,1
140,14.000400,14.000400,22,22,3.091780,0.026982,0.080964,0.314707,3.092957,1
140,14.000400,14.000400,23,23,3.083870,0.026913,0.134650,0.318219,3.086925,1
140,14.000400,14.000400,24,24,6.248010,0.163610,-0.272888,0.015242,6.256106,1
140,14.000400,14.000400,25,25,3.258380,0.085324,-0.085353,0.018348,3.260614,1
140,14.000400,14.000400,26,26,3.112530,0.081504,-0.027172,0.312395,3.113716,1
140,14.000400,14.000400,27,27,3.102550,0.081243,0.027085,0.313469,3.103732,1
140,14.000400,14.000400,28,28,3.092950,0.080992,0.081019,0.314346,3.095071,1
140,14.000400,14.000400,29,29,3.085030,0.080784,0.134741,0.317859,3.089028,1
140,14.000400,14.000400,30,30,6.244550,0.272643,-0.272903,0.015241,6.256454,1
140,14.000400,14.000400,31,31,3.258200,0.142256,-0.085400,0.018338,3.262422,1
140,14.000400,14.000400,32,32,3.114230,0.135970,-0.027203,0.310935,3.117316,1
140,14.000400,14.000400,33,33,3.104180,0.135531,0.027116,0.312062,3.107256,1
140,14.000400,14.000400,34,34,3.094250,0.135098,0.081103,0.314023,3.098259,1
140,14.000400,14.000400,35,35,3.086300,0.134751,0.134879,0.317534,3.092183,1
141,14.100500,14.100500,0,0,6.351570,-0.277315,-0.277580,0.015056,6.363678,1
141,14.100500,14.100500,1,1,2.976630,-0.129963,-0.078020,0.226449,2.980487,1
141,14.100500,14.100500,2,2,2.943510,-0.128517,-0.025712,0.310972,2.946426,1
141,14.100500,14.100500,3,3,2.933950,-0.128099,0.025629,0.312096,2.936857,1
141,14.100500,14.100500,4,4,2.924300,-0.127678,0.076649,0.314051,2.928089,1
141,14.100500,14.100500,5,5,2.916470,-0.127336,0.127457,0.317537,2.922029,1
141,14.100500,14.100500,6,6,6.355140,-0.166415,-0.277566,0.015057,6.363375,1
141,14.100500,14.100500,7,7,2.975360,-0.077913,-0.077939,0.226684,2.977400,1
141,14.100500,14.100500,8,8,2.941860,-0.077036,-0.025682,0.312429,2.942981,1
141,14.100500,14.100500,9,9,2.932400,-0.076787,0.025599,0.312452,2.933517,1
141,14.100500,14.100500,10,10,2.923070,-0.076543,0.076570,0.314374,2.925074,1
141,14.100500,14.100500,11,11,2.915270,-0.076339,0.127327,0.317862,2.919048,1
141,14.100500,14.100500,12,12,6.356920,-0.055476,-0.277560,0.015057,6.363218,1
141,14.100500,14.100500,13,13,2.974130,-0.025955,-0.077883,0.226847,2.975263,1
141,14.100500,14.100500,14,14,2.940310,-0.025660,-0.025661,0.312690,2.940534,1
141,14.100500,14.100500,15,15,2.930880,-0.025577,0.025578,0.313728,2.931103,1
141,14.100500,14.100500,16,16,2.921850,-0.025499,0.076514,0.314602,2.922963,1
141,14.100500,14.100500,17,17,2.914060,-0.025431,0.127236,0.318090,2.916947,1
141,14.100500,14.100500,18,18,6.356920,0.055476,-0.277560,0.015057,6.363218,1
141,14.100500,14.100500,19,19,2.972910,0.025944,-0.077851,0.226941,2.974042,1
141,14.100500,14.100500,20,20,2.938750,0.025646,-0.025647,0.312857,2.938974,1
141,14.100500,14.100500,21,21,2.929630,0.025567,0.025567,0.313861,2.929853,1
141,14.100500,14.100500,22,22,2.920610,0.025488,0.076482,0.314735,2.921722,1
141,14.100500,14.100500,23,23,2.912860,0.025420,0.127183,0.318222,2.915746,1
141,14.100500,14.100500,24,24,6.355140,0.166415,-0.277566,0.015057,6.363375,1
141,14.100500,14.100500,25,25,2.973980,0.077876,-0.077903,0.226683,2.976019,1
141,14.100500,14.100500,26,26,2.940060,0.076988,-0.025666,0.312429,2.941180,1
141,14.100500,14.100500,27,27,2.930690,0.076743,0.025585,0.313500,2.931806,1
141,14.100500,14.100500,28,28,2.921650,0.076506,0.076532,0.314374,2.923653,1
141,14.100500,14.100500,29,29,2.913860,0.076302,0.127266,0.317862,2.917636,1
141,14.100500,14.100500,30,30,6.351570,0.277315,-0.277580,0.015056,6.363678,1
141,14.100500,14.100500,31,31,2.975240,0.129902,-0.077984,0.226449,2.979095,1
141,14.100500,14.100500,32,32,2.941630,0.128434,-0.025696,0.312072,2.944545,1
141,14.100500,14.100500,33,33,2.932150,0.128020,0.025613,0.312096,2.935055,1
141,14.100500,14.100500,34,34,2.922870,0.127615,0.076611,0.314051,2.926657,1
141,14.100500,14.100500,35,35,2.915070,0.127275,0.127396,0.317537,2.920627,1
142,14.209800,14.209800,0,0,6.455850,-0.281868,-0.282137,0.014880,6.468157,1
142,14.209800,14.209800,1,1,2.783560,-0.121533,-0.072959,0.226572,2.787167,1
142,14.209800,14.209800,2,2,2.757480,-0.120394,-0.024087,0.312104,2.760212,1
142,14.209800,14.209800,3,3,2.748560,-0.120005,0.024009,0.312128,2.751283,1
142,14.209800,14.209800,4,4,2.739600,-0.119613,0.071807,0.314077,2.743150,1
142,14.209800,14.209800,5,5,2.731850,-0.119275,0.119389,0.317541,2.737058,1
142,14.209800,14.209800,6,6,6.459520,-0.169148,-0.282125,0.014880,6.467890,1
142,14.209800,14.209800,7,7,2.782370,-0.072859,-0.072884,0.226807,2.784278,1
142,14.209800,14.209800,8,8,2.756010,-0.072168,-0.024060,0.312461,2.757060,1
142,14.209800,14.209800,9,9,2.747110,-0.071935,0.023982,0.312484,2.748156,1
142,14.209800,14.209800,10,10,2.738440,-0.071709,0.071733,0.314400,2.740318,1
142,14.209800,14.209800,11,11,2.730720,-0.071506,0.119267,0.317865,2.734258,1
142,14.209800,14.209800,12,12,6.461360,-0.056387,-0.282119,0.014881,6.467762,1
142,14.209800,14.209800,13,13,2.781210,-0.024271,-0.072831,0.226971,2.782269,1
142,14.209800,14.209800,14,14,2.754530,-0.024038,-0.024039,0.312723,2.754740,1
142,14.209800,14.209800,15,15,2.745730,-0.023962,0.023962,0.313757,2.745939,1
142,14.209800,14.209800,16,16,2.737300,-0.023888,0.071681,0.314628,2.738343,1
142,14.209800,14.209800,17,17,2.729600,-0.023821,0.119181,0.318094,2.732304,1
142,14.209800,14.209800,18,18,6.461360,0.056387,-0.282119,0.014881,6.467762,1
142,14.209800,14.209800,19,19,2.780060,0.024261,-0.072801,0.227064,2.781119,1
142,14.209800,14.209800,20,20,2.753080,0.024026,-0.024027,0.312889,2.753290,1
142,14.209800,14.209800,21,21,2.744570,0.023952,0.023952,0.313890,2.744779,1
142,14.209800,14.209800,22,22,2.736140,0.023878,0.071651,0.314761,2.737182,1
142,14.209800,14.209800,23,23,2.728470,0.023811,0.119132,0.318225,2.731174,1
142,14.209800,14.209800,24,24,6.459520,0.169148,-0.282125,0.014880,6.467890,1
142,14.209800,14.209800,25,25,2.780980,0.072822,-0.072847,0.226807,2.782887,1
142,14.209800,14.209800,26,26,2.754210,0.072121,-0.024044,0.312461,2.755259,1
142,14.209800,14.209800,27,27,2.745460,0.071892,0.023968,0.313529,2.746506,1
142,14.209800,14.209800,28,28,2.737020,0.071671,0.071696,0.314400,2.738897,1
142,14.209800,14.209800,29,29,2.729320,0.071470,0.119206,0.317865,2.732857,1
142,14.209800,14.209800,30,30,6.455850,0.281868,-0.282137,0.014880,6.468157,1
142,14.209800,14.209800,31,31,2.782170,0.121472,-0.072923,0.226572,2.785775,1
142,14.209800,14.209800,32,32,2.755680,0.120315,-0.024071,0.312104,2.758410,1
142,14.209800,14.209800,33,33,2.746750,0.119926,0.023993,0.312128,2.749472,1
142,14.209800,14.209800,34,34,2.738170,0.119551,0.071770,0.314077,2.741718,1
142,14.209800,14.209800,35,35,2.730450,0.119214,0.119328,0.317540,2.735655,1
143,14.300400,14.300400,0,0,6.507340,-0.284116,-0.284387,0.014794,6.519745,1
143,14.300400,14.300400,1,1,2.627550,-0.114721,-0.068870,0.226633,2.630955,1
143,14.300400,14.300400,2,2,2.606400,-0.113798,-0.022767,0.312120,2.608983,1
143,14.300400,14.300400,3,3,2.597960,-0.113429,0.022694,0.312144,2.600534,1
143,14.300400,14.300400,4,4,2.589510,-0.113061,0.067873,0.314090,2.592865,1
143,14.300400,14.300400,5,5,2.581710,-0.112719,0.112827,0.317542,2.586632,1
143,14.300400,14.300400,6,6,6.511070,-0.170498,-0.284377,0.014795,6.519506,1
143,14.300400,14.300400,7,7,2.626420,-0.068775,-0.068799,0.226867,2.628221,1
143,14.300400,14.300400,8,8,2.605010,-0.068215,-0.022741,0.312477,2.606002,1
143,14.300400,14.300400,9,9,2.596570,-0.067994,0.022668,0.312500,2.597559,1
143,14.300400,14.300400,10,10,2.588430,-0.067780,0.067804,0.314413,2.590205,1
143,14.300400,14.300400,11,11,2.580640,-0.067576,0.112712,0.317867,2.583984,1
143,14.300400,14.300400,12,12,6.512930,-0.056837,-0.284371,0.014795,6.519383,1
143,14.300400,14.300400,13,13,2.625320,-0.022911,-0.068749,0.227031,2.626320,1
143,14.300400,14.300400,14,14,2.603630,-0.022721,-0.022722,0.312738,2.603828,1
143,14.300400,14.300400,15,15,2.595300,-0.022649,0.022650,0.313772,2.595498,1
143,14.300400,14.300400,16,16,2.587340,-0.022579,0.067754,0.314641,2.588326,1
143,14.300400,14.300400,17,17,2.579570,-0.022512,0.112631,0.318095,2.582126,1
143,14.300400,14.300400,18,18,6.512930,0.056837,-0.284371,0.014795,6.519383,1
143,14.300400,14.300400,19,19,2.624250,0.022901,-0.068721,0.227124,2.625249,1
143,14.300400,14.300400,20,20,2.602250,0.022709,-0.022710,0.312904,2.602448,1
143,14.300400,14.300400,21,21,2.594200,0.022639,0.022640,0.313904,2.594398,1
143,14.300400,14.300400,22,22,2.586250,0.022570,0.067726,0.314774,2.587235,1
143,14.300400,14.300400,23,23,2.578500,0.022502,0.112584,0.318227,2.581055,1
143,14.300400,14.300400,24,24,6.511070,0.170498,-0.284377,0.014795,6.519506,1
143,14.300400,14.300400,25,25,2.625030,0.068739,-0.068762,0.226867,2.626830,1
143,14.300400,14.300400,26,26,2.603210,0.068168,-0.022726,0.312477,2.604202,1
143,14.300400,14.300400,27,27,2.594970,0.067952,0.022654,0.313543,2.595958,1
143,14.300400,14.300400,28,28,2.586990,0.067743,0.067766,0.314413,2.588764,1
143,14.300400,14.300400,29,29,2.579240,0.067540,0.112650,0.317867,2.582582,1
143,14.300400,14.300400,30,30,6.507340,0.284116,-0.284387,0.014794,6.519745,1
143,14.300400,14.300400,31,31,2.626140,0.114660,-0.068834,0.226632,2.629543,1
143,14.300400,14.300400,32,32,2.604600,0.113719,-0.022752,0.312120,2.607181,1
143,14.300400,14.300400,33,33,2.596160,0.113351,0.022678,0.312144,2.598732,1
143,14.300400,14.300400,34,34,2.588080,0.112998,0.067836,0.314090,2.591434,1
143,14.300400,14.300400,35,35,2.580300,0.112658,0.112766,0.317542,2.585219,1
144,14.400000,14.400000,0,0,6.520310,-0.284683,-0.284954,0.014773,6.532740,1
144,14.400000,14.400000,1,1,2.464800,-0.107615,-0.064604,0.239366,2.467994,1
144,14.400000,14.400000,2,2,2.447770,-0.106872,-0.021382,0.312124,2.450195,1
144,14.400000,14.400000,3,3,2.439820,-0.106525,0.021312,0.312148,2.442238,1
144,14.400000,14.400000,4,4,2.431900,-0.106179,0.063742,0.314093,2.435051,1
144,14.400000,14.400000,5,5,2.424460,-0.105854,0.105955,0.314866,2.429082,1
144,14.400000,14.400000,6,6,6.524040,-0.170838,-0.284943,0.014774,6.532494,1
144,14.400000,14.400000,7,7,2.463570,-0.064511,-0.064533,0.226882,2.465260,1
144,14.400000,14.400000,8,8,2.446470,-0.064063,-0.021357,0.312481,2.447402,1
144,14.400000,14.400000,9,9,2.438540,-0.063855,0.021288,0.312504,2.439469,1
144,14.400000,14.400000,10,10,2.430880,-0.063655,0.063677,0.314416,2.432547,1
144,14.400000,14.400000,11,11,2.423440,-0.063460,0.105846,0.315189,2.426580,1
144,14.400000,14.400000,12,12,6.525910,-0.056951,-0.284938,0.014774,6.532376,1
144,14.400000,14.400000,13,13,2.462550,-0.021490,-0.064487,0.227046,2.463488,1
144,14.400000,14.400000,14,14,2.445170,-0.021339,-0.021340,0.312742,2.445356,1
144,14.400000,14.400000,15,15,2.437330,-0.021270,0.021271,0.313775,2.437516,1
144,14.400000,14.400000,16,16,2.429860,-0.021205,0.063631,0.314644,2.430786,1
144,14.400000,14.400000,17,17,2.422430,-0.021140,0.105770,0.315417,2.424830,1
144,14.400000,14.400000,18,18,6.525910,0.056951,-0.284938,0.014774,6.532376,1
144,14.400000,14.400000,19,19,2.461530,0.021481,-0.064460,0.227139,2.462468,1
144,14.400000,14.400000,20,20,2.443880,0.021327,-0.021328,0.312908,2.444066,1
144,14.400000,14.400000,21,21,2.436310,0.021261,0.021262,0.313908,2.436496,1
144,14.400000,14.400000,22,22,2.428840,0.021196,0.063604,0.314777,2.429765,1
144,14.400000,14.400000,23,23,2.421410,0.021131,0.105725,0.315550,2.423809,1
144,14.400000,14.400000,24,24,6.524040,0.170838,-0.284943,0.014774,6.532494,1
144,14.400000,14.400000,25,25,2.462190,0.064475,-0.064497,0.226882,2.463878,1
144,14.400000,14.400000,26,26,2.444670,0.064016,-0.021342,0.312481,2.445601,1
144,14.400000,14.400000,27,27,2.436940,0.063813,0.021274,0.313547,2.437868,1
144,14.400000,14.400000,28,28,2.429460,0.063618,0.063639,0.314416,2.431126,1
144,14.400000,14.400000,29,29,2.422020,0.063423,0.105784,0.315189,2.425159,1
144,14.400000,14.400000,30,30,6.520310,0.284683,-0.284954,0.014773,6.532740,1
144,14.400000,14.400000,31,31,2.463240,0.107547,-0.064563,0.226647,2.466432,1
144,14.400000,14.400000,32,32,2.445970,0.106793,-0.021366,0.312124,2.448393,1
144,14.400000,14.400000,33,33,2.438030,0.106447,0.021297,0.312148,2.440446,1
144,14.400000,14.400000,34,34,2.430490,0.106117,0.063705,0.314093,2.433640,1
144,14.400000,14.400000,35,35,2.423030,0.105792,0.105893,0.314866,2.427649,1
145,14.510600,14.510600,0,0,6.486660,-0.283214,-0.283483,0.014830,6.499026,1
145,14.510600,14.510600,1,1,2.299270,-0.100388,-0.060266,0.239329,2.302249,1
145,14.510600,14.510600,2,2,2.285370,-0.099782,-0.019963,0.312114,2.287635,1
145,14.510600,14.510600,3,3,2.277940,-0.099457,0.019898,0.312138,2.280197,1
145,14.510600,14.510600,4,4,2.270530,-0.099134,0.059513,0.314084,2.273472,1
145,14.510600,14.510600,5,5,2.263560,-0.098830,0.098924,0.314859,2.267875,1
145,14.510600,14.510600,6,6,6.490370,-0.169956,-0.283473,0.014830,6.498780,1
145,14.510600,14.510600,7,7,2.297820,-0.060171,-0.060191,0.239626,2.299396,1
145,14.510600,14.510600,8,8,2.284150,-0.059813,-0.019940,0.312470,2.285020,1
145,14.510600,14.510600,9,9,2.276740,-0.059619,0.019876,0.312493,2.277607,1
145,14.510600,14.510600,10,10,2.269590,-0.059431,0.059452,0.314408,2.271146,1
145,14.510600,14.510600,11,11,2.262630,-0.059249,0.098822,0.315182,2.265562,1
145,14.510600,14.510600,12,12,6.492210,-0.056657,-0.283467,0.014831,6.498642,1
145,14.510600,14.510600,13,13,2.296830,-0.020044,-0.060147,0.227006,2.297705,1
145,14.510600,14.510600,14,14,2.282940,-0.019923,-0.019924,0.312732,2.283114,1
145,14.510600,14.510600,15,15,2.275610,-0.019859,0.019860,0.313766,2.275783,1
145,14.510600,14.510600,16,16,2.268620,-0.019798,0.059408,0.314636,2.269484,1
145,14.510600,14.510600,17,17,2.261690,-0.019737,0.098751,0.315410,2.263931,1
145,14.510600,14.510600,18,18,6.492210,0.056657,-0.283467,0.014831,6.498642,1
145,14.510600,14.510600,19,19,2.295880,0.020036,-0.060122,0.227099,2.296755,1
145,14.510600,14.510600,20,20,2.281720,0.019912,-0.019913,0.312898,2.281894,1
145,14.510600,14.510600,21,21,2.274650,0.019851,0.019851,0.313898,2.274823,1
145,14.510600,14.510600,22,22,2.267680,0.019790,0.059383,0.314768,2.268543,1
145,14.510600,14.510600,23,23,2.260740,0.019729,0.098710,0.315542,2.262980,1
145,14.510600,14.510600,24,24,6.490370,0.169956,-0.283473,0.014830,6.498780,1
145,14.510600,14.510600,25,25,2.296390,0.060133,-0.060154,0.226842,2.297965,1
145,14.510600,14.510600,26,26,2.282350,0.059766,-0.019925,0.312470,2.283219,1
145,14.510600,14.510600,27,27,2.275140,0.059577,0.019862,0.313538,2.276007,1
145,14.510600,14.510600,28,28,2.268150,0.059394,0.059414,0.314408,2.269706,1
145,14.510600,14.510600,29,29,2.261200,0.059212,0.098760,0.315182,2.264130,1
145,14.510600,14.510600,30,30,6.486660,0.283214,-0.283483,0.014830,6.499026,1
145,14.510600,14.510600,31,31,2.297360,0.100305,-0.060216,0.226607,2.300337,1
145,14.510600,14.510600,32,32,2.283570,0.099703,-0.019947,0.312113,2.285833,1
145,14.510600,14.510600,33,33,2.276160,0.099379,0.019883,0.312137,2.278415,1
145,14.510600,14.510600,34,34,2.269110,0.099071,0.059475,0.314084,2.272050,1
145,14.510600,14.510600,35,35,2.262140,0.098767,0.098862,0.314859,2.266452,1
146,14.600200,14.600200,0,0,6.431130,-0.280789,-0.281056,0.014924,6.443389,1
146,14.600200,14.600200,1,1,2.177840,-0.095087,-0.057083,0.239267,2.180662,1
146,14.600200,14.600200,2,2,2.165770,-0.094559,-0.018918,0.312096,2.167916,1
146,14.600200,14.600200,3,3,2.158730,-0.094252,0.018857,0.312120,2.160869,1
146,14.600200,14.600200,4,4,2.151680,-0.093944,0.056397,0.314071,2.154468,1
146,14.600200,14.600200,5,5,2.145060,-0.093655,0.093745,0.314847,2.149149,1
146,14.600200,14.600200,6,6,6.434780,-0.168500,-0.281044,0.014924,6.443119,1
146,14.600200,14.600200,7,7,2.176470,-0.056993,-0.057012,0.239564,2.177963,1
146,14.600200,14.600200,8,8,2.164610,-0.056682,-0.018897,0.312453,2.165434,1
146,14.600200,14.600200,9,9,2.157590,-0.056499,0.018835,0.312476,2.158412,1
146,14.600200,14.600200,10,10,2.150770,-0.056320,0.056339,0.314394,2.152245,1
146,14.600200,14.600200,11,11,2.144170,-0.056147,0.093649,0.315170,2.146948,1
146,14.600200,14.600200,12,12,6.436610,-0.056171,-0.281039,0.014925,6.442987,1
146,14.600200,14.600200,13,13,2.175320,-0.018984,-0.056965,0.226940,2.176148,1
146,14.600200,14.600200,14,14,2.163460,-0.018880,-0.018881,0.312715,2.163625,1
146,14.600200,14.600200,15,15,2.156500,-0.018819,0.018820,0.313750,2.156664,1
146,14.600200,14.600200,16,16,2.149870,-0.018762,0.056298,0.314622,2.150689,1
146,14.600200,14.600200,17,17,2.143270,-0.018704,0.093581,0.315398,2.145394,1
146,14.600200,14.600200,18,18,6.436610,0.056171,-0.281039,0.014925,6.442987,1
146,14.600200,14.600200,19,19,2.174420,0.018976,-0.056942,0.227034,2.175248,1
146,14.600200,14.600200,20,20,2.162320,0.018870,-0.018871,0.312881,2.162485,1
146,14.600200,14.600200,21,21,2.155590,0.018811,0.018812,0.313883,2.155754,1
146,14.600200,14.600200,22,22,2.148970,0.018754,0.056275,0.314754,2.149788,1
146,14.600200,14.600200,23,23,2.142370,0.018696,0.093542,0.315530,2.144493,1
146,14.600200,14.600200,24,24,6.434780,0.168500,-0.281044,0.014924,6.443119,1
146,14.600200,14.600200,25,25,2.174830,0.056950,-0.056970,0.226776,2.176321,1
146,14.600200,14.600200,26,26,2.162810,0.056635,-0.018881,0.312453,2.163634,1
146,14.600200,14.600200,27,27,2.155970,0.056456,0.018821,0.313522,2.156791,1
146,14.600200,14.600200,28,28,2.149350,0.056283,0.056302,0.314394,2.150824,1
146,14.600200,14.600200,29,29,2.142740,0.056110,0.093586,0.315170,2.145517,1
146,14.600200,14.600200,30,30,6.431130,0.280789,-0.281056,0.014924,6.443389,1
146,14.600200,14.600200,31,31,2.175760,0.094996,-0.057029,0.226542,2.178579,1
146,14.600200,14.600200,32,32,2.163970,0.094481,-0.018903,0.312096,2.166114,1
146,14.600200,14.600200,33,33,2.156950,0.094174,0.018841,0.312120,2.159087,1
146,14.600200,14.600200,34,34,2.150250,0.093882,0.056360,0.314070,2.153036,1
146,14.600200,14.600200,35,35,2.143640,0.093593,0.093682,0.314847,2.147726,1
147,14.709800,14.709800,0,0,2.267940,-0.099020,-0.099115,0.010559,2.272263,1
147,14.709800,14.709800,1,1,2.049410,-0.089479,-0.053717,0.239158,2.052066,1
147,14.709800,14.709800,2,2,2.038710,-0.089012,-0.017809,0.312066,2.040730,1
147,14.709800,14.709800,3,3,2.032110,-0.088724,0.017751,0.312090,2.034123,1
147,14.709800,14.709800,4,4,2.025400,-0.088431,0.053087,0.314046,2.028024,1
147,14.709800,14.709800,5,5,2.019150,-0.088158,0.088242,0.314825,2.022999,1
147,14.709800,14.709800,6,6,2.261990,-0.059232,-0.098795,0.012950,2.264921,1
147,14.709800,14.709800,7,7,2.048110,-0.053632,-0.053650,0.239455,2.049514,1
147,14.709800,14.709800,8,8,2.037620,-0.053357,-0.017788,0.312423,2.038396,1
147,14.709800,14.709800,9,9,2.031030,-0.053184,0.017731,0.312446,2.031803,1
147,14.709800,14.709800,10,10,2.024550,-0.053015,0.053033,0.314369,2.025938,1
147,14.709800,14.709800,11,11,2.018310,-0.052851,0.088151,0.315148,2.020925,1
147,14.709800,14.709800,12,12,2.262320,-0.019743,-0.098779,0.012952,2.264561,1
147,14.709800,14.709800,13,13,2.046890,-0.017863,-0.053602,0.226824,2.047670,1
147,14.709800,14.709800,14,14,2.036530,-0.017773,-0.017773,0.312684,2.036685,1
147,14.709800,14.709800,15,15,2.029960,-0.017715,0.017716,0.312706,2.030114,1
147,14.709800,14.709800,16,16,2.023690,-0.017661,0.052994,0.314597,2.024461,1
147,14.709800,14.709800,17,17,2.017470,-0.017606,0.088088,0.315376,2.019469,1
147,14.709800,14.709800,18,18,2.263390,0.019752,-0.098825,0.012946,2.265633,1
147,14.709800,14.709800,19,19,2.046050,0.017856,-0.053580,0.226917,2.046829,1
147,14.709800,14.709800,20,20,2.035460,0.017763,-0.017764,0.312850,2.035615,1
147,14.709800,14.709800,21,21,2.029090,0.017708,0.017708,0.313855,2.029245,1
147,14.709800,14.709800,22,22,2.022840,0.017653,0.052972,0.314730,2.023611,1
147,14.709800,14.709800,23,23,2.016620,0.017599,0.088051,0.315508,2.018618,1
147,14.709800,14.709800,24,24,2.263570,0.059274,-0.098863,0.012951,2.266503,1
147,14.709800,14.709800,25,25,2.046360,0.053586,-0.053604,0.226660,2.047763,1
147,14.709800,14.709800,26,26,2.035820,0.053310,-0.017772,0.312423,2.036595,1
147,14.709800,14.709800,27,27,2.029380,0.053141,0.017716,0.313494,2.030153,1
147,14.709800,14.709800,28,28,2.023110,0.052977,0.052995,0.314369,2.024497,1
147,14.709800,14.709800,29,29,2.016890,0.052814,0.088089,0.315148,2.019504,1
147,14.709800,14.709800,30,30,2.263980,0.098847,-0.098942,0.012941,2.268296,1
147,14.709800,14.709800,31,31,2.047320,0.089388,-0.053662,0.239158,2.049973,1
147,14.709800,14.709800,32,32,2.036910,0.088933,-0.017793,0.312066,2.038928,1
147,14.709800,14.709800,33,33,2.030310,0.088645,0.017735,0.312090,2.032322,1
147,14.709800,14.709800,34,34,2.023970,0.088368,0.053050,0.314046,2.026592,1
147,14.709800,14.709800,35,35,2.017730,0.088096,0.088180,0.314825,2.021576,1
148,14.800300,14.800300,0,0,2.126360,-0.092839,-0.092927,0.012778,2.130413,1
148,14.800300,14.800300,1,1,1.960280,-0.085588,-0.051381,0.239051,1.962820,1
148,14.800300,14.800300,2,2,1.950190,-0.085147,-0.017035,0.312036,1.952122,1
148,14.800300,14.800300,3,3,1.943890,-0.084872,0.016980,0.312060,1.945816,1
148,14.800300,14.800300,4,4,1.937400,-0.084589,0.050781,0.314022,1.939910,1
148,14.800300,14.800300,5,5,1.931410,-0.084327,0.084408,0.314804,1.935092,1
148,14.800300,14.800300,6,6,2.125960,-0.055670,-0.092854,0.012788,2.128715,1
148,14.800300,14.800300,7,7,1.959050,-0.051300,-0.051317,0.239348,1.960393,1
148,14.800300,14.800300,8,8,1.949150,-0.051040,-0.017016,0.312393,1.949892,1
148,14.800300,14.800300,9,9,1.942850,-0.050875,0.016961,0.312416,1.943590,1
148,14.800300,14.800300,10,10,1.936590,-0.050712,0.050729,0.314345,1.937918,1
148,14.800300,14.800300,11,11,1.930620,-0.050555,0.084321,0.315127,1.933122,1
148,14.800300,14.800300,12,12,2.126280,-0.018556,-0.092839,0.012790,2.128387,1
148,14.800300,14.800300,13,13,1.957840,-0.017086,-0.051270,0.226710,1.958586,1
148,14.800300,14.800300,14,14,1.948110,-0.017001,-0.017002,0.312655,1.948258,1
148,14.800300,14.800300,15,15,1.941830,-0.016946,0.016947,0.312677,1.941978,1
148,14.800300,14.800300,16,16,1.935780,-0.016893,0.050692,0.314573,1.936517,1
148,14.800300,14.800300,17,17,1.929810,-0.016841,0.084260,0.315354,1.931722,1
148,14.800300,14.800300,18,18,2.127300,0.018565,-0.092883,0.012784,2.129408,1
148,14.800300,14.800300,19,19,1.957030,0.017079,-0.051249,0.226803,1.957775,1
148,14.800300,14.800300,20,20,1.947080,0.016992,-0.016993,0.312821,1.947228,1
148,14.800300,14.800300,21,21,1.940960,0.016939,0.016939,0.313828,1.941108,1
148,14.800300,14.800300,22,22,1.934960,0.016886,0.050671,0.314705,1.935697,1
148,14.800300,14.800300,23,23,1.929000,0.016834,0.084225,0.315487,1.930911,1
148,14.800300,14.800300,24,24,2.127580,0.055712,-0.092924,0.012789,2.130337,1
148,14.800300,14.800300,25,25,1.957260,0.051253,-0.051270,0.226546,1.958602,1
148,14.800300,14.800300,26,26,1.947350,0.050993,-0.017000,0.312393,1.948092,1
148,14.800300,14.800300,27,27,1.941180,0.050831,0.016946,0.313468,1.941919,1
148,14.800300,14.800300,28,28,1.935170,0.050674,0.050692,0.314345,1.936497,1
148,14.800300,14.800300,29,29,1.929180,0.050518,0.084259,0.315126,1.931680,1
148,14.800300,14.800300,30,30,2.127960,0.092909,-0.092997,0.012779,2.132016,1
148,14.800300,14.800300,31,31,1.958190,0.085497,-0.051326,0.239051,1.960727,1
148,14.800300,14.800300,32,32,1.948390,0.085068,-0.017019,0.312036,1.950320,1
148,14.800300,14.800300,33,33,1.942090,0.084793,0.016965,0.312060,1.944014,1
148,14.800300,14.800300,34,34,1.935980,0.084527,0.050744,0.314022,1.938489,1
148,14.800300,14.800300,35,35,1.929990,0.084265,0.084346,0.314803,1.933669,1
149,14.900500,14.900500,0,0,2.020400,-0.088213,-0.088297,0.012587,2.024251,1
149,14.900500,14.900500,1,1,1.882650,-0.082199,-0.049346,0.238926,1.885090,1
149,14.900500,14.900500,2,2,1.872710,-0.081764,-0.016359,0.312001,1.874565,1
149,14.900500,14.900500,3,3,1.866670,-0.081501,0.016306,0.312025,1.868520,1
149,14.900500,14.900500,4,4,1.860400,-0.081226,0.048762,0.313993,1.862811,1
149,14.900500,14.900500,5,5,1.854620,-0.080974,0.081051,0.314778,1.858155,1
149,14.900500,14.900500,6,6,2.020040,-0.052896,-0.088227,0.012597,2.022658,1
149,14.900500,14.900500,7,7,1.881460,-0.049268,-0.049285,0.239223,1.882750,1
149,14.900500,14.900500,8,8,1.871720,-0.049013,-0.016340,0.312358,1.872433,1
149,14.900500,14.900500,9,9,1.865680,-0.048855,0.016287,0.312381,1.866391,1
149,14.900500,14.900500,10,10,1.859600,-0.048696,0.048712,0.314316,1.860875,1
149,14.900500,14.900500,11,11,1.853840,-0.048545,0.080968,0.315101,1.856242,1
149,14.900500,14.900500,12,12,2.020340,-0.017631,-0.088213,0.012599,2.022342,1
149,14.900500,14.900500,13,13,1.880330,-0.016409,-0.049240,0.226576,1.881046,1
149,14.900500,14.900500,14,14,1.870710,-0.016325,-0.016326,0.312619,1.870852,1
149,14.900500,14.900500,15,15,1.864710,-0.016273,0.016274,0.312642,1.864852,1
149,14.900500,14.900500,16,16,1.858820,-0.016222,0.048677,0.314544,1.859528,1
149,14.900500,14.900500,17,17,1.853070,-0.016172,0.080910,0.315329,1.854906,1
149,14.900500,14.900500,18,18,2.021320,0.017640,-0.088256,0.012593,2.023323,1
149,14.900500,14.900500,19,19,1.879550,0.016403,-0.049220,0.226669,1.880266,1
149,14.900500,14.900500,20,20,1.869720,0.016317,-0.016317,0.312785,1.869862,1
149,14.900500,14.900500,21,21,1.863820,0.016265,0.016266,0.313796,1.863962,1
149,14.900500,14.900500,22,22,1.858050,0.016215,0.048657,0.314677,1.858758,1
149,14.900500,14.900500,23,23,1.852290,0.016165,0.080876,0.315462,1.854125,1
149,14.900500,14.900500,24,24,2.021670,0.052939,-0.088298,0.012599,2.024290,1
149,14.900500,14.900500,25,25,1.879720,0.049222,-0.049239,0.226412,1.881009,1
149,14.900500,14.900500,26,26,1.869920,0.048965,-0.016324,0.312358,1.870632,1
149,14.900500,14.900500,27,27,1.863970,0.048810,0.016272,0.313436,1.864680,1
149,14.900500,14.900500,28,28,1.858180,0.048658,0.048675,0.314316,1.859454,1
149,14.900500,14.900500,29,29,1.852430,0.048507,0.080906,0.315101,1.854830,1
149,14.900500,14.900500,30,30,2.022040,0.088284,-0.088368,0.012589,2.025894,1
149,14.900500,14.900500,31,31,1.880560,0.082107,-0.049291,0.238926,1.882997,1
149,14.900500,14.900500,32,32,1.870910,0.081686,-0.016343,0.312001,1.872764,1
149,14.900500,14.900500,33,33,1.864890,0.081423,0.016290,0.312025,1.866738,1
149,14.900500,14.900500,34,34,1.858960,0.081164,0.048725,0.313993,1.861369,1
149,14.900500,14.900500,35,35,1.853190,0.080912,0.080989,0.314778,1.856723,1
150,15.000800,15.000800,0,0,1.948640,-0.085080,-0.085161,0.012419,1.952355,1
150,15.000800,15.000800,1,1,1.825440,-0.079700,-0.047846,0.238815,1.827805,1
150,15.000800,15.000800,2,2,1.815420,-0.079263,-0.015858,0.311970,1.817219,1
150,15.000800,15.000800,3,3,1.809590,-0.079008,0.015807,0.311994,1.811383,1
150,15.000800,15.000800,4,4,1.803430,-0.078740,0.047270,0.313968,1.805767,1
150,15.000800,15.000800,5,5,1.797820,-0.078494,0.078569,0.314756,1.801247,1
150,15.000800,15.000800,6,6,1.948290,-0.051018,-0.085093,0.012429,1.950815,1
150,15.000800,15.000800,7,7,1.824280,-0.047770,-0.047787,0.239112,1.825531,1
150,15.000800,15.000800,8,8,1.814440,-0.047513,-0.015840,0.312327,1.815131,1
150,15.000800,15.000800,9,9,1.808630,-0.047361,0.015789,0.312350,1.809319,1
150,15.000800,15.000800,10,10,1.802670,-0.047205,0.047221,0.314291,1.803906,1
150,15.000800,15.000800,11,11,1.797070,-0.047058,0.078489,0.315079,1.799399,1
150,15.000800,15.000800,12,12,1.948580,-0.017005,-0.085080,0.012431,1.950511,1
150,15.000800,15.000800,13,13,1.823220,-0.015911,-0.047745,0.226458,1.823914,1
150,15.000800,15.000800,14,14,1.813480,-0.015826,-0.015827,0.312588,1.813618,1
150,15.000800,15.000800,15,15,1.807660,-0.015775,0.015776,0.312611,1.807798,1
150,15.000800,15.000800,16,16,1.801910,-0.015725,0.047187,0.314519,1.802596,1
150,15.000800,15.000800,17,17,1.796320,-0.015676,0.078432,0.315307,1.798100,1
150,15.000800,15.000800,18,18,1.949540,0.017013,-0.085122,0.012425,1.951472,1
150,15.000800,15.000800,19,19,1.822470,0.015904,-0.047725,0.226551,1.823164,1
150,15.000800,15.000800,20,20,1.812520,0.015818,-0.015818,0.312754,1.812658,1
150,15.000800,15.000800,21,21,1.806780,0.015767,0.015768,0.313768,1.806918,1
150,15.000800,15.000800,22,22,1.801160,0.015718,0.047167,0.314652,1.801846,1
150,15.000800,15.000800,23,23,1.795560,0.015670,0.078399,0.315439,1.797339,1
150,15.000800,15.000800,24,24,1.949940,0.051061,-0.085165,0.012430,1.952467,1
150,15.000800,15.000800,25,25,1.822600,0.047726,-0.047743,0.226294,1.823850,1
150,15.000800,15.000800,26,26,1.812640,0.047466,-0.015824,0.312327,1.813330,1
150,15.000800,15.000800,27,27,1.806870,0.047315,0.015774,0.313407,1.807558,1
150,15.000800,15.000800,28,28,1.801240,0.047167,0.047183,0.314291,1.802475,1
150,15.000800,15.000800,29,29,1.795650,0.047021,0.078427,0.315079,1.797977,1
150,15.000800,15.000800,30,30,1.950310,0.085152,-0.085233,0.012420,1.954028,1
150,15.000800,15.000800,31,31,1.823380,0.079610,-0.047792,0.226059,1.825743,1
150,15.000800,15.000800,32,32,1.813620,0.079184,-0.015842,0.311970,1.815417,1
150,15.000800,15.000800,33,33,1.807790,0.078930,0.015791,0.311994,1.809581,1
150,15.000800,15.000800,34,34,1.802000,0.078677,0.047232,0.313968,1.804335,1
150,15.000800,15.000800,35,35,1.796400,0.078432,0.078507,0.314756,1.799824,1
151,15.100100,15.100100,0,0,1.904760,-0.083164,-0.083243,0.012299,1.908391,1
151,15.100100,15.100100,1,1,1.788870,-0.078104,-0.046888,0.238736,1.791188,1
151,15.100100,15.100100,2,2,1.778740,-0.077662,-0.015538,0.311948,1.780502,1
151,15.100100,15.100100,3,3,1.773050,-0.077413,0.015488,0.311972,1.774807,1
151,15.100100,15.100100,4,4,1.766990,-0.077148,0.046314,0.313950,1.769280,1
151,15.100100,15.100100,5,5,1.761470,-0.076908,0.076981,0.314740,1.764828,1
151,15.100100,15.100100,6,6,1.904400,-0.049868,-0.083176,0.012309,1.906868,1
151,15.100100,15.100100,7,7,1.787730,-0.046813,-0.046830,0.239033,1.788956,1
151,15.100100,15.100100,8,8,1.777800,-0.046553,-0.015520,0.312305,1.778477,1
151,15.100100,15.100100,9,9,1.772110,-0.046404,0.015470,0.312328,1.772785,1
151,15.100100,15.100100,10,10,1.766240,-0.046250,0.046266,0.314273,1.767451,1
151,15.100100,15.100100,11,11,1.760740,-0.046106,0.076902,0.315063,1.763022,1
151,15.100100,15.100100,12,12,1.904690,-0.016622,-0.083164,0.012311,1.906577,1
151,15.100100,15.100100,13,13,1.786740,-0.015593,-0.046789,0.226373,1.787421,1
151,15.100100,15.100100,14,14,1.776850,-0.015506,-0.015507,0.312566,1.776985,1
151,15.100100,15.100100,15,15,1.771180,-0.015457,0.015457,0.312588,1.771315,1
151,15.100100,15.100100,16,16,1.765490,-0.015407,0.046233,0.314501,1.766163,1
151,15.100100,15.100100,17,17,1.760000,-0.015359,0.076846,0.315291,1.761744,1
151,15.100100,15.100100,18,18,1.905630,0.016630,-0.083205,0.012305,1.907518,1
151,15.100100,15.100100,19,19,1.786010,0.015586,-0.046770,0.226467,1.786690,1
151,15.100100,15.100100,20,20,1.775910,0.015498,-0.015499,0.312732,1.776045,1
151,15.100100,15.100100,21,21,1.770280,0.015449,0.015449,0.313748,1.770415,1
151,15.100100,15.100100,22,22,1.764760,0.015401,0.046214,0.314634,1.765432,1
151,15.100100,15.100100,23,23,1.759260,0.015353,0.076814,0.315423,1.761003,1
151,15.100100,15.100100,24,24,1.906080,0.049912,-0.083249,0.012310,1.908550,1
151,15.100100,15.100100,25,25,1.786100,0.046771,-0.046787,0.226210,1.787325,1
151,15.100100,15.100100,26,26,1.776000,0.046506,-0.015504,0.312305,1.776676,1
151,15.100100,15.100100,27,27,1.770340,0.046358,0.015455,0.313387,1.771014,1
151,15.100100,15.100100,28,28,1.764800,0.046213,0.046229,0.314273,1.766010,1
151,15.100100,15.100100,29,29,1.759320,0.046069,0.076840,0.315063,1.761600,1
151,15.100100,15.100100,30,30,1.906430,0.083237,-0.083316,0.012301,1.910064,1
151,15.100100,15.100100,31,31,1.786860,0.078016,-0.046835,0.225975,1.789175,1
151,15.100100,15.100100,32,32,1.776940,0.077583,-0.015522,0.311948,1.778701,1
151,15.100100,15.100100,33,33,1.771250,0.077335,0.015472,0.311972,1.773005,1
151,15.100100,15.100100,34,34,1.765550,0.077086,0.046277,0.313950,1.767838,1
151,15.100100,15.100100,35,35,1.760050,0.076845,0.076918,0.314740,1.763405,1
152,15.200500,15.200500,0,0,1.872850,-0.081771,-0.081849,0.012242,1.876420,1
152,15.200500,15.200500,1,1,1.766990,-0.077148,-0.046314,0.238698,1.769280,1
152,15.200500,15.200500,2,2,1.756940,-0.076710,-0.015347,0.311937,1.758681,1
152,15.200500,15.200500,3,3,1.751330,-0.076465,0.015298,0.311962,1.753065,1
152,15.200500,15.200500,4,4,1.745320,-0.076202,0.045746,0.313941,1.747581,1
152,15.200500,15.200500,5,5,1.739870,-0.075964,0.076036,0.314732,1.743187,1
152,15.200500,15.200500,6,6,1.872500,-0.049033,-0.081783,0.012252,1.874926,1
152,15.200500,15.200500,7,7,1.765870,-0.046241,-0.046257,0.238995,1.767081,1
152,15.200500,15.200500,8,8,1.756010,-0.045983,-0.015330,0.312294,1.756679,1
152,15.200500,15.200500,9,9,1.750400,-0.045836,0.015281,0.312317,1.751067,1
152,15.200500,15.200500,10,10,1.744590,-0.045683,0.045699,0.314264,1.745786,1
152,15.200500,15.200500,11,11,1.739140,-0.045541,0.075958,0.315055,1.741394,1
152,15.200500,15.200500,12,12,1.872790,-0.016344,-0.081771,0.012254,1.874645,1
152,15.200500,15.200500,13,13,1.764880,-0.015402,-0.046217,0.226333,1.765552,1
152,15.200500,15.200500,14,14,1.755080,-0.015316,-0.015317,0.312556,1.755214,1
152,15.200500,15.200500,15,15,1.749470,-0.015267,0.015268,0.312578,1.749603,1
152,15.200500,15.200500,16,16,1.743850,-0.015218,0.045666,0.314492,1.744514,1
152,15.200500,15.200500,17,17,1.738410,-0.015171,0.075904,0.315283,1.740132,1
152,15.200500,15.200500,18,18,1.873720,0.016352,-0.081812,0.012248,1.875576,1
152,15.200500,15.200500,19,19,1.764160,0.015396,-0.046198,0.226426,1.764832,1
152,15.200500,15.200500,20,20,1.754150,0.015308,-0.015309,0.312722,1.754284,1
152,15.200500,15.200500,21,21,1.748570,0.015260,0.015260,0.313738,1.748703,1
152,15.200500,15.200500,22,22,1.743110,0.015212,0.045647,0.314625,1.743774,1
152,15.200500,15.200500,23,23,1.737690,0.015165,0.075872,0.315416,1.739412,1
152,15.200500,15.200500,24,24,1.874180,0.049077,-0.081857,0.012253,1.876608,1
152,15.200500,15.200500,25,25,1.764220,0.046198,-0.046214,0.226169,1.765430,1
152,15.200500,15.200500,26,26,1.754210,0.045936,-0.015314,0.312294,1.754878,1
152,15.200500,15.200500,27,27,1.748610,0.045789,0.015265,0.313378,1.749276,1
152,15.200500,15.200500,28,28,1.743150,0.045646,0.045662,0.314264,1.744345,1
152,15.200500,15.200500,29,29,1.737720,0.045504,0.075896,0.315055,1.739972,1
152,15.200500,15.200500,30,30,1.874550,0.081844,-0.081922,0.012244,1.878123,1
152,15.200500,15.200500,31,31,1.764990,0.077061,-0.046262,0.225935,1.767277,1
152,15.200500,15.200500,32,32,1.755140,0.076632,-0.015332,0.311937,1.756879,1
152,15.200500,15.200500,33,33,1.749530,0.076386,0.015282,0.311962,1.751263,1
152,15.200500,15.200500,34,34,1.743880,0.076140,0.045709,0.313941,1.746140,1
152,15.200500,15.200500,35,35,1.738440,0.075902,0.075974,0.314732,1.741754,1
153,15.300600,15.300600,0,0,1.845720,-0.080586,-0.080662,0.012259,1.849239,1
153,15.300600,15.300600,1,1,1.757790,-0.076747,-0.046073,0.238709,1.760068,1
153,15.300600,15.300600,2,2,1.748160,-0.076326,-0.015271,0.311941,1.749892,1
153,15.300600,15.300600,3,3,1.742560,-0.076082,0.015222,0.311965,1.744287,1
153,15.300600,15.300600,4,4,1.736590,-0.075821,0.045517,0.313944,1.738840,1
153,15.300600,15.300600,5,5,1.731170,-0.075584,0.075656,0.314735,1.734470,1
153,15.300600,15.300600,6,6,1.845370,-0.048323,-0.080598,0.012269,1.847761,1
153,15.300600,15.300600,7,7,1.756680,-0.046000,-0.046016,0.239006,1.757885,1
153,15.300600,15.300600,8,8,1.747230,-0.045753,-0.015253,0.312297,1.747896,1
153,15.300600,15.300600,9,9,1.741650,-0.045607,0.015204,0.312320,1.742313,1
153,15.300600,15.300600,10,10,1.735850,-0.045455,0.045470,0.314267,1.737040,1
153,15.300600,15.300600,11,11,1.730440,-0.045313,0.075579,0.315058,1.732682,1
153,15.300600,15.300600,12,12,1.845640,-0.016107,-0.080586,0.012271,1.847469,1
153,15.300600,15.300600,13,13,1.755640,-0.015321,-0.045975,0.226345,1.756309,1
153,15.300600,15.300600,14,14,1.746300,-0.015240,-0.015240,0.312559,1.746433,1
153,15.300600,15.300600,15,15,1.740720,-0.015191,0.015192,0.312581,1.740853,1
153,15.300600,15.300600,16,16,1.735120,-0.015142,0.045438,0.314495,1.735781,1
153,15.300600,15.300600,17,17,1.729720,-0.015095,0.075524,0.315285,1.731434,1
153,15.300600,15.300600,18,18,1.846570,0.016115,-0.080626,0.012265,1.848400,1
153,15.300600,15.300600,19,19,1.754920,0.015315,-0.045956,0.226438,1.755588,1
153,15.300600,15.300600,20,20,1.745370,0.015232,-0.015232,0.312725,1.745503,1
153,15.300600,15.300600,21,21,1.739820,0.015183,0.015184,0.313741,1.739953,1
153,15.300600,15.300600,22,22,1.734390,0.015136,0.045418,0.314627,1.735051,1
153,15.300600,15.300600,23,23,1.728990,0.015089,0.075492,0.315418,1.730703,1
153,15.300600,15.300600,24,24,1.847050,0.048367,-0.080671,0.012270,1.849443,1
153,15.300600,15.300600,25,25,1.754980,0.045956,-0.045972,0.226181,1.756183,1
153,15.300600,15.300600,26,26,1.745430,0.045706,-0.015237,0.312297,1.746095,1
153,15.300600,15.300600,27,27,1.739860,0.045560,0.015189,0.313381,1.740523,1
153,15.300600,15.300600,28,28,1.734420,0.045418,0.045433,0.314267,1.735609,1
153,15.300600,15.300600,29,29,1.729020,0.045276,0.075517,0.315057,1.731260,1
153,15.300600,15.300600,30,30,1.847400,0.080659,-0.080736,0.012260,1.850922,1
153,15.300600,15.300600,31,31,1.755730,0.076657,-0.046019,0.225947,1.758005,1
153,15.300600,15.300600,32,32,1.746360,0.076248,-0.015255,0.311940,1.748090,1
153,15.300600,15.300600,33,33,1.740760,0.076004,0.015206,0.311965,1.742485,1
153,15.300600,15.300600,34,34,1.735150,0.075759,0.045480,0.313944,1.737399,1
153,15.300600,15.300600,35,35,1.729740,0.075522,0.075594,0.314734,1.733037,1
